10013,Audi,100,1993,6,Premium,17,22,19,467.7368421,17.34789474,2.8,Front-Wheel Drive,Automatic 4-spd
10014,Audi,100,1993,6,Premium,17,24,19,467.7368421,17.34789474,2.8,Front-Wheel Drive,Manual 5-spd
10138,Audi,100 quattro Wagon,1993,6,Premium,16,20,18,493.7222222,18.31166667,2.8,4-Wheel or All-Wheel Drive,Automatic 4-spd
10653,Audi,Cabriolet,1994,6,Premium,16,24,19,467.7368421,17.34789474,2.8,Front-Wheel Drive,Automatic 4-spd
10679,Audi,90 quattro,1994,6,Premium,17,22,19,467.7368421,17.34789474,2.8,4-Wheel or All-Wheel Drive,Manual 5-spd
10851,Audi,S4,1994,5,Regular,16,22,18,493.7222222,18.31166667,2.2,4-Wheel or All-Wheel Drive,Manual 5-spd
10852,Audi,V8,1994,8,Premium,13,18,15,592.4666667,21.974,4.2,4-Wheel or All-Wheel Drive,Automatic 4-spd
10853,Audi,100,1994,6,Premium,16,22,18,493.7222222,18.31166667,2.8,Front-Wheel Drive,Automatic 4-spd
10854,Audi,100,1994,6,Premium,17,22,19,467.7368421,17.34789474,2.8,Front-Wheel Drive,Manual 5-spd
10855,Audi,100 quattro,1994,6,Regular,16,21,18,493.7222222,18.31166667,2.8,4-Wheel or All-Wheel Drive,Automatic 4-spd
10856,Audi,100 quattro,1994,6,Regular,16,22,18,493.7222222,18.31166667,2.8,4-Wheel or All-Wheel Drive,Manual 5-spd
10857,Audi,90,1994,6,Premium,16,24,19,467.7368421,17.34789474,2.8,Front-Wheel Drive,Automatic 4-spd
10858,Audi,90,1994,6,Premium,18,24,20,444.35,16.4805,2.8,Front-Wheel Drive,Manual 5-spd
11097,Audi,100 quattro Wagon,1994,6,Regular,16,21,18,493.7222222,18.31166667,2.8,4-Wheel or All-Wheel Drive,Automatic 4-spd
11098,Audi,100 Wagon,1994,6,Regular,16,21,18,493.7222222,18.31166667,2.8,Front-Wheel Drive,Automatic 4-spd
11615,Audi,Cabriolet,1995,6,Premium,16,24,19,467.7368421,17.34789474,2.8,Front-Wheel Drive,Automatic 4-spd
11616,Audi,Cabriolet,1995,6,Premium,17,24,19,467.7368421,17.34789474,2.8,Front-Wheel Drive,Automatic 4-spd
11792,Audi,A6,1995,6,Regular,17,22,19,467.7368421,17.34789474,2.8,Front-Wheel Drive,Automatic 4-spd
11793,Audi,A6,1995,6,Premium,17,23,19,467.7368421,17.34789474,2.8,Front-Wheel Drive,Manual 5-spd
11794,Audi,A6 quattro,1995,6,Regular,16,20,18,493.7222222,18.31166667,2.8,4-Wheel or All-Wheel Drive,Automatic 4-spd
11795,Audi,A6 quattro,1995,6,Regular,16,22,18,493.7222222,18.31166667,2.8,4-Wheel or All-Wheel Drive,Manual 5-spd
11796,Audi,S6,1995,5,Premium,16,22,18,493.7222222,18.31166667,2.2,4-Wheel or All-Wheel Drive,Manual 5-spd
11797,Audi,90,1995,6,Premium,16,24,19,467.7368421,17.34789474,2.8,Front-Wheel Drive,Automatic 4-spd
11798,Audi,90,1995,6,Premium,17,24,20,444.35,16.4805,2.8,Front-Wheel Drive,Automatic 4-spd
11799,Audi,90,1995,6,Premium,17,24,19,467.7368421,17.34789474,2.8,Front-Wheel Drive,Manual 5-spd
11800,Audi,90 quattro,1995,6,Premium,17,23,19,467.7368421,17.34789474,2.8,4-Wheel or All-Wheel Drive,Manual 5-spd
1181,Audi,4000s quattro,1985,5,Regular,16,20,18,493.7222222,18.31166667,2.2,4-Wheel or All-Wheel Drive,Manual 5-spd
12074,Audi,A6 quattro Wagon,1995,6,Regular,16,20,18,493.7222222,18.31166667,2.8,4-Wheel or All-Wheel Drive,Automatic 4-spd
12075,Audi,A6 Wagon,1995,6,Regular,17,22,19,467.7368421,17.34789474,2.8,Front-Wheel Drive,Automatic 4-spd
12076,Audi,S6 Wagon,1995,5,Premium,16,22,18,493.7222222,18.31166667,2.2,4-Wheel or All-Wheel Drive,Manual 5-spd
12534,Audi,Cabriolet,1996,6,Premium,17,22,19,467.7368421,17.34789474,2.8,Front-Wheel Drive,Automatic 4-spd
12675,Audi,A4,1996,6,Premium,16,26,19,467.7368421,17.34789474,2.8,Front-Wheel Drive,Automatic 5-spd
12676,Audi,A4,1996,6,Premium,17,25,20,444.35,16.4805,2.8,Front-Wheel Drive,Manual 5-spd
12677,Audi,A4 quattro,1996,6,Premium,16,25,19,467.7368421,17.34789474,2.8,4-Wheel or All-Wheel Drive,Automatic 5-spd
12678,Audi,A4 quattro,1996,6,Premium,17,24,20,444.35,16.4805,2.8,4-Wheel or All-Wheel Drive,Manual 5-spd
12679,Audi,A6,1996,6,Premium,17,23,19,467.7368421,17.34789474,2.8,Front-Wheel Drive,Automatic 4-spd
12680,Audi,A6 quattro,1996,6,Premium,17,22,19,467.7368421,17.34789474,2.8,4-Wheel or All-Wheel Drive,Automatic 4-spd
12900,Audi,A6 quattro Wagon,1996,6,Premium,17,22,19,467.7368421,17.34789474,2.8,4-Wheel or All-Wheel Drive,Automatic 4-spd
12901,Audi,A6 Wagon,1996,6,Premium,17,23,19,467.7368421,17.34789474,2.8,Front-Wheel Drive,Automatic 4-spd
1327,Audi,5000S,1985,5,Regular,15,19,17,522.7647059,19.38882353,2.1,Front-Wheel Drive,Automatic 3-spd
13281,Audi,Cabriolet,1997,6,Premium,17,22,19,467.7368421,17.34789474,2.8,Front-Wheel Drive,Automatic 4-spd
13423,Audi,A4,1997,4,Premium,18,27,21,423.1904762,15.69571429,1.8,Front-Wheel Drive,Automatic 5-spd
13424,Audi,A4,1997,6,Premium,16,26,19,467.7368421,17.34789474,2.8,Front-Wheel Drive,Automatic 5-spd
13425,Audi,A4,1997,6,Premium,17,25,20,444.35,16.4805,2.8,Front-Wheel Drive,Manual 5-spd
13426,Audi,A4 quattro,1997,4,Premium,18,27,21,423.1904762,15.69571429,1.8,4-Wheel or All-Wheel Drive,Automatic 5-spd
13427,Audi,A4 quattro,1997,6,Premium,16,25,19,467.7368421,17.34789474,2.8,4-Wheel or All-Wheel Drive,Automatic 5-spd
13428,Audi,A4 quattro,1997,6,Premium,17,24,19,467.7368421,17.34789474,2.8,4-Wheel or All-Wheel Drive,Manual 5-spd
13429,Audi,A6,1997,6,Premium,17,23,19,467.7368421,17.34789474,2.8,Front-Wheel Drive,Automatic 4-spd
13430,Audi,A6 quattro,1997,6,Premium,17,22,19,467.7368421,17.34789474,2.8,4-Wheel or All-Wheel Drive,Automatic 4-spd
13538,Audi,A8,1997,8,Premium,15,24,18,493.7222222,18.31166667,3.7,Front-Wheel Drive,Automatic 5-spd
13539,Audi,A8,1997,8,Premium,15,23,18,493.7222222,18.31166667,4.2,4-Wheel or All-Wheel Drive,Automatic 5-spd
13654,Audi,A6 quattro Wagon,1997,6,Premium,17,22,19,467.7368421,17.34789474,2.8,4-Wheel or All-Wheel Drive,Automatic 4-spd
13655,Audi,A6 Wagon,1997,6,Premium,17,23,19,467.7368421,17.34789474,2.8,Front-Wheel Drive,Automatic 4-spd
14012,Audi,Cabriolet,1998,6,Premium,17,22,19,467.7368421,17.34789474,2.8,Front-Wheel Drive,Automatic 4-spd
14165,Audi,A4,1998,4,Premium,18,29,22,403.9545455,14.98227273,1.8,Front-Wheel Drive,Automatic 5-spd
14166,Audi,A4,1998,4,Premium,20,29,23,386.3913043,14.33086957,1.8,Front-Wheel Drive,Manual 5-spd
14167,Audi,A4,1998,6,Premium,16,27,20,444.35,16.4805,2.8,Front-Wheel Drive,Automatic 5-spd
14168,Audi,A4,1998,6,Premium,18,27,21,423.1904762,15.69571429,2.8,Front-Wheel Drive,Manual 5-spd
14169,Audi,A4 quattro,1998,4,Premium,17,25,20,444.35,16.4805,1.8,4-Wheel or All-Wheel Drive,Automatic 5-spd
14170,Audi,A4 quattro,1998,4,Premium,19,27,22,403.9545455,14.98227273,1.8,4-Wheel or All-Wheel Drive,Manual 5-spd
14171,Audi,A4 quattro,1998,6,Premium,16,25,19,467.7368421,17.34789474,2.8,4-Wheel or All-Wheel Drive,Automatic 5-spd
14172,Audi,A4 quattro,1998,6,Premium,17,25,20,444.35,16.4805,2.8,4-Wheel or All-Wheel Drive,Manual 5-spd
14279,Audi,A6,1998,6,Premium,16,25,19,467.7368421,17.34789474,2.8,Front-Wheel Drive,Automatic 5-spd
14280,Audi,A6 quattro,1998,6,Premium,15,24,18,493.7222222,18.31166667,2.8,4-Wheel or All-Wheel Drive,Automatic 5-spd
14281,Audi,A8,1998,8,Premium,15,24,18,493.7222222,18.31166667,3.7,Front-Wheel Drive,Automatic 5-spd
14282,Audi,A8,1998,8,Premium,15,23,18,493.7222222,18.31166667,4.2,4-Wheel or All-Wheel Drive,Automatic 5-spd
14407,Audi,A4 Avant,1998,6,Premium,16,27,20,444.35,16.4805,2.8,Front-Wheel Drive,Automatic 5-spd
14408,Audi,A4 Avant quattro,1998,6,Premium,16,25,19,467.7368421,17.34789474,2.8,4-Wheel or All-Wheel Drive,Automatic 5-spd
14409,Audi,A4 Avant quattro,1998,6,Premium,17,25,20,444.35,16.4805,2.8,4-Wheel or All-Wheel Drive,Manual 5-spd
14410,Audi,A6 Wagon quattro,1998,6,Premium,17,22,19,467.7368421,17.34789474,2.8,4-Wheel or All-Wheel Drive,Automatic 4-spd
14944,Audi,A4,1999,4,Premium,18,28,22,403.9545455,14.98227273,1.8,Front-Wheel Drive,Automatic 5-spd
14945,Audi,A4,1999,4,Premium,20,29,24,370.2916667,13.73375,1.8,Front-Wheel Drive,Manual 5-spd
14946,Audi,A4,1999,6,Premium,16,27,20,444.35,16.4805,2.8,Front-Wheel Drive,Automatic 5-spd
14947,Audi,A4,1999,6,Premium,18,26,21,423.1904762,15.69571429,2.8,Front-Wheel Drive,Manual 5-spd
14948,Audi,A4 quattro,1999,4,Premium,16,25,19,467.7368421,17.34789474,1.8,4-Wheel or All-Wheel Drive,Automatic 5-spd
14949,Audi,A4 quattro,1999,4,Premium,19,26,22,403.9545455,14.98227273,1.8,4-Wheel or All-Wheel Drive,Manual 5-spd
14950,Audi,A4 quattro,1999,6,Premium,16,25,19,467.7368421,17.34789474,2.8,4-Wheel or All-Wheel Drive,Automatic 5-spd
14951,Audi,A4 quattro,1999,6,Premium,17,25,20,444.35,16.4805,2.8,4-Wheel or All-Wheel Drive,Manual 5-spd
15071,Audi,A6,1999,6,Premium,16,25,19,467.7368421,17.34789474,2.8,Front-Wheel Drive,Automatic 5-spd
15072,Audi,A6 quattro,1999,6,Premium,15,24,18,493.7222222,18.31166667,2.8,4-Wheel or All-Wheel Drive,Automatic 5-spd
15073,Audi,A8,1999,8,Premium,15,24,18,493.7222222,18.31166667,3.7,Front-Wheel Drive,Automatic 5-spd
15074,Audi,A8 quattro,1999,8,Premium,15,23,18,493.7222222,18.31166667,4.2,4-Wheel or All-Wheel Drive,Automatic 5-spd
15204,Audi,A4 Avant quattro,1999,4,Premium,16,25,19,467.7368421,17.34789474,1.8,4-Wheel or All-Wheel Drive,Automatic 5-spd
15205,Audi,A4 Avant quattro,1999,4,Premium,19,26,22,403.9545455,14.98227273,1.8,4-Wheel or All-Wheel Drive,Manual 5-spd
15206,Audi,A4 Avant quattro,1999,6,Premium,16,25,19,467.7368421,17.34789474,2.8,4-Wheel or All-Wheel Drive,Automatic 5-spd
15207,Audi,A4 Avant quattro,1999,6,Premium,17,25,20,444.35,16.4805,2.8,4-Wheel or All-Wheel Drive,Manual 5-spd
15227,Audi,A6 Avant quattro,1999,6,Premium,15,24,18,493.7222222,18.31166667,2.8,4-Wheel or All-Wheel Drive,Automatic 5-spd
15626,Audi,TT Coupe,2000,4,Premium,19,29,23,386.3913043,14.33086957,1.8,Front-Wheel Drive,Manual 5-spd
15627,Audi,TT Coupe quattro,2000,4,Premium,18,26,21,423.1904762,15.69571429,1.8,4-Wheel or All-Wheel Drive,Manual 5-spd
15742,Audi,A4,2000,4,Premium,18,28,21,423.1904762,15.69571429,1.8,Front-Wheel Drive,Automatic 5-spd
15743,Audi,A4,2000,4,Premium,21,29,24,370.2916667,13.73375,1.8,Front-Wheel Drive,Manual 5-spd
15744,Audi,A4,2000,6,Premium,16,24,19,467.7368421,17.34789474,2.8,Front-Wheel Drive,Automatic 5-spd
15745,Audi,A4,2000,6,Premium,18,26,21,423.1904762,15.69571429,2.8,Front-Wheel Drive,Manual 5-spd
15746,Audi,A4 quattro,2000,4,Premium,17,26,20,444.35,16.4805,1.8,4-Wheel or All-Wheel Drive,Automatic 5-spd
15747,Audi,A4 quattro,2000,4,Premium,19,26,22,403.9545455,14.98227273,1.8,4-Wheel or All-Wheel Drive,Manual 5-spd
15748,Audi,A4 quattro,2000,6,Premium,16,23,18,493.7222222,18.31166667,2.8,4-Wheel or All-Wheel Drive,Automatic 5-spd
15749,Audi,A4 quattro,2000,6,Premium,16,23,19,467.7368421,17.34789474,2.8,4-Wheel or All-Wheel Drive,Manual 5-spd
15750,Audi,S4,2000,6,Premium,15,22,18,493.7222222,18.31166667,2.7,4-Wheel or All-Wheel Drive,Automatic 5-spd
15751,Audi,S4,2000,6,Premium,15,22,18,493.7222222,18.31166667,2.7,4-Wheel or All-Wheel Drive,Manual 6-spd
15873,Audi,A6,2000,6,Premium,16,24,18,493.7222222,18.31166667,2.8,Front-Wheel Drive,Automatic 5-spd
15874,Audi,A6 quattro,2000,6,Premium,15,22,18,493.7222222,18.31166667,2.7,4-Wheel or All-Wheel Drive,Automatic 5-spd
15875,Audi,A6 quattro,2000,6,Premium,15,22,18,493.7222222,18.31166667,2.7,4-Wheel or All-Wheel Drive,Manual 6-spd
15876,Audi,A6 quattro,2000,6,Premium,15,22,18,493.7222222,18.31166667,2.8,4-Wheel or All-Wheel Drive,Automatic 5-spd
15877,Audi,A6 quattro,2000,6,Premium,16,22,18,493.7222222,18.31166667,2.8,4-Wheel or All-Wheel Drive,Manual 5-spd
15878,Audi,A6 quattro,2000,8,Premium,15,22,18,493.7222222,18.31166667,4.2,4-Wheel or All-Wheel Drive,Automatic 5-spd
15879,Audi,A8 quattro,2000,8,Premium,15,22,18,493.7222222,18.31166667,4.2,4-Wheel or All-Wheel Drive,Automatic 5-spd
15981,Audi,A8 L,2000,8,Premium,15,22,18,493.7222222,18.31166667,4.2,4-Wheel or All-Wheel Drive,Automatic 5-spd
16010,Audi,A4 Avant,2000,6,Premium,16,24,19,467.7368421,17.34789474,2.8,Front-Wheel Drive,Automatic 5-spd
16011,Audi,A4 Avant quattro,2000,4,Premium,17,26,20,444.35,16.4805,1.8,4-Wheel or All-Wheel Drive,Automatic 5-spd
16012,Audi,A4 Avant quattro,2000,4,Premium,19,26,22,403.9545455,14.98227273,1.8,4-Wheel or All-Wheel Drive,Manual 5-spd
16013,Audi,A4 Avant quattro,2000,6,Premium,15,22,18,493.7222222,18.31166667,2.8,4-Wheel or All-Wheel Drive,Automatic 5-spd
16014,Audi,A4 Avant quattro,2000,6,Premium,16,23,19,467.7368421,17.34789474,2.8,4-Wheel or All-Wheel Drive,Manual 5-spd
16033,Audi,A6 Avant quattro,2000,6,Premium,15,22,18,493.7222222,18.31166667,2.8,4-Wheel or All-Wheel Drive,Automatic 5-spd
16427,Audi,TT Roadster,2001,4,Premium,19,27,22,403.9545455,14.98227273,1.8,Front-Wheel Drive,Manual 5-spd
16428,Audi,TT Roadster quattro,2001,4,Premium,18,26,21,423.1904762,15.69571429,1.8,4-Wheel or All-Wheel Drive,Manual 6-spd
16466,Audi,TT Coupe,2001,4,Premium,20,29,23,386.3913043,14.33086957,1.8,Front-Wheel Drive,Manual 5-spd
16467,Audi,TT Coupe quattro,2001,4,Premium,18,26,21,423.1904762,15.69571429,1.8,4-Wheel or All-Wheel Drive,Manual 5-spd
16468,Audi,TT Coupe quattro,2001,4,Premium,18,26,21,423.1904762,15.69571429,1.8,4-Wheel or All-Wheel Drive,Manual 6-spd
16574,Audi,A4,2001,4,Premium,20,29,23,386.3913043,14.33086957,1.8,Front-Wheel Drive,Manual 5-spd
16575,Audi,A4,2001,4,Premium,18,26,21,423.1904762,15.69571429,1.8,Front-Wheel Drive,Automatic (S5)
16576,Audi,A4,2001,6,Premium,16,24,19,467.7368421,17.34789474,2.8,Front-Wheel Drive,Automatic (S5)
16577,Audi,A4 quattro,2001,4,Premium,19,27,22,403.9545455,14.98227273,1.8,4-Wheel or All-Wheel Drive,Manual 5-spd
16578,Audi,A4 quattro,2001,4,Premium,18,25,20,444.35,16.4805,1.8,4-Wheel or All-Wheel Drive,Automatic (S5)
16579,Audi,A4 quattro,2001,6,Premium,16,22,19,467.7368421,17.34789474,2.8,4-Wheel or All-Wheel Drive,Manual 5-spd
16580,Audi,A4 quattro,2001,6,Premium,16,23,18,493.7222222,18.31166667,2.8,4-Wheel or All-Wheel Drive,Automatic (S5)
16581,Audi,S4,2001,6,Premium,15,22,18,493.7222222,18.31166667,2.7,4-Wheel or All-Wheel Drive,Manual 6-spd
16582,Audi,S4,2001,6,Premium,16,22,18,493.7222222,18.31166667,2.7,4-Wheel or All-Wheel Drive,Automatic (S5)
16736,Audi,A6,2001,6,Premium,16,23,18,493.7222222,18.31166667,2.8,Front-Wheel Drive,Automatic (S5)
16737,Audi,A6 quattro,2001,6,Premium,15,22,18,493.7222222,18.31166667,2.7,4-Wheel or All-Wheel Drive,Manual 6-spd
16738,Audi,A6 quattro,2001,6,Premium,16,22,18,493.7222222,18.31166667,2.7,4-Wheel or All-Wheel Drive,Automatic (S5)
16739,Audi,A6 quattro,2001,6,Premium,15,22,18,493.7222222,18.31166667,2.8,4-Wheel or All-Wheel Drive,Automatic (S5)
16740,Audi,A6 quattro,2001,8,Premium,15,23,18,493.7222222,18.31166667,4.2,4-Wheel or All-Wheel Drive,Automatic (S5)
16741,Audi,A8 quattro,2001,8,Premium,15,23,18,493.7222222,18.31166667,4.2,4-Wheel or All-Wheel Drive,Automatic (S5)
16742,Audi,S8 quattro,2001,8,Premium,13,20,15,592.4666667,21.974,4.2,4-Wheel or All-Wheel Drive,Automatic 5-spd
16838,Audi,A8 L,2001,8,Premium,15,23,18,493.7222222,18.31166667,4.2,4-Wheel or All-Wheel Drive,Automatic (S5)
16870,Audi,A4 Avant quattro,2001,4,Premium,19,27,22,403.9545455,14.98227273,1.8,4-Wheel or All-Wheel Drive,Manual 5-spd
16871,Audi,A4 Avant quattro,2001,4,Premium,18,25,20,444.35,16.4805,1.8,4-Wheel or All-Wheel Drive,Automatic (S5)
16872,Audi,A4 Avant quattro,2001,6,Premium,16,22,19,467.7368421,17.34789474,2.8,4-Wheel or All-Wheel Drive,Manual 5-spd
16873,Audi,A4 Avant quattro,2001,6,Premium,15,22,18,493.7222222,18.31166667,2.8,4-Wheel or All-Wheel Drive,Automatic (S5)
16874,Audi,S4 Avant,2001,6,Premium,15,22,18,493.7222222,18.31166667,2.7,4-Wheel or All-Wheel Drive,Manual 6-spd
16875,Audi,S4 Avant,2001,6,Premium,16,22,18,493.7222222,18.31166667,2.7,4-Wheel or All-Wheel Drive,Automatic (S5)
16897,Audi,A6 Avant quattro,2001,6,Premium,15,22,18,493.7222222,18.31166667,2.8,4-Wheel or All-Wheel Drive,Automatic (S5)
17192,Audi,Allroad,2001,6,Premium,14,19,16,555.4375,20.600625,2.7,4-Wheel or All-Wheel Drive,Manual 6-spd
17193,Audi,Allroad,2001,6,Premium,14,19,16,555.4375,20.600625,2.7,4-Wheel or All-Wheel Drive,Automatic (S5)
17335,Audi,TT Roadster,2002,4,Premium,20,28,23,386.3913043,14.33086957,1.8,Front-Wheel Drive,Manual 5-spd
17336,Audi,TT Roadster quattro,2002,4,Premium,18,26,21,423.1904762,15.69571429,1.8,4-Wheel or All-Wheel Drive,Manual 6-spd
17378,Audi,TT Coupe,2002,4,Premium,20,29,23,386.3913043,14.33086957,1.8,Front-Wheel Drive,Manual 5-spd
17379,Audi,TT Coupe quattro,2002,4,Premium,18,27,21,423.1904762,15.69571429,1.8,4-Wheel or All-Wheel Drive,Manual 5-spd
17380,Audi,TT Coupe quattro,2002,4,Premium,18,26,21,423.1904762,15.69571429,1.8,4-Wheel or All-Wheel Drive,Manual 6-spd
1746,Audi,Coupe GT,1986,5,Regular,16,21,18,493.7222222,18.31166667,2.2,Front-Wheel Drive,Automatic 3-spd
1747,Audi,Coupe GT,1986,5,Regular,17,23,19,467.7368421,17.34789474,2.2,Front-Wheel Drive,Manual 5-spd
1748,Audi,4000 CS quattro,1986,5,Regular,16,20,18,493.7222222,18.31166667,2.2,4-Wheel or All-Wheel Drive,Manual 5-spd
1749,Audi,4000 S,1986,4,Regular,21,24,22,403.9545455,14.98227273,1.8,Front-Wheel Drive,Automatic 3-spd
17490,Audi,A4,2002,4,Premium,18,26,21,423.1904762,15.69571429,1.8,Front-Wheel Drive,Automatic (variable gear ratios)
17491,Audi,A4,2002,4,Premium,20,29,23,386.3913043,14.33086957,1.8,Front-Wheel Drive,Manual 5-spd
17492,Audi,A4,2002,6,Premium,17,25,19,467.7368421,17.34789474,3,Front-Wheel Drive,Automatic (variable gear ratios)
17493,Audi,A4 quattro,2002,4,Premium,17,26,20,444.35,16.4805,1.8,4-Wheel or All-Wheel Drive,Automatic 5-spd
17494,Audi,A4 quattro,2002,4,Premium,18,26,21,423.1904762,15.69571429,1.8,4-Wheel or All-Wheel Drive,Manual 5-spd
17495,Audi,A4 quattro,2002,6,Premium,15,23,18,493.7222222,18.31166667,3,4-Wheel or All-Wheel Drive,Automatic 5-spd
17496,Audi,A4 quattro,2002,6,Premium,16,23,18,493.7222222,18.31166667,3,4-Wheel or All-Wheel Drive,Manual 6-spd
17497,Audi,S4,2002,6,Premium,15,22,18,493.7222222,18.31166667,2.7,4-Wheel or All-Wheel Drive,Manual 6-spd
17498,Audi,S4,2002,6,Premium,15,22,18,493.7222222,18.31166667,2.7,4-Wheel or All-Wheel Drive,Automatic (S5)
1750,Audi,4000 S,1986,4,Regular,22,28,24,370.2916667,13.73375,1.8,Front-Wheel Drive,Manual 5-spd
17666,Audi,A6,2002,6,Premium,17,23,19,467.7368421,17.34789474,3,Front-Wheel Drive,Automatic (variable gear ratios)
17667,Audi,A6 quattro,2002,6,Premium,15,22,18,493.7222222,18.31166667,2.7,4-Wheel or All-Wheel Drive,Manual 6-spd
17668,Audi,A6 quattro,2002,6,Premium,16,23,18,493.7222222,18.31166667,2.7,4-Wheel or All-Wheel Drive,Automatic (S5)
17669,Audi,A6 quattro,2002,6,Premium,15,23,18,493.7222222,18.31166667,3,4-Wheel or All-Wheel Drive,Automatic 5-spd
17670,Audi,A6 quattro,2002,8,Premium,15,23,18,493.7222222,18.31166667,4.2,4-Wheel or All-Wheel Drive,Automatic (S5)
17671,Audi,A8 quattro,2002,8,Premium,15,23,18,493.7222222,18.31166667,4.2,4-Wheel or All-Wheel Drive,Automatic (S5)
17672,Audi,S8 quattro,2002,8,Premium,13,20,15,592.4666667,21.974,4.2,4-Wheel or All-Wheel Drive,Automatic (S5)
17768,Audi,A8 L,2002,8,Premium,15,23,18,493.7222222,18.31166667,4.2,4-Wheel or All-Wheel Drive,Automatic (S5)
17800,Audi,A4 Avant quattro,2002,4,Premium,17,26,20,444.35,16.4805,1.8,4-Wheel or All-Wheel Drive,Automatic 5-spd
17801,Audi,A4 Avant quattro,2002,4,Premium,18,26,21,423.1904762,15.69571429,1.8,4-Wheel or All-Wheel Drive,Manual 5-spd
17802,Audi,A4 Avant quattro,2002,6,Premium,15,23,18,493.7222222,18.31166667,3,4-Wheel or All-Wheel Drive,Automatic 5-spd
17803,Audi,A4 Avant quattro,2002,6,Premium,16,23,18,493.7222222,18.31166667,3,4-Wheel or All-Wheel Drive,Manual 6-spd
17804,Audi,S4 Avant,2002,6,Premium,15,22,18,493.7222222,18.31166667,2.7,4-Wheel or All-Wheel Drive,Manual 6-spd
17805,Audi,S4 Avant,2002,6,Premium,15,22,18,493.7222222,18.31166667,2.7,4-Wheel or All-Wheel Drive,Automatic (S5)
17834,Audi,A6 Avant quattro,2002,6,Premium,15,23,18,493.7222222,18.31166667,3,4-Wheel or All-Wheel Drive,Automatic 5-spd
17835,Audi,S6 Avant,2002,8,Premium,12,19,15,592.4666667,21.974,4.2,4-Wheel or All-Wheel Drive,Automatic (S5)
18138,Audi,Allroad,2002,6,Premium,14,19,16,555.4375,20.600625,2.7,4-Wheel or All-Wheel Drive,Automatic 5-spd
18139,Audi,Allroad,2002,6,Premium,14,19,16,555.4375,20.600625,2.7,4-Wheel or All-Wheel Drive,Manual 6-spd
18295,Audi,TT Roadster,2003,4,Premium,18,26,21,423.1904762,15.69571429,1.8,Front-Wheel Drive,Automatic (S6)
18296,Audi,TT Roadster quattro,2003,4,Premium,18,26,21,423.1904762,15.69571429,1.8,4-Wheel or All-Wheel Drive,Manual 6-spd
18347,Audi,TT Coupe,2003,4,Premium,18,27,21,423.1904762,15.69571429,1.8,Front-Wheel Drive,Automatic (S6)
18348,Audi,TT Coupe quattro,2003,4,Premium,18,26,21,423.1904762,15.69571429,1.8,4-Wheel or All-Wheel Drive,Manual 6-spd
18393,Audi,A4 Cabriolet,2003,4,Premium,20,28,23,386.3913043,14.33086957,1.8,Front-Wheel Drive,Automatic (variable gear ratios)
18394,Audi,A4 Cabriolet,2003,6,Premium,18,25,21,423.1904762,15.69571429,3,Front-Wheel Drive,Automatic (variable gear ratios)
18460,Audi,A4,2003,4,Premium,20,27,23,386.3913043,14.33086957,1.8,Front-Wheel Drive,Automatic (variable gear ratios)
18461,Audi,A4,2003,4,Premium,20,29,23,386.3913043,14.33086957,1.8,Front-Wheel Drive,Manual 5-spd
18462,Audi,A4,2003,6,Premium,18,26,21,423.1904762,15.69571429,3,Front-Wheel Drive,Automatic (variable gear ratios)
18463,Audi,A4 quattro,2003,4,Premium,18,26,21,423.1904762,15.69571429,1.8,4-Wheel or All-Wheel Drive,Manual 5-spd
18464,Audi,A4 quattro,2003,4,Premium,18,26,21,423.1904762,15.69571429,1.8,4-Wheel or All-Wheel Drive,Automatic (S5)
18465,Audi,A4 quattro,2003,6,Premium,16,23,18,493.7222222,18.31166667,3,4-Wheel or All-Wheel Drive,Manual 6-spd
18466,Audi,A4 quattro,2003,6,Premium,16,24,19,467.7368421,17.34789474,3,4-Wheel or All-Wheel Drive,Automatic (S5)
18631,Audi,A6,2003,6,Premium,18,25,21,423.1904762,15.69571429,3,Front-Wheel Drive,Automatic (variable gear ratios)
18632,Audi,A6 quattro,2003,6,Premium,16,23,19,467.7368421,17.34789474,2.7,4-Wheel or All-Wheel Drive,Manual 6-spd
18633,Audi,A6 quattro,2003,6,Premium,16,23,19,467.7368421,17.34789474,2.7,4-Wheel or All-Wheel Drive,Automatic (S5)
18634,Audi,A6 quattro,2003,6,Premium,16,24,19,467.7368421,17.34789474,3,4-Wheel or All-Wheel Drive,Automatic (S5)
18635,Audi,A6 quattro,2003,8,Premium,15,23,18,493.7222222,18.31166667,4.2,4-Wheel or All-Wheel Drive,Automatic (S5)
18636,Audi,A8,2003,8,Premium,15,23,18,493.7222222,18.31166667,4.2,4-Wheel or All-Wheel Drive,Automatic (S5)
18637,Audi,S8,2003,8,Premium,14,20,16,555.4375,20.600625,4.2,4-Wheel or All-Wheel Drive,Automatic (S5)
18721,Audi,A8 L,2003,8,Premium,15,23,18,493.7222222,18.31166667,4.2,4-Wheel or All-Wheel Drive,Automatic (S5)
18756,Audi,A4 Avant quattro,2003,4,Premium,18,26,21,423.1904762,15.69571429,1.8,4-Wheel or All-Wheel Drive,Manual 5-spd
18757,Audi,A4 Avant quattro,2003,4,Premium,18,26,21,423.1904762,15.69571429,1.8,4-Wheel or All-Wheel Drive,Automatic (S5)
18758,Audi,A4 Avant quattro,2003,6,Premium,16,23,18,493.7222222,18.31166667,3,4-Wheel or All-Wheel Drive,Manual 6-spd
18759,Audi,A4 Avant quattro,2003,6,Premium,16,24,19,467.7368421,17.34789474,3,4-Wheel or All-Wheel Drive,Automatic (S5)
18797,Audi,A6 Avant quattro,2003,6,Premium,16,24,19,467.7368421,17.34789474,3,4-Wheel or All-Wheel Drive,Automatic (S5)
18798,Audi,S6 Avant,2003,8,Premium,13,19,15,592.4666667,21.974,4.2,4-Wheel or All-Wheel Drive,Automatic (S5)
19119,Audi,Allroad quattro,2003,6,Premium,14,21,17,522.7647059,19.38882353,2.7,4-Wheel or All-Wheel Drive,Manual 6-spd
19120,Audi,Allroad quattro,2003,6,Premium,15,20,17,522.7647059,19.38882353,2.7,4-Wheel or All-Wheel Drive,Automatic (S5)
19328,Audi,RS6,2003,8,Premium,14,20,16,555.4375,20.600625,4.2,4-Wheel or All-Wheel Drive,Automatic (S5)
19334,Audi,TT Roadster,2004,4,Premium,18,26,21,423.1904762,15.69571429,1.8,Front-Wheel Drive,Automatic (S6)
19335,Audi,TT Roadster quattro,2004,4,Premium,18,26,21,423.1904762,15.69571429,1.8,4-Wheel or All-Wheel Drive,Manual 6-spd
19336,Audi,TT Roadster quattro,2004,6,Premium,19,25,21,423.1904762,15.69571429,3.2,4-Wheel or All-Wheel Drive,Automatic (S6)
19392,Audi,TT Coupe,2004,4,Premium,18,27,21,423.1904762,15.69571429,1.8,Front-Wheel Drive,Automatic (S6)
19393,Audi,TT Coupe quattro,2004,4,Premium,18,26,21,423.1904762,15.69571429,1.8,4-Wheel or All-Wheel Drive,Manual 6-spd
19394,Audi,TT Coupe quattro,2004,6,Premium,20,24,22,403.9545455,14.98227273,3.2,4-Wheel or All-Wheel Drive,Automatic (S6)
19448,Audi,A4 Cabriolet,2004,4,Premium,20,28,23,386.3913043,14.33086957,1.8,Front-Wheel Drive,Automatic (variable gear ratios)
19449,Audi,A4 Cabriolet,2004,6,Premium,18,25,21,423.1904762,15.69571429,3,Front-Wheel Drive,Automatic (variable gear ratios)
19450,Audi,A4 Cabriolet quattro,2004,6,Premium,16,23,19,467.7368421,17.34789474,3,4-Wheel or All-Wheel Drive,Automatic (S5)
19451,Audi,S4 Cabriolet,2004,8,Premium,13,20,16,555.4375,20.600625,4.2,4-Wheel or All-Wheel Drive,Manual 6-spd
19452,Audi,S4 Cabriolet,2004,8,Premium,16,21,18,493.7222222,18.31166667,4.2,4-Wheel or All-Wheel Drive,Automatic (S6)
19529,Audi,A4,2004,4,Premium,20,27,23,386.3913043,14.33086957,1.8,Front-Wheel Drive,Automatic (variable gear ratios)
19530,Audi,A4,2004,4,Premium,20,29,23,386.3913043,14.33086957,1.8,Front-Wheel Drive,Manual 5-spd
19531,Audi,A4,2004,6,Premium,18,26,21,423.1904762,15.69571429,3,Front-Wheel Drive,Automatic (variable gear ratios)
19532,Audi,A4 quattro,2004,4,Premium,19,27,22,403.9545455,14.98227273,1.8,4-Wheel or All-Wheel Drive,Manual 6-spd
19533,Audi,A4 quattro,2004,4,Premium,18,26,21,423.1904762,15.69571429,1.8,4-Wheel or All-Wheel Drive,Automatic (S5)
19534,Audi,A4 quattro,2004,6,Premium,16,24,19,467.7368421,17.34789474,3,4-Wheel or All-Wheel Drive,Manual 6-spd
19535,Audi,A4 quattro,2004,6,Premium,16,23,19,467.7368421,17.34789474,3,4-Wheel or All-Wheel Drive,Automatic (S5)
19536,Audi,S4,2004,8,Premium,13,20,16,555.4375,20.600625,4.2,4-Wheel or All-Wheel Drive,Manual 6-spd
19537,Audi,S4,2004,8,Premium,16,22,18,493.7222222,18.31166667,4.2,4-Wheel or All-Wheel Drive,Automatic (S6)
19713,Audi,A6,2004,6,Premium,18,25,21,423.1904762,15.69571429,3,Front-Wheel Drive,Automatic (variable gear ratios)
19714,Audi,A6 quattro,2004,6,Premium,16,23,19,467.7368421,17.34789474,2.7,4-Wheel or All-Wheel Drive,Manual 6-spd
19715,Audi,A6 quattro,2004,6,Premium,16,23,19,467.7368421,17.34789474,2.7,4-Wheel or All-Wheel Drive,Automatic (S5)
19716,Audi,A6 quattro,2004,6,Premium,16,23,19,467.7368421,17.34789474,3,4-Wheel or All-Wheel Drive,Automatic (S5)
19717,Audi,A6 quattro,2004,8,Premium,15,22,18,493.7222222,18.31166667,4.2,4-Wheel or All-Wheel Drive,Automatic (S5)
19822,Audi,A8 L,2004,8,Premium,16,22,18,493.7222222,18.31166667,4.2,4-Wheel or All-Wheel Drive,Automatic (S6)
19870,Audi,A4 Avant quattro,2004,4,Premium,19,28,22,403.9545455,14.98227273,1.8,4-Wheel or All-Wheel Drive,Manual 6-spd
19871,Audi,A4 Avant quattro,2004,4,Premium,18,26,21,423.1904762,15.69571429,1.8,4-Wheel or All-Wheel Drive,Automatic (S5)
19872,Audi,A4 Avant quattro,2004,6,Premium,16,24,19,467.7368421,17.34789474,3,4-Wheel or All-Wheel Drive,Manual 6-spd
19873,Audi,A4 Avant quattro,2004,6,Premium,16,23,19,467.7368421,17.34789474,3,4-Wheel or All-Wheel Drive,Automatic (S5)
19874,Audi,S4 Avant,2004,8,Premium,13,20,16,555.4375,20.600625,4.2,4-Wheel or All-Wheel Drive,Manual 6-spd
19875,Audi,S4 Avant,2004,8,Premium,16,22,18,493.7222222,18.31166667,4.2,4-Wheel or All-Wheel Drive,Automatic (S6)
19910,Audi,A6 Avant quattro,2004,6,Premium,16,23,19,467.7368421,17.34789474,3,4-Wheel or All-Wheel Drive,Automatic (S5)
20244,Audi,Allroad quattro,2004,6,Premium,14,21,17,522.7647059,19.38882353,2.7,4-Wheel or All-Wheel Drive,Manual 6-spd
20245,Audi,Allroad quattro,2004,6,Premium,15,20,17,522.7647059,19.38882353,2.7,4-Wheel or All-Wheel Drive,Automatic (S5)
20246,Audi,Allroad quattro,2004,8,Premium,14,19,16,555.4375,20.600625,4.2,4-Wheel or All-Wheel Drive,Automatic (S5)
20453,Audi,TT Roadster,2005,4,Premium,18,26,21,423.1904762,15.69571429,1.8,Front-Wheel Drive,Automatic (S6)
20454,Audi,TT Roadster quattro,2005,4,Premium,18,26,21,423.1904762,15.69571429,1.8,4-Wheel or All-Wheel Drive,Manual 6-spd
20455,Audi,TT Roadster quattro,2005,6,Premium,17,23,19,467.7368421,17.34789474,3.2,4-Wheel or All-Wheel Drive,Automatic (S6)
20513,Audi,TT Coupe,2005,4,Premium,18,27,21,423.1904762,15.69571429,1.8,Front-Wheel Drive,Automatic (S6)
20514,Audi,TT Coupe quattro,2005,4,Premium,18,26,21,423.1904762,15.69571429,1.8,4-Wheel or All-Wheel Drive,Manual 6-spd
20515,Audi,TT Coupe quattro,2005,6,Premium,17,24,20,444.35,16.4805,3.2,4-Wheel or All-Wheel Drive,Automatic (S6)
20587,Audi,A4 Cabriolet,2005,4,Premium,20,28,23,386.3913043,14.33086957,1.8,Front-Wheel Drive,Automatic (variable gear ratios)
20588,Audi,A4 Cabriolet,2005,6,Premium,18,26,21,423.1904762,15.69571429,3,Front-Wheel Drive,Automatic (variable gear ratios)
20589,Audi,A4 Cabriolet quattro,2005,6,Premium,16,24,19,467.7368421,17.34789474,3,4-Wheel or All-Wheel Drive,Automatic (S5)
20590,Audi,S4 Cabriolet,2005,8,Premium,13,20,16,555.4375,20.600625,4.2,4-Wheel or All-Wheel Drive,Manual 6-spd
20591,Audi,S4 Cabriolet,2005,8,Premium,14,20,16,555.4375,20.600625,4.2,4-Wheel or All-Wheel Drive,Automatic (S6)
20659,Audi,A4,2005,4,Premium,20,27,23,386.3913043,14.33086957,1.8,Front-Wheel Drive,Automatic (variable gear ratios)
20660,Audi,A4,2005,4,Premium,20,29,23,386.3913043,14.33086957,1.8,Front-Wheel Drive,Manual 5-spd
20661,Audi,A4,2005,6,Premium,19,26,22,403.9545455,14.98227273,3,Front-Wheel Drive,Automatic (variable gear ratios)
20662,Audi,A4 quattro,2005,4,Premium,19,27,22,403.9545455,14.98227273,1.8,4-Wheel or All-Wheel Drive,Manual 6-spd
20663,Audi,A4 quattro,2005,4,Premium,18,26,21,423.1904762,15.69571429,1.8,4-Wheel or All-Wheel Drive,Automatic (S5)
20664,Audi,A4 quattro,2005,6,Premium,16,24,19,467.7368421,17.34789474,3,4-Wheel or All-Wheel Drive,Manual 6-spd
20665,Audi,A4 quattro,2005,6,Premium,16,24,19,467.7368421,17.34789474,3,4-Wheel or All-Wheel Drive,Automatic (S5)
20666,Audi,S4,2005,8,Premium,13,20,16,555.4375,20.600625,4.2,4-Wheel or All-Wheel Drive,Manual 6-spd
20667,Audi,S4,2005,8,Premium,14,21,16,555.4375,20.600625,4.2,4-Wheel or All-Wheel Drive,Automatic (S6)
20836,Audi,A8,2005,8,Premium,16,22,18,493.7222222,18.31166667,4.2,4-Wheel or All-Wheel Drive,Automatic (S6)
2091,Audi,5000 CS quattro,1986,5,Regular,15,23,18,493.7222222,18.31166667,2.2,4-Wheel or All-Wheel Drive,Manual 5-spd
2092,Audi,5000 S,1986,5,Regular,16,20,18,493.7222222,18.31166667,2.2,Front-Wheel Drive,Automatic 3-spd
2093,Audi,5000 S,1986,5,Regular,16,20,18,493.7222222,18.31166667,2.2,Front-Wheel Drive,Automatic 3-spd
2094,Audi,5000 S,1986,5,Regular,17,24,19,467.7368421,17.34789474,2.2,Front-Wheel Drive,Manual 5-spd
20943,Audi,A8 L,2005,8,Premium,16,22,18,493.7222222,18.31166667,4.2,4-Wheel or All-Wheel Drive,Automatic (S6)
20944,Audi,A8 L,2005,12,Premium,13,19,15,592.4666667,21.974,6,4-Wheel or All-Wheel Drive,Automatic (S6)
2095,Audi,5000 S,1986,5,Regular,16,24,19,467.7368421,17.34789474,2.2,Front-Wheel Drive,Manual 5-spd
20998,Audi,A4 Avant quattro,2005,4,Premium,19,28,22,403.9545455,14.98227273,1.8,4-Wheel or All-Wheel Drive,Manual 6-spd
20999,Audi,A4 Avant quattro,2005,4,Premium,18,26,21,423.1904762,15.69571429,1.8,4-Wheel or All-Wheel Drive,Automatic (S5)
21000,Audi,A4 Avant quattro,2005,6,Premium,16,24,19,467.7368421,17.34789474,3,4-Wheel or All-Wheel Drive,Manual 6-spd
21001,Audi,A4 Avant quattro,2005,6,Premium,16,24,19,467.7368421,17.34789474,3,4-Wheel or All-Wheel Drive,Automatic (S5)
21002,Audi,S4 Avant,2005,8,Premium,13,20,16,555.4375,20.600625,4.2,4-Wheel or All-Wheel Drive,Manual 6-spd
21003,Audi,S4 Avant,2005,8,Premium,14,21,16,555.4375,20.600625,4.2,4-Wheel or All-Wheel Drive,Automatic (S6)
21352,Audi,Allroad quattro,2005,6,Premium,14,21,17,522.7647059,19.38882353,2.7,4-Wheel or All-Wheel Drive,Manual 6-spd
21353,Audi,Allroad quattro,2005,6,Premium,15,20,17,522.7647059,19.38882353,2.7,4-Wheel or All-Wheel Drive,Automatic (S5)
21354,Audi,Allroad quattro,2005,8,Premium,14,19,16,555.4375,20.600625,4.2,4-Wheel or All-Wheel Drive,Automatic (S5)
21550,Audi,A4,2005,4,Premium,21,30,24,370.2916667,13.73375,2,Front-Wheel Drive,Automatic (variable gear ratios)
21551,Audi,A4,2005,4,Premium,20,31,24,370.2916667,13.73375,2,Front-Wheel Drive,Manual 6-spd
21552,Audi,A4 quattro,2005,4,Premium,20,28,23,386.3913043,14.33086957,2,4-Wheel or All-Wheel Drive,Manual 6-spd
21553,Audi,A4 quattro,2005,4,Premium,19,27,22,403.9545455,14.98227273,2,4-Wheel or All-Wheel Drive,Automatic (S6)
21554,Audi,A4 quattro,2005,6,Premium,17,24,19,467.7368421,17.34789474,3.1,4-Wheel or All-Wheel Drive,Automatic (S6)
21559,Audi,A6 quattro,2005,6,Premium,17,24,19,467.7368421,17.34789474,3.1,4-Wheel or All-Wheel Drive,Automatic (S6)
21561,Audi,A4 Avant quattro,2005,4,Premium,20,28,23,386.3913043,14.33086957,2,4-Wheel or All-Wheel Drive,Manual 6-spd
21562,Audi,A4 Avant quattro,2005,4,Premium,19,27,22,403.9545455,14.98227273,2,4-Wheel or All-Wheel Drive,Automatic (S6)
21563,Audi,A4 Avant quattro,2005,6,Premium,17,24,19,467.7368421,17.34789474,3.1,4-Wheel or All-Wheel Drive,Automatic (S6)
21615,Audi,TT Roadster,2006,4,Premium,18,26,21,423.1904762,15.69571429,1.8,Front-Wheel Drive,Automatic (S6)
21616,Audi,TT Roadster quattro,2006,4,Premium,18,26,21,423.1904762,15.69571429,1.8,4-Wheel or All-Wheel Drive,Manual 6-spd
21617,Audi,TT Roadster quattro,2006,6,Premium,17,23,19,467.7368421,17.34789474,3.2,4-Wheel or All-Wheel Drive,Automatic (S6)
21668,Audi,TT Coupe,2006,4,Premium,18,27,21,423.1904762,15.69571429,1.8,Front-Wheel Drive,Automatic (S6)
21669,Audi,TT Coupe quattro,2006,4,Premium,18,26,21,423.1904762,15.69571429,1.8,4-Wheel or All-Wheel Drive,Manual 6-spd
21670,Audi,TT Coupe quattro,2006,6,Premium,17,24,20,444.35,16.4805,3.2,4-Wheel or All-Wheel Drive,Automatic (S6)
21709,Audi,A4 Cabriolet,2006,4,Premium,20,28,23,386.3913043,14.33086957,1.8,Front-Wheel Drive,Automatic (variable gear ratios)
21710,Audi,A4 Cabriolet quattro,2006,6,Premium,16,23,18,493.7222222,18.31166667,3,4-Wheel or All-Wheel Drive,Automatic (S5)
21711,Audi,S4 Cabriolet,2006,8,Premium,13,20,16,555.4375,20.600625,4.2,4-Wheel or All-Wheel Drive,Manual 6-spd
21712,Audi,S4 Cabriolet,2006,8,Premium,14,20,16,555.4375,20.600625,4.2,4-Wheel or All-Wheel Drive,Automatic (S6)
21783,Audi,A4,2006,4,Premium,21,30,24,370.2916667,13.73375,2,Front-Wheel Drive,Automatic (variable gear ratios)
21784,Audi,A4,2006,4,Premium,20,31,24,370.2916667,13.73375,2,Front-Wheel Drive,Manual 6-spd
21785,Audi,A4,2006,6,Premium,18,27,21,423.1904762,15.69571429,3.1,Front-Wheel Drive,Automatic (variable gear ratios)
21786,Audi,A4 quattro,2006,4,Premium,20,28,23,386.3913043,14.33086957,2,4-Wheel or All-Wheel Drive,Manual 6-spd
21787,Audi,A4 quattro,2006,4,Premium,19,27,22,403.9545455,14.98227273,2,4-Wheel or All-Wheel Drive,Automatic (S6)
21788,Audi,A4 quattro,2006,6,Premium,15,25,19,467.7368421,17.34789474,3.1,4-Wheel or All-Wheel Drive,Manual 6-spd
21789,Audi,A4 quattro,2006,6,Premium,17,25,20,444.35,16.4805,3.1,4-Wheel or All-Wheel Drive,Automatic (S6)
21790,Audi,S4,2006,8,Premium,13,20,16,555.4375,20.600625,4.2,4-Wheel or All-Wheel Drive,Manual 6-spd
21791,Audi,S4,2006,8,Premium,14,21,16,555.4375,20.600625,4.2,4-Wheel or All-Wheel Drive,Automatic (S6)
21917,Audi,A6,2006,6,Premium,18,27,21,423.1904762,15.69571429,3.1,Front-Wheel Drive,Automatic (variable gear ratios)
21918,Audi,A6 quattro,2006,6,Premium,17,25,20,444.35,16.4805,3.1,4-Wheel or All-Wheel Drive,Automatic (S6)
21919,Audi,A6 quattro,2006,8,Premium,15,21,18,493.7222222,18.31166667,4.2,4-Wheel or All-Wheel Drive,Automatic (S6)
21920,Audi,A8,2006,8,Premium,16,22,18,493.7222222,18.31166667,4.2,4-Wheel or All-Wheel Drive,Automatic (S6)
22023,Audi,A8 L,2006,8,Premium,16,22,18,493.7222222,18.31166667,4.2,4-Wheel or All-Wheel Drive,Automatic (S6)
22024,Audi,A8 L,2006,12,Premium,13,19,15,592.4666667,21.974,6,4-Wheel or All-Wheel Drive,Automatic (S6)
22090,Audi,A3,2006,4,Premium,21,29,24,370.2916667,13.73375,2,Front-Wheel Drive,Manual 6-spd
22091,Audi,A3,2006,4,Premium,22,29,25,355.48,13.1844,2,Front-Wheel Drive,Automatic (S6)
22092,Audi,A4 Avant quattro,2006,4,Premium,20,28,23,386.3913043,14.33086957,2,4-Wheel or All-Wheel Drive,Manual 6-spd
22093,Audi,A4 Avant quattro,2006,4,Premium,19,27,22,403.9545455,14.98227273,2,4-Wheel or All-Wheel Drive,Automatic (S6)
22094,Audi,A4 Avant quattro,2006,6,Premium,15,25,19,467.7368421,17.34789474,3.1,4-Wheel or All-Wheel Drive,Manual 6-spd
22095,Audi,A4 Avant quattro,2006,6,Premium,17,25,20,444.35,16.4805,3.1,4-Wheel or All-Wheel Drive,Automatic (S6)
22096,Audi,S4 Avant,2006,8,Premium,13,20,16,555.4375,20.600625,4.2,4-Wheel or All-Wheel Drive,Manual 6-spd
22097,Audi,S4 Avant,2006,8,Premium,14,21,16,555.4375,20.600625,4.2,4-Wheel or All-Wheel Drive,Automatic (S6)
22135,Audi,A6 Avant quattro,2006,6,Premium,16,24,19,467.7368421,17.34789474,3.1,4-Wheel or All-Wheel Drive,Automatic (S6)
22651,Audi,A3 quattro,2006,6,Premium,18,25,21,423.1904762,15.69571429,3.2,4-Wheel or All-Wheel Drive,Automatic (S6)
2285,Audi,5000 CS quattro Wagon,1986,5,Regular,15,23,18,493.7222222,18.31166667,2.2,4-Wheel or All-Wheel Drive,Manual 5-spd
2286,Audi,5000S Wagon,1986,5,Regular,15,20,17,522.7647059,19.38882353,2.2,Front-Wheel Drive,Automatic 3-spd
2287,Audi,5000S Wagon,1986,5,Regular,17,23,19,467.7368421,17.34789474,2.2,Front-Wheel Drive,Manual 5-spd
22987,Audi,Q7,2007,8,Premium,12,17,14,634.7857143,23.54357143,4.2,4-Wheel or All-Wheel Drive,Automatic (S6)
23120,Audi,A4 Cabriolet,2007,4,Premium,21,29,24,370.2916667,13.73375,2,Front-Wheel Drive,Automatic (variable gear ratios)
23121,Audi,A4 Cabriolet quattro,2007,4,Premium,19,27,22,403.9545455,14.98227273,2,4-Wheel or All-Wheel Drive,Automatic (S6)
23122,Audi,A4 Cabriolet quattro,2007,6,Premium,17,25,20,444.35,16.4805,3.1,4-Wheel or All-Wheel Drive,Automatic (S6)
23123,Audi,S4 Cabriolet,2007,8,Premium,13,19,15,592.4666667,21.974,4.2,4-Wheel or All-Wheel Drive,Manual 6-spd
23124,Audi,S4 Cabriolet,2007,8,Premium,14,21,16,555.4375,20.600625,4.2,4-Wheel or All-Wheel Drive,Automatic (S6)
23162,Audi,A4,2007,4,Premium,21,29,24,370.2916667,13.73375,2,Front-Wheel Drive,Automatic (variable gear ratios)
23163,Audi,A4,2007,4,Premium,20,31,24,370.2916667,13.73375,2,Front-Wheel Drive,Manual 6-spd
23164,Audi,A4,2007,6,Premium,18,27,21,423.1904762,15.69571429,3.1,Front-Wheel Drive,Automatic (variable gear ratios)
23165,Audi,A4 quattro,2007,4,Premium,20,28,23,386.3913043,14.33086957,2,4-Wheel or All-Wheel Drive,Manual 6-spd
23166,Audi,A4 quattro,2007,4,Premium,19,27,22,403.9545455,14.98227273,2,4-Wheel or All-Wheel Drive,Automatic (S6)
23167,Audi,A4 quattro,2007,6,Premium,15,25,19,467.7368421,17.34789474,3.1,4-Wheel or All-Wheel Drive,Manual 6-spd
23168,Audi,A4 quattro,2007,6,Premium,17,25,20,444.35,16.4805,3.1,4-Wheel or All-Wheel Drive,Automatic (S6)
23169,Audi,RS4,2007,8,Premium,13,20,15,592.4666667,21.974,4.2,4-Wheel or All-Wheel Drive,Manual 6-spd
23170,Audi,S4,2007,8,Premium,13,20,15,592.4666667,21.974,4.2,4-Wheel or All-Wheel Drive,Manual 6-spd
23171,Audi,S4,2007,8,Premium,14,21,16,555.4375,20.600625,4.2,4-Wheel or All-Wheel Drive,Automatic (S6)
23235,Audi,A6,2007,6,Premium,18,27,21,423.1904762,15.69571429,3.1,Front-Wheel Drive,Automatic (variable gear ratios)
23236,Audi,A6 quattro,2007,6,Premium,17,25,20,444.35,16.4805,3.1,4-Wheel or All-Wheel Drive,Automatic (S6)
23237,Audi,A6 quattro,2007,8,Premium,16,23,18,493.7222222,18.31166667,4.2,4-Wheel or All-Wheel Drive,Automatic (S6)
23238,Audi,A8,2007,8,Premium,16,23,18,493.7222222,18.31166667,4.2,4-Wheel or All-Wheel Drive,Automatic (S6)
23280,Audi,A8 L,2007,8,Premium,16,23,18,493.7222222,18.31166667,4.2,4-Wheel or All-Wheel Drive,Automatic (S6)
23306,Audi,A3,2007,4,Premium,21,29,24,370.2916667,13.73375,2,Front-Wheel Drive,Manual 6-spd
23307,Audi,A3,2007,4,Premium,22,29,25,355.48,13.1844,2,Front-Wheel Drive,Automatic (S6)
23308,Audi,A4 Avant quattro,2007,4,Premium,20,28,23,386.3913043,14.33086957,2,4-Wheel or All-Wheel Drive,Manual 6-spd
23309,Audi,A4 Avant quattro,2007,4,Premium,19,27,22,403.9545455,14.98227273,2,4-Wheel or All-Wheel Drive,Automatic (S6)
23310,Audi,A4 Avant quattro,2007,6,Premium,15,25,19,467.7368421,17.34789474,3.1,4-Wheel or All-Wheel Drive,Manual 6-spd
23311,Audi,A4 Avant quattro,2007,6,Premium,17,25,20,444.35,16.4805,3.1,4-Wheel or All-Wheel Drive,Automatic (S6)
23312,Audi,S4 Avant,2007,8,Premium,13,20,15,592.4666667,21.974,4.2,4-Wheel or All-Wheel Drive,Manual 6-spd
23313,Audi,S4 Avant,2007,8,Premium,14,21,16,555.4375,20.600625,4.2,4-Wheel or All-Wheel Drive,Automatic (S6)
23328,Audi,A6 Avant quattro,2007,6,Premium,17,25,20,444.35,16.4805,3.1,4-Wheel or All-Wheel Drive,Automatic (S6)
23402,Audi,Q7,2007,6,Premium,14,18,16,555.4375,20.600625,3.6,4-Wheel or All-Wheel Drive,Automatic (S6)
23554,Audi,S6,2007,10,Premium,14,19,16,555.4375,20.600625,5.2,4-Wheel or All-Wheel Drive,Automatic (S6)
23555,Audi,S8,2007,10,Premium,13,19,15,592.4666667,21.974,5.2,4-Wheel or All-Wheel Drive,Automatic (S6)
23600,Audi,A8 L,2007,12,Premium,13,19,15,592.4666667,21.974,6,4-Wheel or All-Wheel Drive,Automatic (S6)
23617,Audi,A3 quattro,2007,6,Premium,18,25,21,423.1904762,15.69571429,3.2,4-Wheel or All-Wheel Drive,Automatic (S6)
23992,Audi,TT Roadster,2008,4,Premium,22,29,25,355.48,13.1844,2,Front-Wheel Drive,Automatic (S6)
23993,Audi,TT Roadster quattro,2008,6,Premium,17,24,19,467.7368421,17.34789474,3.2,4-Wheel or All-Wheel Drive,Manual 6-spd
23994,Audi,TT Roadster quattro,2008,6,Premium,18,24,20,444.35,16.4805,3.2,4-Wheel or All-Wheel Drive,Automatic (S6)
24003,Audi,TT Coupe,2008,4,Premium,23,31,26,341.8076923,12.67730769,2,Front-Wheel Drive,Automatic (S6)
24004,Audi,TT Coupe quattro,2008,6,Premium,17,24,19,467.7368421,17.34789474,3.2,4-Wheel or All-Wheel Drive,Manual 6-spd
24005,Audi,TT Coupe quattro,2008,6,Premium,18,24,20,444.35,16.4805,3.2,4-Wheel or All-Wheel Drive,Automatic (S6)
24067,Audi,A3,2008,4,Premium,22,29,25,355.48,13.1844,2,Front-Wheel Drive,Automatic (S6)
24068,Audi,A3 quattro,2008,6,Premium,18,25,21,423.1904762,15.69571429,3.2,4-Wheel or All-Wheel Drive,Automatic (S6)
24108,Audi,Q7,2008,6,Premium,14,20,16,555.4375,20.600625,3.6,4-Wheel or All-Wheel Drive,Automatic (S6)
24109,Audi,Q7,2008,8,Premium,12,17,14,634.7857143,23.54357143,4.2,4-Wheel or All-Wheel Drive,Automatic (S6)
24167,Audi,R8,2008,8,Premium,13,20,15,592.4666667,21.974,4.2,4-Wheel or All-Wheel Drive,Manual 6-spd
24168,Audi,R8,2008,8,Premium,13,19,15,592.4666667,21.974,4.2,4-Wheel or All-Wheel Drive,Automatic (S6)
24245,Audi,A4 Cabriolet,2008,4,Premium,21,30,24,370.2916667,13.73375,2,Front-Wheel Drive,Automatic (variable gear ratios)
24246,Audi,A4 Cabriolet quattro,2008,4,Premium,19,27,22,403.9545455,14.98227273,2,4-Wheel or All-Wheel Drive,Automatic (S6)
24247,Audi,A4 Cabriolet quattro,2008,6,Premium,17,25,20,444.35,16.4805,3.1,4-Wheel or All-Wheel Drive,Automatic (S6)
24248,Audi,S4 Cabriolet,2008,8,Premium,13,19,15,592.4666667,21.974,4.2,4-Wheel or All-Wheel Drive,Manual 6-spd
24249,Audi,S4 Cabriolet,2008,8,Premium,14,21,16,555.4375,20.600625,4.2,4-Wheel or All-Wheel Drive,Automatic (S6)
24276,Audi,A4,2008,4,Premium,21,30,24,370.2916667,13.73375,2,Front-Wheel Drive,Automatic (variable gear ratios)
24277,Audi,A4,2008,4,Premium,20,31,24,370.2916667,13.73375,2,Front-Wheel Drive,Manual 6-spd
24278,Audi,A4,2008,6,Premium,18,27,21,423.1904762,15.69571429,3.1,Front-Wheel Drive,Automatic (variable gear ratios)
24279,Audi,A4 quattro,2008,4,Premium,20,28,23,386.3913043,14.33086957,2,4-Wheel or All-Wheel Drive,Manual 6-spd
24280,Audi,A4 quattro,2008,4,Premium,19,27,22,403.9545455,14.98227273,2,4-Wheel or All-Wheel Drive,Automatic (S6)
24281,Audi,A4 quattro,2008,6,Premium,15,25,19,467.7368421,17.34789474,3.1,4-Wheel or All-Wheel Drive,Manual 6-spd
24282,Audi,A4 quattro,2008,6,Premium,17,25,20,444.35,16.4805,3.1,4-Wheel or All-Wheel Drive,Automatic (S6)
24283,Audi,RS4,2008,8,Premium,13,20,15,592.4666667,21.974,4.2,4-Wheel or All-Wheel Drive,Manual 6-spd
24284,Audi,S4,2008,8,Premium,13,20,15,592.4666667,21.974,4.2,4-Wheel or All-Wheel Drive,Manual 6-spd
24285,Audi,S4,2008,8,Premium,14,21,16,555.4375,20.600625,4.2,4-Wheel or All-Wheel Drive,Automatic (S6)
24349,Audi,A6,2008,6,Premium,18,27,21,423.1904762,15.69571429,3.1,Front-Wheel Drive,Automatic (variable gear ratios)
24350,Audi,A6 quattro,2008,6,Premium,17,25,20,444.35,16.4805,3.1,4-Wheel or All-Wheel Drive,Automatic (S6)
24351,Audi,A6 quattro,2008,8,Premium,16,23,18,493.7222222,18.31166667,4.2,4-Wheel or All-Wheel Drive,Automatic (S6)
24352,Audi,A8,2008,8,Premium,16,23,18,493.7222222,18.31166667,4.2,4-Wheel or All-Wheel Drive,Automatic (S6)
24353,Audi,S6,2008,10,Premium,14,19,16,555.4375,20.600625,5.2,4-Wheel or All-Wheel Drive,Automatic (S6)
24354,Audi,S8,2008,10,Premium,13,19,15,592.4666667,21.974,5.2,4-Wheel or All-Wheel Drive,Automatic (S6)
24413,Audi,A8 L,2008,8,Premium,16,23,18,493.7222222,18.31166667,4.2,4-Wheel or All-Wheel Drive,Automatic (S6)
24428,Audi,A3,2008,4,Premium,20,29,24,370.2916667,13.73375,2,Front-Wheel Drive,Manual 6-spd
24429,Audi,A4 Avant quattro,2008,4,Premium,20,28,23,386.3913043,14.33086957,2,4-Wheel or All-Wheel Drive,Manual 6-spd
24430,Audi,A4 Avant quattro,2008,4,Premium,19,27,22,403.9545455,14.98227273,2,4-Wheel or All-Wheel Drive,Automatic (S6)
24431,Audi,A4 Avant quattro,2008,6,Premium,15,25,19,467.7368421,17.34789474,3.1,4-Wheel or All-Wheel Drive,Manual 6-spd
24432,Audi,A4 Avant quattro,2008,6,Premium,17,25,20,444.35,16.4805,3.1,4-Wheel or All-Wheel Drive,Automatic (S6)
24433,Audi,S4 Avant,2008,8,Premium,13,20,15,592.4666667,21.974,4.2,4-Wheel or All-Wheel Drive,Manual 6-spd
24434,Audi,S4 Avant,2008,8,Premium,14,21,16,555.4375,20.600625,4.2,4-Wheel or All-Wheel Drive,Automatic (S6)
24453,Audi,A6 Avant quattro,2008,6,Premium,17,25,20,444.35,16.4805,3.1,4-Wheel or All-Wheel Drive,Automatic (S6)
24774,Audi,RS4 Cabriolet,2008,8,Premium,12,19,14,634.7857143,23.54357143,4.2,4-Wheel or All-Wheel Drive,Manual 6-spd
24775,Audi,S5,2008,8,Premium,14,21,16,555.4375,20.600625,4.2,4-Wheel or All-Wheel Drive,Manual 6-spd
24884,Audi,A8 L,2008,12,Premium,13,19,15,592.4666667,21.974,6,4-Wheel or All-Wheel Drive,Automatic (S6)
25140,Audi,A5 quattro,2008,6,Premium,16,27,20,444.35,16.4805,3.2,4-Wheel or All-Wheel Drive,Manual 6-spd
25142,Audi,A5 quattro,2008,6,Premium,18,27,21,423.1904762,15.69571429,3.2,4-Wheel or All-Wheel Drive,Automatic (S6)
25152,Audi,S5,2008,8,Premium,16,22,19,467.7368421,17.34789474,4.2,4-Wheel or All-Wheel Drive,Automatic (S6)
25199,Audi,TT Roadster quattro,2009,4,Premium,21,29,24,370.2916667,13.73375,2,4-Wheel or All-Wheel Drive,Automatic (S6)
25222,Audi,TT Coupe quattro,2009,4,Premium,21,29,24,370.2916667,13.73375,2,4-Wheel or All-Wheel Drive,Automatic (S6)
25297,Audi,A3,2009,4,Premium,21,30,24,370.2916667,13.73375,2,Front-Wheel Drive,Manual 6-spd
25298,Audi,A3,2009,4,Premium,22,28,24,370.2916667,13.73375,2,Front-Wheel Drive,Automatic (S6)
25299,Audi,A3 quattro,2009,4,Premium,21,28,24,370.2916667,13.73375,2,4-Wheel or All-Wheel Drive,Automatic (S6)
25344,Audi,Q7,2009,8,Premium,13,18,15,592.4666667,21.974,4.2,4-Wheel or All-Wheel Drive,Automatic (S6)
25382,Audi,R8,2009,8,Premium,12,19,15,592.4666667,21.974,4.2,4-Wheel or All-Wheel Drive,Manual 6-spd
25383,Audi,R8,2009,8,Premium,13,18,15,592.4666667,21.974,4.2,4-Wheel or All-Wheel Drive,Automatic (S6)
25384,Audi,TT Roadster,2009,4,Premium,22,30,25,355.48,13.1844,2,Front-Wheel Drive,Automatic (S6)
25403,Audi,A5 quattro,2009,6,Premium,16,27,20,444.35,16.4805,3.2,4-Wheel or All-Wheel Drive,Manual 6-spd
25404,Audi,A5 quattro,2009,6,Premium,17,26,20,444.35,16.4805,3.2,4-Wheel or All-Wheel Drive,Automatic (S6)
25405,Audi,TT Coupe,2009,4,Premium,23,31,26,341.8076923,12.67730769,2,Front-Wheel Drive,Automatic (S6)
25431,Audi,A4 quattro,2009,6,Premium,17,26,20,444.35,16.4805,3.2,4-Wheel or All-Wheel Drive,Automatic (S6)
25782,Audi,TT Roadster quattro,2009,6,Premium,17,25,20,444.35,16.4805,3.2,4-Wheel or All-Wheel Drive,Manual 6-spd
25783,Audi,TT Roadster quattro,2009,6,Premium,18,24,20,444.35,16.4805,3.2,4-Wheel or All-Wheel Drive,Automatic (S6)
25827,Audi,A4 Cabriolet,2009,4,Premium,23,30,25,355.48,13.1844,2,Front-Wheel Drive,Automatic (variable gear ratios)
25828,Audi,A4 Cabriolet quattro,2009,4,Premium,21,27,23,386.3913043,14.33086957,2,4-Wheel or All-Wheel Drive,Automatic (S6)
25829,Audi,A4 Cabriolet quattro,2009,6,Premium,17,25,20,444.35,16.4805,3.1,4-Wheel or All-Wheel Drive,Automatic (S6)
25830,Audi,S4 Cabriolet,2009,8,Premium,13,19,15,592.4666667,21.974,4.2,4-Wheel or All-Wheel Drive,Manual 6-spd
25831,Audi,S4 Cabriolet,2009,8,Premium,14,21,16,555.4375,20.600625,4.2,4-Wheel or All-Wheel Drive,Automatic (S6)
25832,Audi,S5,2009,8,Premium,14,22,17,522.7647059,19.38882353,4.2,4-Wheel or All-Wheel Drive,Manual 6-spd
25833,Audi,S5,2009,8,Premium,16,24,19,467.7368421,17.34789474,4.2,4-Wheel or All-Wheel Drive,Automatic (S6)
25834,Audi,TT Coupe quattro,2009,6,Premium,17,25,20,444.35,16.4805,3.2,4-Wheel or All-Wheel Drive,Manual 6-spd
25835,Audi,TT Coupe quattro,2009,6,Premium,18,24,20,444.35,16.4805,3.2,4-Wheel or All-Wheel Drive,Automatic (S6)
25895,Audi,A4,2009,4,Premium,23,30,25,355.48,13.1844,2,Front-Wheel Drive,Automatic (variable gear ratios)
25896,Audi,A4 quattro,2009,4,Premium,22,30,25,355.48,13.1844,2,4-Wheel or All-Wheel Drive,Manual 6-spd
25897,Audi,A4 quattro,2009,4,Premium,21,27,23,386.3913043,14.33086957,2,4-Wheel or All-Wheel Drive,Automatic (S6)
25948,Audi,A6 quattro,2009,8,Premium,16,23,18,493.7222222,18.31166667,4.2,4-Wheel or All-Wheel Drive,Automatic (S6)
25949,Audi,A8,2009,8,Premium,16,23,18,493.7222222,18.31166667,4.2,4-Wheel or All-Wheel Drive,Automatic (S6)
25950,Audi,S6,2009,10,Premium,14,19,16,555.4375,20.600625,5.2,4-Wheel or All-Wheel Drive,Automatic (S6)
25951,Audi,S8,2009,10,Premium,13,19,15,592.4666667,21.974,5.2,4-Wheel or All-Wheel Drive,Automatic (S6)
25988,Audi,A8 L,2009,8,Premium,16,23,18,493.7222222,18.31166667,4.2,4-Wheel or All-Wheel Drive,Automatic (S6)
25989,Audi,A8 L,2009,12,Premium,13,19,15,592.4666667,21.974,6,4-Wheel or All-Wheel Drive,Automatic (S6)
26013,Audi,A3 quattro,2009,6,Premium,18,25,21,423.1904762,15.69571429,3.2,4-Wheel or All-Wheel Drive,Automatic (S6)
26014,Audi,A4 Avant quattro,2009,4,Premium,21,27,23,386.3913043,14.33086957,2,4-Wheel or All-Wheel Drive,Automatic (S6)
26164,Audi,Q7,2009,6,Premium,14,20,16,555.4375,20.600625,3.6,4-Wheel or All-Wheel Drive,Automatic (S6)
26338,Audi,S5,2010,8,Premium,14,22,17,522.7647059,19.38882353,4.2,All-Wheel Drive,Manual 6-spd
26339,Audi,S5,2010,8,Premium,16,24,19,467.7368421,17.34789474,4.2,All-Wheel Drive,Automatic (S6)
26380,Audi,A6 quattro,2010,8,Premium,16,23,18,493.7222222,18.31166667,4.2,All-Wheel Drive,Automatic (S6)
26381,Audi,A8,2010,8,Premium,16,23,18,493.7222222,18.31166667,4.2,All-Wheel Drive,Automatic (S6)
26426,Audi,A8 L,2010,8,Premium,16,23,18,493.7222222,18.31166667,4.2,All-Wheel Drive,Automatic (S6)
26481,Audi,Q7,2010,8,Premium,13,18,15,592.4666667,21.974,4.2,All-Wheel Drive,Automatic (S6)
26541,Audi,A6 quattro,2009,6,Premium,18,26,21,423.1904762,15.69571429,3,All-Wheel Drive,Automatic (S6)
26552,Audi,A6 Avant quattro,2009,6,Premium,18,26,21,423.1904762,15.69571429,3,All-Wheel Drive,Automatic (S6)
26555,Audi,Q5,2009,6,Premium,18,23,20,444.35,16.4805,3.2,All-Wheel Drive,Automatic (S6)
26602,Audi,Coupe GT,1984,5,Regular,15,20,17,522.7647059,19.38882353,2.1,,Automatic 3-spd
26603,Audi,Coupe GT,1984,5,Regular,18,24,20,444.35,16.4805,2.1,,Manual 5-spd
26604,Audi,Coupe GT,1984,5,Regular,16,21,18,493.7222222,18.31166667,2.2,,Automatic 3-spd
26605,Audi,Coupe GT,1984,5,Regular,17,23,19,467.7368421,17.34789474,2.2,,Manual 5-spd
26606,Audi,Quattro,1984,5,Regular,14,20,16,555.4375,20.600625,2.1,,Manual 5-spd
26607,Audi,4000,1984,4,Regular,19,24,21,423.1904762,15.69571429,1.8,,Automatic 3-spd
26608,Audi,4000,1984,4,Regular,21,29,24,370.2916667,13.73375,1.8,,Manual 5-spd
26609,Audi,4000 S quattro,1984,5,Regular,16,20,18,493.7222222,18.31166667,2.2,,Manual 5-spd
26930,Audi,5000S,1984,5,Regular,15,20,17,522.7647059,19.38882353,2.1,,Automatic 3-spd
26931,Audi,5000S,1984,5,Regular,15,20,17,522.7647059,19.38882353,2.1,,Automatic 3-spd
26932,Audi,5000S,1984,5,Regular,17,23,19,467.7368421,17.34789474,2.1,,Manual 5-spd
27143,Audi,5000S Wagon,1984,5,Regular,15,20,17,522.7647059,19.38882353,2.1,,Automatic 3-spd
27144,Audi,5000S Wagon,1984,5,Regular,16,23,19,467.7368421,17.34789474,2.1,,Manual 5-spd
27719,Audi,Coupe GT,1984,5,Regular,15,20,17,522.7647059,19.38882353,2.1,,Automatic 3-spd
27720,Audi,Coupe GT,1984,5,Regular,18,24,20,444.35,16.4805,2.1,,Manual 5-spd
27721,Audi,Coupe GT,1984,5,Regular,16,21,18,493.7222222,18.31166667,2.2,,Automatic 3-spd
27722,Audi,Coupe GT,1984,5,Regular,17,23,19,467.7368421,17.34789474,2.2,,Manual 5-spd
27723,Audi,Quattro,1984,5,Regular,14,20,16,555.4375,20.600625,2.1,,Manual 5-spd
27724,Audi,4000,1984,4,Regular,19,24,21,423.1904762,15.69571429,1.8,,Automatic 3-spd
27725,Audi,4000,1984,4,Regular,21,29,24,370.2916667,13.73375,1.8,,Manual 5-spd
27726,Audi,4000 S quattro,1984,5,Regular,16,20,18,493.7222222,18.31166667,2.2,,Manual 5-spd
28000,Audi,5000S,1984,5,Regular,15,19,17,522.7647059,19.38882353,2.1,,Automatic 3-spd
28001,Audi,5000S,1984,5,Regular,16,21,18,493.7222222,18.31166667,2.1,,Automatic 3-spd
28002,Audi,5000S,1984,5,Regular,17,24,19,467.7368421,17.34789474,2.1,,Manual 5-spd
28171,Audi,5000S Wagon,1984,5,Regular,16,21,18,493.7222222,18.31166667,2.1,,Automatic 3-spd
28172,Audi,5000S Wagon,1984,5,Regular,16,24,19,467.7368421,17.34789474,2.1,,Manual 5-spd
28521,Audi,R8,2010,10,Premium,12,20,15,592.4666667,21.974,5.2,All-Wheel Drive,Manual 6-spd
28522,Audi,R8,2010,10,Premium,13,20,16,555.4375,20.600625,5.2,All-Wheel Drive,Auto(AM6)
28523,Audi,R8,2010,8,Premium,12,19,15,592.4666667,21.974,4.2,All-Wheel Drive,Manual 6-spd
28524,Audi,R8,2010,8,Premium,13,18,15,592.4666667,21.974,4.2,All-Wheel Drive,Automatic (AM6)
28525,Audi,TT Roadster quattro,2010,4,Premium,21,29,24,370.2916667,13.73375,2,All-Wheel Drive,Automatic (S6)
28544,Audi,A5 Cabriolet,2010,4,Premium,23,30,26,341.8076923,12.67730769,2,Front-Wheel Drive,Automatic (variable gear ratios)
28545,Audi,A5 Cabriolet quattro,2010,4,Premium,20,26,23,386.3913043,14.33086957,2,All-Wheel Drive,Automatic (S6)
28546,Audi,A5 quattro,2010,4,Premium,22,30,25,355.48,13.1844,2,All-Wheel Drive,Manual 6-spd
28547,Audi,A5 quattro,2010,4,Premium,21,27,23,386.3913043,14.33086957,2,All-Wheel Drive,Automatic (S6)
28548,Audi,S5 Cabriolet,2010,6,Premium,17,26,20,444.35,16.4805,3,All-Wheel Drive,Automatic (S7)
28549,Audi,TT Coupe quattro,2010,4,Premium,21,29,24,370.2916667,13.73375,2,All-Wheel Drive,Automatic (S6)
28574,Audi,A4,2010,4,Premium,23,30,26,341.8076923,12.67730769,2,Front-Wheel Drive,Automatic (variable gear ratios)
28575,Audi,A4 quattro,2010,4,Premium,22,30,25,355.48,13.1844,2,All-Wheel Drive,Manual 6-spd
28576,Audi,A4 quattro,2010,4,Premium,21,27,23,386.3913043,14.33086957,2,All-Wheel Drive,Automatic (S6)
28577,Audi,S4,2010,6,Premium,18,28,21,423.1904762,15.69571429,3,All-Wheel Drive,Automatic (S7)
28578,Audi,S4,2010,6,Premium,18,27,21,423.1904762,15.69571429,3,All-Wheel Drive,Manual 6-spd
28620,Audi,A6 quattro,2010,6,Premium,18,26,21,423.1904762,15.69571429,3,All-Wheel Drive,Automatic (S6)
28621,Audi,S6,2010,10,Premium,14,19,16,555.4375,20.600625,5.2,All-Wheel Drive,Automatic (S6)
28678,Audi,A3,2010,4,Premium,21,30,24,370.2916667,13.73375,2,Front-Wheel Drive,Manual 6-spd
28679,Audi,A3,2010,4,Premium,22,28,24,370.2916667,13.73375,2,Front-Wheel Drive,Automatic (S6)
28680,Audi,A3 quattro,2010,4,Premium,21,28,24,370.2916667,13.73375,2,All-Wheel Drive,Automatic (S6)
28681,Audi,A4 Avant quattro,2010,4,Premium,21,27,23,386.3913043,14.33086957,2,All-Wheel Drive,Automatic (S6)
28701,Audi,A6 Avant quattro,2010,6,Premium,18,26,21,423.1904762,15.69571429,3,All-Wheel Drive,Automatic (S6)
28951,Audi,100 quattro Wagon,1992,6,Premium,16,20,18,493.7222222,18.31166667,2.8,4-Wheel or All-Wheel Drive,Automatic 4-spd
28991,Audi,V8,1993,8,Premium,13,18,15,592.4666667,21.974,4.2,4-Wheel or All-Wheel Drive,Automatic 4-spd
29279,Audi,A5 quattro,2010,6,Premium,18,27,21,423.1904762,15.69571429,3.2,All-Wheel Drive,Automatic (S6)
29367,Audi,Q5,2010,6,Premium,18,23,20,444.35,16.4805,3.2,All-Wheel Drive,Automatic (S6)
29369,Audi,Q7,2010,6,Premium,14,19,16,555.4375,20.600625,3.6,All-Wheel Drive,Automatic (S6)
29586,Audi,A6,2010,6,Premium,18,28,22,403.9545455,14.98227273,3.2,Front-Wheel Drive,Automatic (variable gear ratios)
2959,Audi,Coupe GT,1987,5,Regular,16,21,18,493.7222222,18.31166667,2.2,Front-Wheel Drive,Automatic 3-spd
2960,Audi,Coupe GT,1987,5,Regular,17,23,19,467.7368421,17.34789474,2.2,Front-Wheel Drive,Manual 5-spd
2961,Audi,Coupe GT,1987,5,Regular,16,20,18,493.7222222,18.31166667,2.3,Front-Wheel Drive,Automatic 3-spd
2962,Audi,Coupe GT,1987,5,Regular,17,23,19,467.7368421,17.34789474,2.3,Front-Wheel Drive,Manual 5-spd
2963,Audi,4000,1987,4,Regular,21,24,22,403.9545455,14.98227273,1.8,Front-Wheel Drive,Automatic 3-spd
2964,Audi,4000,1987,4,Regular,22,28,24,370.2916667,13.73375,1.8,Front-Wheel Drive,Manual 5-spd
29649,Audi,A6,2009,6,Premium,18,27,21,423.1904762,15.69571429,3.1,Front-Wheel Drive,Automatic (AV)
2965,Audi,4000 CS quattro,1987,5,Regular,16,20,17,522.7647059,19.38882353,2.2,4-Wheel or All-Wheel Drive,Manual 5-spd
30220,Audi,TT Roadster quattro,2011,4,Premium,22,31,26,341.8076923,12.67730769,2,All-Wheel Drive,Automatic (S6)
30221,Audi,R8 Spyder,2011,10,Premium,13,19,15,592.4666667,21.974,5.2,All-Wheel Drive,Auto(AM6)
30222,Audi,R8,2011,10,Premium,13,19,15,592.4666667,21.974,5.2,All-Wheel Drive,Auto(AM6)
30223,Audi,R8 Spyder,2011,10,Premium,12,19,14,634.7857143,23.54357143,5.2,All-Wheel Drive,Manual 6-spd
30224,Audi,R8,2011,10,Premium,12,19,14,634.7857143,23.54357143,5.2,All-Wheel Drive,Manual 6-spd
30280,Audi,A5 Cabriolet,2011,4,Premium,22,30,25,355.48,13.1844,2,Front-Wheel Drive,Automatic (variable gear ratios)
30281,Audi,A5 quattro,2011,4,Premium,21,29,24,370.2916667,13.73375,2,All-Wheel Drive,Automatic (S8)
30282,Audi,A5 Cabriolet quattro,2011,4,Premium,21,29,24,370.2916667,13.73375,2,All-Wheel Drive,Automatic (S8)
30283,Audi,A5 quattro,2011,4,Premium,21,31,25,355.48,13.1844,2,All-Wheel Drive,Manual 6-spd
30284,Audi,S5,2011,8,Premium,14,22,17,522.7647059,19.38882353,4.2,All-Wheel Drive,Manual 6-spd
30285,Audi,S5,2011,8,Premium,16,24,19,467.7368421,17.34789474,4.2,All-Wheel Drive,Automatic (S6)
30286,Audi,S5 Cabriolet,2011,6,Premium,17,26,20,444.35,16.4805,3,All-Wheel Drive,Automatic (S7)
30287,Audi,TT Coupe quattro,2011,4,Premium,22,31,26,341.8076923,12.67730769,2,All-Wheel Drive,Automatic (S6)
30302,Audi,A4,2011,4,Premium,22,30,25,355.48,13.1844,2,Front-Wheel Drive,Automatic (variable gear ratios)
30303,Audi,A4 quattro,2011,4,Premium,21,29,24,370.2916667,13.73375,2,All-Wheel Drive,Automatic (S8)
30304,Audi,A4 quattro,2011,4,Premium,21,31,25,355.48,13.1844,2,All-Wheel Drive,Manual 6-spd
30305,Audi,S4,2011,6,Premium,18,28,21,423.1904762,15.69571429,3,All-Wheel Drive,Automatic (S7)
30306,Audi,S4,2011,6,Premium,18,27,21,423.1904762,15.69571429,3,All-Wheel Drive,Manual 6-spd
30353,Audi,A8,2011,8,Premium,17,27,21,423.1904762,15.69571429,4.2,All-Wheel Drive,Automatic (S8)
30354,Audi,A6 quattro,2011,8,Premium,16,24,19,467.7368421,17.34789474,4.2,All-Wheel Drive,Automatic (S6)
30355,Audi,A6,2011,6,Premium,21,30,24,370.2916667,13.73375,3.2,Front-Wheel Drive,Automatic (variable gear ratios)
30356,Audi,A6 quattro,2011,6,Premium,18,26,21,423.1904762,15.69571429,3,All-Wheel Drive,Automatic (S6)
30357,Audi,S6,2011,10,Premium,14,21,16,555.4375,20.600625,5.2,All-Wheel Drive,Automatic (S6)
30405,Audi,A8 L,2011,8,Premium,17,27,21,423.1904762,15.69571429,4.2,All-Wheel Drive,Automatic (S8)
30424,Audi,A4 Avant quattro,2011,4,Premium,21,29,24,370.2916667,13.73375,2,All-Wheel Drive,Automatic (S8)
30425,Audi,A3,2011,4,Premium,21,30,24,370.2916667,13.73375,2,Front-Wheel Drive,Manual 6-spd
30426,Audi,A3,2011,4,Premium,22,28,24,370.2916667,13.73375,2,Front-Wheel Drive,Automatic (S6)
30427,Audi,A3 quattro,2011,4,Premium,21,28,24,370.2916667,13.73375,2,All-Wheel Drive,Automatic (S6)
30441,Audi,A6 Avant quattro,2011,6,Premium,18,26,21,423.1904762,15.69571429,3,All-Wheel Drive,Automatic (S6)
30538,Audi,Q5,2011,4,Premium,20,27,22,403.9545455,14.98227273,2,All-Wheel Drive,Automatic (S8)
30539,Audi,Q5,2011,6,Premium,18,23,20,444.35,16.4805,3.2,All-Wheel Drive,Automatic (S6)
30540,Audi,Q7,2011,6,Premium,16,21,18,493.7222222,18.31166667,3,All-Wheel Drive,Automatic (S8)
30924,Audi,R8,2011,8,Premium,11,20,14,634.7857143,23.54357143,4.2,All-Wheel Drive,Manual 6-spd
30925,Audi,R8,2011,8,Premium,13,21,16,555.4375,20.600625,4.2,All-Wheel Drive,Auto(AM6)
30926,Audi,R8 Spyder,2011,8,Premium,11,20,14,634.7857143,23.54357143,4.2,All-Wheel Drive,Manual 6-spd
30927,Audi,R8 Spyder,2011,8,Premium,13,21,16,555.4375,20.600625,4.2,All-Wheel Drive,Auto(AM6)
31082,Audi,R8,2012,10,Premium,13,19,15,592.4666667,21.974,5.2,All-Wheel Drive,Auto(AM6)
31083,Audi,R8,2012,10,Premium,12,19,14,634.7857143,23.54357143,5.2,All-Wheel Drive,Manual 6-spd
31084,Audi,R8 Spyder,2012,10,Premium,13,19,15,592.4666667,21.974,5.2,All-Wheel Drive,Auto(AM6)
31085,Audi,R8 Spyder,2012,10,Premium,12,19,14,634.7857143,23.54357143,5.2,All-Wheel Drive,Manual 6-spd
31144,Audi,A5 Cabriolet,2012,4,Premium,22,30,25,355.48,13.1844,2,Front-Wheel Drive,Automatic (AV)
31145,Audi,A5 Cabriolet quattro,2012,4,Premium,21,29,24,370.2916667,13.73375,2,All-Wheel Drive,Automatic (S8)
31146,Audi,A5 quattro,2012,4,Premium,21,29,24,370.2916667,13.73375,2,All-Wheel Drive,Automatic (S8)
31147,Audi,A5 quattro,2012,4,Premium,21,31,25,355.48,13.1844,2,All-Wheel Drive,Manual 6-spd
31148,Audi,S5,2012,8,Premium,16,24,19,467.7368421,17.34789474,4.2,All-Wheel Drive,Automatic (S6)
31149,Audi,S5,2012,8,Premium,14,22,17,522.7647059,19.38882353,4.2,All-Wheel Drive,Manual 6-spd
31150,Audi,S5 Cabriolet,2012,6,Premium,17,26,20,444.35,16.4805,3,All-Wheel Drive,Automatic (S7)
31176,Audi,A4,2012,4,Premium,22,30,25,355.48,13.1844,2,Front-Wheel Drive,Automatic (AV)
31177,Audi,A4 quattro,2012,4,Premium,21,29,24,370.2916667,13.73375,2,All-Wheel Drive,Automatic (S8)
31178,Audi,A4 quattro,2012,4,Premium,21,31,25,355.48,13.1844,2,All-Wheel Drive,Manual 6-spd
31179,Audi,S4,2012,6,Premium,18,28,21,423.1904762,15.69571429,3,All-Wheel Drive,Automatic (S7)
31180,Audi,S4,2012,6,Premium,18,27,21,423.1904762,15.69571429,3,All-Wheel Drive,Manual 6-spd
31212,Audi,A6,2012,4,Premium,25,33,28,317.3928571,11.77178571,2,Front-Wheel Drive,Automatic (AV)
31213,Audi,A6 quattro,2012,6,Premium,19,28,22,403.9545455,14.98227273,3,All-Wheel Drive,Automatic (S8)
31214,Audi,A7 quattro,2012,6,Premium,18,28,22,403.9545455,14.98227273,3,All-Wheel Drive,Automatic (S8)
31227,Audi,A8 L,2012,12,Premium,14,21,16,555.4375,20.600625,6.3,All-Wheel Drive,Automatic (S8)
31242,Audi,A4 Avant quattro,2012,4,Premium,21,29,24,370.2916667,13.73375,2,All-Wheel Drive,Automatic (S8)
31297,Audi,Q5,2012,4,Premium,20,27,22,403.9545455,14.98227273,2,All-Wheel Drive,Automatic (S8)
31298,Audi,Q5,2012,6,Premium,18,23,20,444.35,16.4805,3.2,All-Wheel Drive,Automatic (S6)
31557,Audi,R8 Spyder,2012,8,Premium,13,21,16,555.4375,20.600625,4.2,All-Wheel Drive,Auto(AM6)
31558,Audi,TT Roadster quattro,2012,4,Premium,23,31,26,341.8076923,12.67730769,2,All-Wheel Drive,Automatic (S6)
31559,Audi,R8,2012,8,Premium,13,21,16,555.4375,20.600625,4.2,All-Wheel Drive,Auto(AM6)
31560,Audi,R8 Spyder,2012,8,Premium,11,20,14,634.7857143,23.54357143,4.2,All-Wheel Drive,Manual 6-spd
31561,Audi,R8,2012,8,Premium,11,20,14,634.7857143,23.54357143,4.2,All-Wheel Drive,Manual 6-spd
31566,Audi,TT Coupe quattro,2012,4,Premium,23,31,26,341.8076923,12.67730769,2,All-Wheel Drive,Automatic (S6)
31567,Audi,TT RS Coupe,2012,5,Premium,18,25,20,444.35,16.4805,2.5,All-Wheel Drive,Manual 6-spd
31582,Audi,A8,2012,8,Premium,18,28,21,423.1904762,15.69571429,4.2,All-Wheel Drive,Automatic (S8)
31586,Audi,A8 L,2012,8,Premium,18,28,21,423.1904762,15.69571429,4.2,All-Wheel Drive,Automatic (S8)
31588,Audi,A3,2012,4,Premium,21,30,24,370.2916667,13.73375,2,Front-Wheel Drive,Manual 6-spd
31589,Audi,A3,2012,4,Premium,22,28,24,370.2916667,13.73375,2,Front-Wheel Drive,Automatic (S6)
31590,Audi,A3 quattro,2012,4,Premium,21,28,24,370.2916667,13.73375,2,All-Wheel Drive,Automatic (S6)
31605,Audi,Q7,2012,6,Premium,16,21,18,493.7222222,18.31166667,3,All-Wheel Drive,Automatic (S8)
32398,Audi,A8,2013,6,Premium,18,28,21,418,15.69571429,3,All-Wheel Drive,Automatic (S8)
32406,Audi,A8 L,2013,6,Premium,18,28,21,418,15.69571429,3,All-Wheel Drive,Automatic (S8)
32410,Audi,allroad quattro,2013,4,Premium,20,26,22,396,14.98227273,2,All-Wheel Drive,Automatic (S8)
32558,Audi,TT Roadster quattro,2013,4,Premium,22,31,26,345,12.67730769,2,All-Wheel Drive,Auto(AM-S6)
32560,Audi,A5 quattro,2013,4,Premium,22,32,26,343,12.67730769,2,All-Wheel Drive,Manual 6-spd
32561,Audi,S5,2013,6,Premium,18,28,21,413,15.69571429,3,All-Wheel Drive,Auto(AM-S7)
32562,Audi,S5 Cabriolet,2013,6,Premium,18,26,21,429,15.69571429,3,All-Wheel Drive,Auto(AM-S7)
32563,Audi,S5,2013,6,Premium,17,26,20,439,16.4805,3,All-Wheel Drive,Manual 6-spd
32564,Audi,RS 5,2013,8,Premium,16,23,18,480,18.31166667,4.2,All-Wheel Drive,Auto(AM-S7)
32565,Audi,TT Coupe quattro,2013,4,Premium,22,31,26,345,12.67730769,2,All-Wheel Drive,Auto(AM-S6)
32566,Audi,TT RS Coupe,2013,5,Premium,18,25,20,432,16.4805,2.5,All-Wheel Drive,Manual 6-spd
32572,Audi,A4 quattro,2013,4,Premium,22,32,26,343,12.67730769,2,All-Wheel Drive,Manual 6-spd
32573,Audi,S4,2013,6,Premium,18,28,21,413,15.69571429,3,All-Wheel Drive,Auto(AM-S7)
32574,Audi,S4,2013,6,Premium,17,26,20,439,16.4805,3,All-Wheel Drive,Manual 6-spd
32620,Audi,A3,2013,4,Premium,21,30,24,376,13.73375,2,Front-Wheel Drive,Manual 6-spd
32621,Audi,A3,2013,4,Premium,21,28,24,381,13.73375,2,Front-Wheel Drive,Auto(AM-S6)
32648,Audi,Q7,2013,6,Premium,16,21,18,499,18.31166667,3,All-Wheel Drive,Automatic (S8)
32674,Audi,A5 Cabriolet,2013,4,Premium,24,31,26,342,12.67730769,2,Front-Wheel Drive,Auto(AV-S8)
32675,Audi,A5 quattro,2013,4,Premium,20,30,24,374,13.73375,2,All-Wheel Drive,Automatic (S8)
32676,Audi,A5 Cabriolet quattro,2013,4,Premium,20,30,24,374,13.73375,2,All-Wheel Drive,Automatic (S8)
32687,Audi,A4,2013,4,Premium,24,31,26,342,12.67730769,2,Front-Wheel Drive,Auto(AV-S8)
32688,Audi,A4 quattro,2013,4,Premium,20,30,24,374,13.73375,2,All-Wheel Drive,Automatic (S8)
32700,Audi,A6,2013,4,Premium,25,33,28,320,11.77178571,2,Front-Wheel Drive,Auto(AV-S8)
32701,Audi,A6 quattro,2013,4,Premium,20,30,24,374,13.73375,2,All-Wheel Drive,Automatic (S8)
32702,Audi,A7 quattro,2013,6,Premium,18,28,21,418,15.69571429,3,All-Wheel Drive,Automatic (S8)
32703,Audi,A6 quattro,2013,6,Premium,18,27,21,414,15.69571429,3,All-Wheel Drive,Automatic (S8)
32730,Audi,A3 quattro,2013,4,Premium,21,28,24,385,13.73375,2,All-Wheel Drive,Auto(AM-S6)
32848,Audi,Q5,2013,4,Premium,20,28,23,389,14.33086957,2,All-Wheel Drive,Automatic (S8)
32958,Audi,S7,2013,8,Premium,17,27,20,440,16.4805,4,All-Wheel Drive,Auto(AM-S7)
32959,Audi,S6,2013,8,Premium,17,27,20,440,16.4805,4,All-Wheel Drive,Auto(AM-S7)
33071,Audi,A8,2013,8,Premium,17,28,21,424,15.69571429,4,All-Wheel Drive,Automatic (S8)
33089,Audi,A8 L,2013,8,Premium,16,26,19,460,17.34789474,4,All-Wheel Drive,Automatic (S8)
33090,Audi,A8 L,2013,12,Premium,13,21,16,565,20.600625,6.3,All-Wheel Drive,Automatic (S8)
33142,Audi,A5 quattro,2013,4,Premium or E85,20,29,23,379,14.33086957,2,All-Wheel Drive,Automatic (S8)
33143,Audi,A5 Cabriolet quattro,2013,4,Premium or E85,20,29,23,379,14.33086957,2,All-Wheel Drive,Automatic (S8)
33152,Audi,A4 quattro,2013,4,Premium or E85,20,29,23,379,14.33086957,2,All-Wheel Drive,Automatic (S8)
33163,Audi,S8,2013,8,Premium,15,26,19,475,17.34789474,4,All-Wheel Drive,Automatic (S8)
33178,Audi,allroad quattro,2013,4,Premium or E85,20,26,22,396,14.98227273,2,All-Wheel Drive,Automatic (S8)
33278,Audi,Q5,2013,4,Premium or E85,20,27,22,395,14.98227273,2,All-Wheel Drive,Automatic (S8)
33301,Audi,Q5 Hybrid,2013,4,Premium,24,30,26,337,12.67730769,2,All-Wheel Drive,Automatic (S8)
33355,Audi,Q5,2013,6,Premium,18,26,21,429,15.69571429,3,All-Wheel Drive,Automatic (S8)
33369,Audi,RS 5 Cabriolet,2013,8,Premium,16,22,18,486,18.31166667,4.2,All-Wheel Drive,Auto(AM-S7)
33440,Audi,R8 Spyder,2014,10,Premium,13,22,16,557,20.600625,5.2,All-Wheel Drive,Auto(AM-S7)
33441,Audi,R8,2014,10,Premium,13,22,16,557,20.600625,5.2,All-Wheel Drive,Auto(AM-S7)
33442,Audi,R8 Spyder,2014,8,Premium,14,23,17,538,19.38882353,4.2,All-Wheel Drive,Auto(AM-S7)
33443,Audi,R8,2014,8,Premium,14,23,17,538,19.38882353,4.2,All-Wheel Drive,Auto(AM-S7)
33444,Audi,R8 Spyder,2014,10,Premium,12,19,14,620,23.54357143,5.2,All-Wheel Drive,Manual 6-spd
33445,Audi,R8,2014,10,Premium,12,19,14,620,23.54357143,5.2,All-Wheel Drive,Manual 6-spd
33446,Audi,R8 Spyder,2014,8,Premium,11,20,14,620,23.54357143,4.2,All-Wheel Drive,Manual 6-spd
33447,Audi,R8,2014,8,Premium,11,20,14,620,23.54357143,4.2,All-Wheel Drive,Manual 6-spd
3348,Audi,5000 CS quattro,1987,5,Regular,15,23,18,493.7222222,18.31166667,2.2,4-Wheel or All-Wheel Drive,Manual 5-spd
3349,Audi,5000 CS Turbo,1987,5,Regular,16,20,18,493.7222222,18.31166667,2.2,Front-Wheel Drive,Automatic 3-spd
3350,Audi,5000 CS Turbo,1987,5,Regular,16,24,19,467.7368421,17.34789474,2.2,Front-Wheel Drive,Manual 5-spd
3351,Audi,5000 S,1987,5,Regular,16,20,17,522.7647059,19.38882353,2.2,Front-Wheel Drive,Automatic 3-spd
3352,Audi,5000 S,1987,5,Regular,17,24,19,467.7368421,17.34789474,2.2,Front-Wheel Drive,Manual 5-spd
3353,Audi,5000 S,1987,5,Regular,17,21,18,493.7222222,18.31166667,2.3,Front-Wheel Drive,Automatic 3-spd
3354,Audi,5000 S,1987,5,Regular,16,22,18,493.7222222,18.31166667,2.3,Front-Wheel Drive,Manual 5-spd
3355,Audi,5000 S quattro,1987,5,Regular,16,22,18,493.7222222,18.31166667,2.3,4-Wheel or All-Wheel Drive,Manual 5-spd
33613,Audi,TT Roadster quattro,2014,4,Premium,22,31,26,346,12.67730769,2,All-Wheel Drive,Auto(AM-S6)
33638,Audi,RS 5,2014,8,Premium,16,23,18,480,18.31166667,4.2,All-Wheel Drive,Auto(AM-S7)
33639,Audi,TT Coupe quattro,2014,4,Premium,22,31,26,346,12.67730769,2,All-Wheel Drive,Auto(AM-S6)
33778,Audi,S5,2014,6,Premium,18,28,21,413,15.69571429,3,All-Wheel Drive,Auto(AM-S7)
33779,Audi,S5 Cabriolet,2014,6,Premium,18,26,21,428,15.69571429,3,All-Wheel Drive,Auto(AM-S7)
33780,Audi,S5,2014,6,Premium,17,26,20,439,16.4805,3,All-Wheel Drive,Manual 6-spd
33781,Audi,A5 quattro,2014,4,Premium or E85,20,28,23,380,14.33086957,2,All-Wheel Drive,Automatic (S8)
33782,Audi,A5 Cabriolet quattro,2014,4,Premium or E85,20,28,23,380,14.33086957,2,All-Wheel Drive,Automatic (S8)
33783,Audi,A5 Cabriolet,2014,4,Premium,23,31,26,336,12.67730769,2,Front-Wheel Drive,Auto(AV-S8)
33784,Audi,A5 quattro,2014,4,Premium,22,32,26,343,12.67730769,2,All-Wheel Drive,Manual 6-spd
33796,Audi,S4,2014,6,Premium,18,28,21,413,15.69571429,3,All-Wheel Drive,Auto(AM-S7)
33797,Audi,S4,2014,6,Premium,17,26,20,439,16.4805,3,All-Wheel Drive,Manual 6-spd
33798,Audi,A4 quattro,2014,4,Premium or E85,20,28,23,380,14.33086957,2,All-Wheel Drive,Automatic (S8)
33799,Audi,A4,2014,4,Premium,23,31,26,336,12.67730769,2,Front-Wheel Drive,Auto(AV-S8)
33800,Audi,A4 quattro,2014,4,Premium,22,32,26,343,12.67730769,2,All-Wheel Drive,Manual 6-spd
33826,Audi,A8,2014,8,Premium,17,28,21,424,15.69571429,4,All-Wheel Drive,Automatic (S8)
33827,Audi,S8,2014,8,Premium,15,26,19,475,17.34789474,4,All-Wheel Drive,Automatic (S8)
33828,Audi,S7,2014,8,Premium,17,27,20,441,16.4805,4,All-Wheel Drive,Auto(AM-S7)
33829,Audi,S6,2014,8,Premium,17,27,20,441,16.4805,4,All-Wheel Drive,Auto(AM-S7)
33830,Audi,RS 7,2014,8,Premium,16,27,19,466,17.34789474,4,All-Wheel Drive,Automatic (S8)
33831,Audi,A8,2014,6,Premium,18,28,21,420,15.69571429,3,All-Wheel Drive,Automatic (S8)
33832,Audi,A7 quattro,2014,6,Premium,18,28,21,420,15.69571429,3,All-Wheel Drive,Automatic (S8)
33833,Audi,A6 quattro,2014,6,Premium,18,27,21,414,15.69571429,3,All-Wheel Drive,Automatic (S8)
33834,Audi,A6,2014,4,Premium,25,33,28,320,11.77178571,2,Front-Wheel Drive,Auto(AV-S8)
33835,Audi,A6 quattro,2014,4,Premium,20,29,23,386,14.33086957,2,All-Wheel Drive,Automatic (S8)
33849,Audi,A8 L,2014,8,Premium,16,26,19,460,17.34789474,4,All-Wheel Drive,Automatic (S8)
33850,Audi,A8 L,2014,6,Premium,18,28,21,420,15.69571429,3,All-Wheel Drive,Automatic (S8)
33851,Audi,A8 L,2014,12,Premium,13,21,16,565,20.600625,6.3,All-Wheel Drive,Automatic (S8)
33855,Audi,allroad quattro,2014,4,Premium or E85,20,26,22,396,14.98227273,2,All-Wheel Drive,Automatic (S8)
33873,Audi,Q5 Hybrid,2014,4,Premium,24,30,26,337,12.67730769,2,All-Wheel Drive,Automatic (S8)
33874,Audi,Q5,2014,6,Premium,18,26,21,429,15.69571429,3,All-Wheel Drive,Automatic (S8)
33875,Audi,Q5,2014,4,Premium or E85,20,27,22,395,14.98227273,2,All-Wheel Drive,Automatic (S8)
33891,Audi,Q7,2014,6,Premium,16,22,18,497,18.31166667,3,All-Wheel Drive,Automatic (S8)
33911,Audi,RS 5 Cabriolet,2014,8,Premium,16,22,18,486,18.31166667,4.2,All-Wheel Drive,Auto(AM-S7)
34229,Audi,SQ5,2014,6,Premium,16,23,19,475,17.34789474,3,All-Wheel Drive,Automatic (S8)
34663,Audi,TT Roadster quattro,2015,4,Premium,22,31,26,345,12.67730769,2,All-Wheel Drive,Auto(AM-S6)
34664,Audi,TT Coupe quattro,2015,4,Premium,22,31,26,345,12.67730769,2,All-Wheel Drive,Auto(AM-S6)
34710,Audi,A3 quattro,2015,4,Premium,24,33,27,323,12.20777778,2,All-Wheel Drive,Auto(AM-S6)
34771,Audi,A3,2015,4,Premium,23,33,27,328,12.20777778,1.8,Front-Wheel Drive,Auto(AM-S6)
34924,Audi,S8,2015,8,Premium,17,27,20,442,16.4805,4,All-Wheel Drive,Automatic (S8)
34925,Audi,A8,2015,8,Premium,18,30,22,401,14.98227273,4,All-Wheel Drive,Automatic (S8)
34926,Audi,A8,2015,6,Premium,19,29,22,397,14.98227273,3,All-Wheel Drive,Automatic (S8)
34928,Audi,A8 L,2015,8,Premium,18,29,22,410,14.98227273,4,All-Wheel Drive,Automatic (S8)
34929,Audi,A8 L,2015,12,Premium,14,22,17,534,19.38882353,6.3,All-Wheel Drive,Automatic (S8)
34931,Audi,A8 L,2015,6,Premium,19,29,22,397,14.98227273,3,All-Wheel Drive,Automatic (S8)
34974,Audi,A3 Cabriolet quattro,2015,4,Premium,23,32,26,334,12.67730769,2,All-Wheel Drive,Auto(AM-S6)
34975,Audi,A3 Cabriolet,2015,4,Premium,24,35,28,314,11.77178571,1.8,Front-Wheel Drive,Auto(AM-S6)
34993,Audi,S7,2015,8,Premium,17,27,20,441,16.4805,4,All-Wheel Drive,Auto(AM-S7)
34994,Audi,S6,2015,8,Premium,17,27,20,441,16.4805,4,All-Wheel Drive,Auto(AM-S7)
34995,Audi,RS 7,2015,8,Premium,15,25,18,497,18.31166667,4,All-Wheel Drive,Automatic (S8)
35072,Audi,R8 Spyder,2015,8,Premium,14,23,17,538,19.38882353,4.2,All-Wheel Drive,Auto(AM-S7)
35073,Audi,R8,2015,8,Premium,14,23,17,538,19.38882353,4.2,All-Wheel Drive,Auto(AM-S7)
35074,Audi,R8 Spyder,2015,8,Premium,11,20,14,622,23.54357143,4.2,All-Wheel Drive,Manual 6-spd
35075,Audi,R8,2015,8,Premium,11,20,14,622,23.54357143,4.2,All-Wheel Drive,Manual 6-spd
35076,Audi,R8 Spyder,2015,10,Premium,12,19,14,618,23.54357143,5.2,All-Wheel Drive,Manual 6-spd
35077,Audi,R8,2015,10,Premium,12,19,14,618,23.54357143,5.2,All-Wheel Drive,Manual 6-spd
35078,Audi,R8 Spyder,2015,10,Premium,13,22,16,557,20.600625,5.2,All-Wheel Drive,Auto(AM-S7)
35079,Audi,R8,2015,10,Premium,13,22,16,557,20.600625,5.2,All-Wheel Drive,Auto(AM-S7)
35080,Audi,RS 5,2015,8,Premium,16,23,18,480,18.31166667,4.2,All-Wheel Drive,Auto(AM-S7)
35081,Audi,RS 5 Cabriolet,2015,8,Premium,16,22,18,486,18.31166667,4.2,All-Wheel Drive,Auto(AM-S7)
35082,Audi,A5 quattro,2015,4,Premium,22,32,26,343,12.67730769,2,All-Wheel Drive,Manual 6-spd
35083,Audi,A5 quattro,2015,4,Premium or E85,21,30,24,364,13.73375,2,All-Wheel Drive,Automatic (S8)
35084,Audi,A5 Cabriolet quattro,2015,4,Premium or E85,21,29,24,372,13.73375,2,All-Wheel Drive,Automatic (S8)
35085,Audi,S5,2015,6,Premium,18,28,21,413,15.69571429,3,All-Wheel Drive,Auto(AM-S7)
35086,Audi,S5 Cabriolet,2015,6,Premium,18,26,21,428,15.69571429,3,All-Wheel Drive,Auto(AM-S7)
35087,Audi,S5,2015,6,Premium,17,26,20,439,16.4805,3,All-Wheel Drive,Manual 6-spd
35088,Audi,A4,2015,4,Premium,24,31,26,335,12.67730769,2,Front-Wheel Drive,Auto(AV-S8)
35089,Audi,A4 quattro,2015,4,Premium,22,32,26,343,12.67730769,2,All-Wheel Drive,Manual 6-spd
35090,Audi,A4 quattro,2015,4,Premium or E85,21,30,24,364,13.73375,2,All-Wheel Drive,Automatic (S8)
35091,Audi,S4,2015,6,Premium,18,28,21,413,15.69571429,3,All-Wheel Drive,Auto(AM-S7)
35092,Audi,S4,2015,6,Premium,17,26,20,439,16.4805,3,All-Wheel Drive,Manual 6-spd
35096,Audi,A6,2015,4,Premium,25,33,28,320,11.77178571,2,Front-Wheel Drive,Auto(AV-S8)
35097,Audi,A6 quattro,2015,4,Premium,20,29,23,386,14.33086957,2,All-Wheel Drive,Automatic (S8)
35098,Audi,A7 quattro,2015,6,Premium,18,28,21,416,15.69571429,3,All-Wheel Drive,Automatic (S8)
35099,Audi,A6 quattro,2015,6,Premium,18,27,21,414,15.69571429,3,All-Wheel Drive,Automatic (S8)
35110,Audi,allroad quattro,2015,4,Premium or E85,21,28,24,376,13.73375,2,All-Wheel Drive,Automatic (S8)
35113,Audi,Q5 Hybrid,2015,4,Premium,24,30,26,337,12.67730769,2,All-Wheel Drive,Automatic (S8)
35114,Audi,Q5,2015,4,Premium or E85,20,27,22,395,14.98227273,2,All-Wheel Drive,Automatic (S8)
35115,Audi,SQ5,2015,6,Premium,17,24,19,458,17.34789474,3,All-Wheel Drive,Automatic (S8)
35116,Audi,Q5,2015,6,Premium,18,26,21,429,15.69571429,3,All-Wheel Drive,Automatic (S8)
35119,Audi,Q7,2015,6,Premium,16,22,18,497,18.31166667,3,All-Wheel Drive,Automatic (S8)
35320,Audi,A3,2015,4,Diesel,31,41,35,292,10.91957143,2,Front-Wheel Drive,Auto(AM-S6)
3540,Audi,5000 CS quattro Wagon,1987,5,Regular,15,23,18,493.7222222,18.31166667,2.2,4-Wheel or All-Wheel Drive,Manual 5-spd
3541,Audi,5000S Wagon,1987,5,Regular,15,20,17,522.7647059,19.38882353,2.2,Front-Wheel Drive,Automatic 3-spd
35413,Audi,S3,2015,4,Premium,23,31,26,340,12.67730769,2,All-Wheel Drive,Auto(AM-S6)
35417,Audi,Q3 quattro,2015,4,Premium,20,28,23,387,14.33086957,2,All-Wheel Drive,Automatic (S6)
35418,Audi,Q3,2015,4,Premium,20,28,23,391,14.33086957,2,Front-Wheel Drive,Automatic (S6)
3542,Audi,5000S Wagon,1987,5,Regular,17,23,19,467.7368421,17.34789474,2.2,Front-Wheel Drive,Manual 5-spd
3543,Audi,5000S Wagon,1987,5,Regular,16,20,18,493.7222222,18.31166667,2.3,Front-Wheel Drive,Automatic 3-spd
3544,Audi,5000S Wagon,1987,5,Regular,16,22,18,493.7222222,18.31166667,2.3,Front-Wheel Drive,Manual 5-spd
35995,Audi,A7 quattro,2016,6,Premium,20,29,24,375,13.73375,3,All-Wheel Drive,Automatic (S8)
35996,Audi,A6 quattro,2016,6,Premium,20,29,24,375,13.73375,3,All-Wheel Drive,Automatic (S8)
36113,Audi,A6,2016,4,Premium,24,34,28,315,11.77178571,2,Front-Wheel Drive,Auto(AM-S7)
36131,Audi,S7,2016,8,Premium,17,27,21,427,15.69571429,4,All-Wheel Drive,Auto(AM-S7)
36132,Audi,S6,2016,8,Premium,18,27,21,423,15.69571429,4,All-Wheel Drive,Auto(AM-S7)
36133,Audi,A6 quattro,2016,4,Premium,22,32,25,343,13.1844,2,All-Wheel Drive,Automatic (S8)
36345,Audi,RS 7,2016,8,Premium,15,25,18,497,18.31166667,4,All-Wheel Drive,Automatic (S8)
36346,Audi,A8 L,2016,8,Premium,18,29,22,410,14.98227273,4,All-Wheel Drive,Automatic (S8)
36380,Audi,TT Roadster quattro,2016,4,Regular,23,30,26,336,12.67730769,2,All-Wheel Drive,Auto(AM-S6)
36381,Audi,A5 quattro,2016,4,Premium or E85,21,30,24,364,13.73375,2,All-Wheel Drive,Automatic (S8)
36382,Audi,A5 Cabriolet quattro,2016,4,Premium or E85,21,29,24,372,13.73375,2,All-Wheel Drive,Automatic (S8)
36383,Audi,A3,2016,4,Regular,23,33,27,328,12.20777778,1.8,Front-Wheel Drive,Auto(AM-S6)
36384,Audi,A3 Cabriolet,2016,4,Regular,24,35,28,314,11.77178571,1.8,Front-Wheel Drive,Auto(AM-S6)
36385,Audi,A3 quattro,2016,4,Regular,24,33,27,323,12.20777778,2,All-Wheel Drive,Auto(AM-S6)
36386,Audi,A3 Cabriolet quattro,2016,4,Regular,23,32,26,334,12.67730769,2,All-Wheel Drive,Auto(AM-S6)
36387,Audi,S5,2016,6,Premium,18,28,21,413,15.69571429,3,All-Wheel Drive,Auto(AM-S7)
36388,Audi,S5 Cabriolet,2016,6,Premium,18,26,21,428,15.69571429,3,All-Wheel Drive,Auto(AM-S7)
36389,Audi,S5,2016,6,Premium,17,26,20,439,16.4805,3,All-Wheel Drive,Manual 6-spd
36390,Audi,A5 quattro,2016,4,Premium,22,32,26,343,12.67730769,2,All-Wheel Drive,Manual 6-spd
36391,Audi,TTS Coupe,2016,4,Premium,23,27,25,358,13.1844,2,All-Wheel Drive,Auto(AM-S6)
36392,Audi,S3,2016,4,Premium,23,31,26,340,12.67730769,2,All-Wheel Drive,Auto(AM-S6)
36393,Audi,TT Coupe quattro,2016,4,Regular,23,30,26,336,12.67730769,2,All-Wheel Drive,Auto(AM-S6)
36394,Audi,A4 quattro,2016,4,Premium or E85,21,30,24,364,13.73375,2,All-Wheel Drive,Automatic (S8)
36395,Audi,S4,2016,6,Premium,18,28,21,413,15.69571429,3,All-Wheel Drive,Auto(AM-S7)
36396,Audi,S4,2016,6,Premium,17,26,20,439,16.4805,3,All-Wheel Drive,Manual 6-spd
36397,Audi,A4 quattro,2016,4,Premium,22,32,26,343,12.67730769,2,All-Wheel Drive,Manual 6-spd
36398,Audi,A4,2016,4,Premium,24,31,27,341,12.20777778,2,Front-Wheel Drive,Auto(AV-S8)
36399,Audi,Q3,2016,4,Premium,20,28,23,391,14.33086957,2,Front-Wheel Drive,Automatic (S8)
36400,Audi,Q3 quattro,2016,4,Premium,20,28,23,387,14.33086957,2,All-Wheel Drive,Automatic (S8)
36408,Audi,A8 L,2016,6,Premium,19,29,22,397,14.98227273,3,All-Wheel Drive,Automatic (S8)
36411,Audi,allroad quattro,2016,4,Premium or E85,21,28,24,376,13.73375,2,All-Wheel Drive,Automatic (S8)
36421,Audi,Q5,2016,4,Premium or E85,20,27,22,395,14.98227273,2,All-Wheel Drive,Automatic (S8)
36422,Audi,Q5,2016,6,Premium,18,26,21,429,15.69571429,3,All-Wheel Drive,Automatic (S8)
36423,Audi,SQ5,2016,6,Premium,17,24,19,458,17.34789474,3,All-Wheel Drive,Automatic (S8)
36424,Audi,Q5 Hybrid,2016,4,Premium,24,30,26,337,12.67730769,2,All-Wheel Drive,Automatic (S8)
36585,Audi,A8 L,2016,12,Premium,14,22,17,534,19.38882353,6.3,All-Wheel Drive,Automatic (S8)
37129,Audi,A3 e-tron,2016,4,Premium and Electricity,33,37,35,158,5.863279935,1.4,Front-Wheel Drive,Auto(AM-S6)
37130,Audi,A3 e-tron ultra,2016,4,Premium and Electricity,37,41,39,138,5.115502679,1.4,Front-Wheel Drive,Auto(AM-S6)
37221,Audi,Q7,2017,6,Premium,19,25,21,419,15.69571429,3,All-Wheel Drive,Automatic (S8)
37296,Audi,S8,2016,8,Premium,15,25,19,474,17.34789474,4,All-Wheel Drive,Automatic (S8)
37299,Audi,R8,2017,10,Premium,14,22,17,519,19.38882353,5.2,All-Wheel Drive,Auto(AM-S7)
37300,Audi,R8 Spyder,2017,10,Premium,14,22,17,519,19.38882353,5.2,All-Wheel Drive,Auto(AM-S7)
37301,Audi,A4 quattro,2017,4,Premium,24,31,27,330,12.20777778,2,All-Wheel Drive,Auto(AM-S7)
37302,Audi,A4,2017,4,Premium,25,33,28,315,11.77178571,2,Front-Wheel Drive,Auto(AM-S7)
37707,Audi,A5 quattro,2017,4,Premium or E85,22,30,25,359,13.1844,2,All-Wheel Drive,Automatic (S8)
37708,Audi,A5 Cabriolet quattro,2017,4,Premium or E85,21,29,24,372,13.73375,2,All-Wheel Drive,Automatic (S8)
37717,Audi,A6 quattro,2017,6,Premium,21,29,24,376,13.73375,3,All-Wheel Drive,Automatic (S8)
37718,Audi,A7 quattro,2017,6,Premium,21,29,24,376,13.73375,3,All-Wheel Drive,Automatic (S8)
37719,Audi,S7,2017,8,Premium,17,27,21,427,15.69571429,4,All-Wheel Drive,Auto(AM-S7)
37720,Audi,RS 7,2017,8,Premium,15,25,18,497,18.31166667,4,All-Wheel Drive,Automatic (S8)
37727,Audi,A8 L,2017,6,Premium,19,29,22,397,14.98227273,3,All-Wheel Drive,Automatic (S8)
37728,Audi,A8 L,2017,8,Premium,18,29,22,410,14.98227273,4,All-Wheel Drive,Automatic (S8)
37733,Audi,Q5,2017,4,Premium or E85,20,27,22,395,14.98227273,2,All-Wheel Drive,Automatic (S8)
37743,Audi,A5 quattro,2017,4,Premium,23,32,26,338,12.67730769,2,All-Wheel Drive,Manual 6-spd
37744,Audi,S5,2017,6,Premium,18,28,21,413,15.69571429,3,All-Wheel Drive,Auto(AM-S7)
37745,Audi,S5 Cabriolet,2017,6,Premium,18,26,21,428,15.69571429,3,All-Wheel Drive,Auto(AM-S7)
37746,Audi,S5,2017,6,Premium,17,26,20,439,16.4805,3,All-Wheel Drive,Manual 6-spd
37768,Audi,S8,2017,8,Premium,15,24,18,501,18.31166667,4,All-Wheel Drive,Automatic (S8)
37769,Audi,S6,2017,8,Premium,18,27,21,423,15.69571429,4,All-Wheel Drive,Auto(AM-S7)
37789,Audi,Q5,2017,6,Premium,18,26,21,429,15.69571429,3,All-Wheel Drive,Automatic (S8)
37790,Audi,SQ5,2017,6,Premium,17,24,19,458,17.34789474,3,All-Wheel Drive,Automatic (S8)
37814,Audi,S3,2017,4,Premium,21,28,24,373,13.73375,2,All-Wheel Drive,Auto(AM-S6)
37823,Audi,Q3,2017,4,Premium,20,28,23,391,14.33086957,2,Front-Wheel Drive,Automatic (S6)
37875,Audi,TTS Coupe,2017,4,Premium,23,27,25,358,13.1844,2,All-Wheel Drive,Auto(AM-S6)
37886,Audi,Q3 quattro,2017,4,Premium,20,28,23,387,14.33086957,2,All-Wheel Drive,Automatic (S6)
38005,Audi,TT Roadster quattro,2017,4,Regular,23,30,26,336,12.67730769,2,All-Wheel Drive,Auto(AM-S6)
38006,Audi,A3 quattro,2017,4,Regular,24,31,27,330,12.20777778,2,All-Wheel Drive,Auto(AM-S6)
38007,Audi,TT Coupe quattro,2017,4,Regular,23,30,26,336,12.67730769,2,All-Wheel Drive,Auto(AM-S6)
38013,Audi,A4 Ultra,2017,4,Premium,27,37,31,284,10.63258065,2,Front-Wheel Drive,Auto(AM-S7)
38028,Audi,A6 quattro,2017,4,Premium,22,31,25,353,13.1844,2,All-Wheel Drive,Automatic (S8)
38029,Audi,A6,2017,4,Premium,24,34,28,317,11.77178571,2,Front-Wheel Drive,Auto(AM-S7)
38042,Audi,A4 allroad quattro,2017,4,Premium,23,28,25,349,13.1844,2,All-Wheel Drive,Auto(AM-S7)
38176,Audi,A3 Cabriolet quattro,2017,4,Regular,22,30,25,359,13.1844,2,All-Wheel Drive,Auto(AM-S6)
38228,Audi,A3 e-tron,2017,4,Premium and Electricity,33,36,34,158,5.931317675,1.4,Front-Wheel Drive,Auto(AM-S6)
38231,Audi,A3,2017,4,Regular,26,35,29,303,11.36586207,2,Front-Wheel Drive,Auto(AM-S7)
38232,Audi,A3 Cabriolet,2017,4,Regular,25,34,28,316,11.77178571,2,Front-Wheel Drive,Auto(AM-S7)
38405,Audi,Q7,2017,4,Premium,20,25,22,406,14.98227273,2,All-Wheel Drive,Automatic (S8)
38467,Audi,A4 quattro,2017,4,Premium,24,33,27,329,12.20777778,2,All-Wheel Drive,Manual 6-spd
416,Audi,5000S,1985,5,Regular,15,20,17,522.7647059,19.38882353,2.1,Front-Wheel Drive,Automatic 3-spd
417,Audi,5000S,1985,5,Regular,15,20,17,522.7647059,19.38882353,2.2,Front-Wheel Drive,Automatic 3-spd
418,Audi,5000S,1985,5,Regular,17,23,19,467.7368421,17.34789474,2.2,Front-Wheel Drive,Manual 5-spd
4191,Audi,80/90,1988,4,Regular,21,24,22,403.9545455,14.98227273,2,Front-Wheel Drive,Automatic 3-spd
4192,Audi,80/90,1988,4,Regular,19,27,22,403.9545455,14.98227273,2,Front-Wheel Drive,Manual 5-spd
4193,Audi,80/90,1988,5,Regular,18,23,20,444.35,16.4805,2.3,Front-Wheel Drive,Manual 5-spd
4194,Audi,80/90 quattro,1988,5,Regular,16,22,18,493.7222222,18.31166667,2.3,4-Wheel or All-Wheel Drive,Manual 5-spd
4528,Audi,5000 CS quattro,1988,5,Regular,15,23,18,493.7222222,18.31166667,2.2,4-Wheel or All-Wheel Drive,Manual 5-spd
4529,Audi,5000 CS Turbo,1988,5,Regular,16,20,18,493.7222222,18.31166667,2.2,Front-Wheel Drive,Automatic 3-spd
4530,Audi,5000 CS Turbo,1988,5,Regular,16,24,19,467.7368421,17.34789474,2.2,Front-Wheel Drive,Manual 5-spd
4531,Audi,5000 S,1988,5,Regular,17,21,18,493.7222222,18.31166667,2.3,Front-Wheel Drive,Automatic 3-spd
4532,Audi,5000 S,1988,5,Regular,18,23,20,444.35,16.4805,2.3,Front-Wheel Drive,Manual 5-spd
4533,Audi,5000 S quattro,1988,5,Regular,16,22,18,493.7222222,18.31166667,2.3,4-Wheel or All-Wheel Drive,Manual 5-spd
4716,Audi,5000 CS quattro Wagon,1988,5,Regular,15,23,18,493.7222222,18.31166667,2.2,4-Wheel or All-Wheel Drive,Manual 5-spd
4717,Audi,5000S Wagon,1988,5,Regular,16,20,18,493.7222222,18.31166667,2.3,Front-Wheel Drive,Automatic 3-spd
4718,Audi,5000S Wagon,1988,5,Regular,16,22,18,493.7222222,18.31166667,2.3,Front-Wheel Drive,Manual 5-spd
50,Audi,Coupe GT,1985,5,Regular,16,21,18,493.7222222,18.31166667,2.2,Front-Wheel Drive,Automatic 3-spd
51,Audi,Coupe GT,1985,5,Regular,17,23,19,467.7368421,17.34789474,2.2,Front-Wheel Drive,Manual 5-spd
52,Audi,Quattro,1985,5,Regular,15,20,17,522.7647059,19.38882353,2.1,4-Wheel or All-Wheel Drive,Manual 5-spd
53,Audi,4000s,1985,4,Regular,21,24,23,386.3913043,14.33086957,1.8,Front-Wheel Drive,Automatic 3-spd
5311,Audi,80/90,1989,4,Regular,20,24,22,403.9545455,14.98227273,2,Front-Wheel Drive,Automatic 3-spd
5312,Audi,80/90,1989,4,Regular,19,28,22,403.9545455,14.98227273,2,Front-Wheel Drive,Manual 5-spd
5313,Audi,80/90,1989,5,Regular,17,20,18,493.7222222,18.31166667,2.3,Front-Wheel Drive,Automatic 3-spd
5314,Audi,80/90,1989,5,Regular,18,24,20,444.35,16.4805,2.3,Front-Wheel Drive,Manual 5-spd
5315,Audi,80/90 quattro,1989,5,Regular,16,22,18,493.7222222,18.31166667,2.3,4-Wheel or All-Wheel Drive,Manual 5-spd
54,Audi,4000s,1985,4,Regular,21,27,24,370.2916667,13.73375,1.8,Front-Wheel Drive,Manual 5-spd
55,Audi,4000s quattro,1985,5,Regular,16,20,18,493.7222222,18.31166667,2.2,4-Wheel or All-Wheel Drive,Manual 5-spd
5656,Audi,100,1989,5,Regular,17,20,18,493.7222222,18.31166667,2.3,Front-Wheel Drive,Automatic 3-spd
5657,Audi,100,1989,5,Regular,16,23,19,467.7368421,17.34789474,2.3,Front-Wheel Drive,Manual 5-spd
5658,Audi,100 quattro,1989,5,Regular,16,22,18,493.7222222,18.31166667,2.3,4-Wheel or All-Wheel Drive,Manual 5-spd
5659,Audi,200,1989,5,Regular,16,20,18,493.7222222,18.31166667,2.2,Front-Wheel Drive,Automatic 3-spd
5660,Audi,200,1989,5,Regular,16,24,19,467.7368421,17.34789474,2.2,Front-Wheel Drive,Manual 5-spd
5661,Audi,200 quattro,1989,5,Regular,15,23,18,493.7222222,18.31166667,2.2,4-Wheel or All-Wheel Drive,Manual 5-spd
5862,Audi,100 Wagon,1989,5,Regular,17,20,18,493.7222222,18.31166667,2.3,Front-Wheel Drive,Automatic 3-spd
5863,Audi,100 Wagon,1989,5,Regular,16,23,19,467.7368421,17.34789474,2.3,Front-Wheel Drive,Manual 5-spd
5864,Audi,200 quattro Wagon,1989,5,Regular,15,23,18,493.7222222,18.31166667,2.2,4-Wheel or All-Wheel Drive,Manual 5-spd
632,Audi,5000S Wagon,1985,5,Regular,15,20,17,522.7647059,19.38882353,2.2,Front-Wheel Drive,Automatic 3-spd
633,Audi,5000S Wagon,1985,5,Regular,17,23,19,467.7368421,17.34789474,2.2,Front-Wheel Drive,Manual 5-spd
6444,Audi,Coupe quattro,1990,5,Regular,16,22,18,493.7222222,18.31166667,2.3,4-Wheel or All-Wheel Drive,Manual 5-spd
6445,Audi,80,1990,4,Regular,20,24,22,403.9545455,14.98227273,2,Front-Wheel Drive,Automatic 3-spd
6446,Audi,80,1990,4,Regular,19,28,22,403.9545455,14.98227273,2,Front-Wheel Drive,Manual 5-spd
6447,Audi,80 quattro,1990,5,Regular,16,22,19,467.7368421,17.34789474,2.3,4-Wheel or All-Wheel Drive,Manual 5-spd
6448,Audi,90,1990,5,Regular,17,20,18,493.7222222,18.31166667,2.3,Front-Wheel Drive,Automatic 3-spd
6449,Audi,90,1990,5,Regular,18,24,20,444.35,16.4805,2.3,Front-Wheel Drive,Manual 5-spd
6450,Audi,90 quattro 20v,1990,5,Regular,16,22,18,493.7222222,18.31166667,2.3,4-Wheel or All-Wheel Drive,Manual 5-spd
6782,Audi,V8,1990,8,Regular,13,17,14,634.7857143,23.54357143,3.6,4-Wheel or All-Wheel Drive,Automatic 4-spd
6783,Audi,V8,1990,8,Regular,13,19,15,592.4666667,21.974,3.6,4-Wheel or All-Wheel Drive,Manual 5-spd
6784,Audi,100,1990,5,Regular,16,20,18,493.7222222,18.31166667,2.3,Front-Wheel Drive,Automatic 3-spd
6785,Audi,100,1990,5,Regular,16,22,18,493.7222222,18.31166667,2.3,Front-Wheel Drive,Automatic 4-spd
6786,Audi,100 quattro,1990,5,Regular,16,22,18,493.7222222,18.31166667,2.3,4-Wheel or All-Wheel Drive,Manual 5-spd
6787,Audi,200,1990,5,Regular,16,20,18,493.7222222,18.31166667,2.2,Front-Wheel Drive,Automatic 3-spd
6788,Audi,200 quattro,1990,5,Regular,15,23,18,493.7222222,18.31166667,2.2,4-Wheel or All-Wheel Drive,Manual 5-spd
6944,Audi,200 quattro Wagon,1990,5,Regular,15,22,18,493.7222222,18.31166667,2.2,4-Wheel or All-Wheel Drive,Manual 5-spd
7523,Audi,Coupe quattro,1991,5,Regular,15,22,18,493.7222222,18.31166667,2.3,4-Wheel or All-Wheel Drive,Manual 5-spd
7524,Audi,80 quattro,1991,5,Regular,16,22,19,467.7368421,17.34789474,2.3,4-Wheel or All-Wheel Drive,Manual 5-spd
7525,Audi,80/90,1991,5,Regular,16,23,19,467.7368421,17.34789474,2.3,Front-Wheel Drive,Automatic 4-spd
7526,Audi,80/90,1991,5,Regular,18,24,20,444.35,16.4805,2.3,Front-Wheel Drive,Manual 5-spd
7527,Audi,90 quattro 20v,1991,5,Regular,15,22,18,493.7222222,18.31166667,2.3,4-Wheel or All-Wheel Drive,Manual 5-spd
7906,Audi,V8,1991,8,Regular,14,19,15,592.4666667,21.974,3.6,4-Wheel or All-Wheel Drive,Automatic 4-spd
7907,Audi,V8,1991,8,Regular,13,19,15,592.4666667,21.974,3.6,4-Wheel or All-Wheel Drive,Manual 5-spd
7908,Audi,100,1991,5,Regular,16,22,18,493.7222222,18.31166667,2.3,Front-Wheel Drive,Automatic 4-spd
7909,Audi,100 quattro,1991,5,Regular,16,22,18,493.7222222,18.31166667,2.3,4-Wheel or All-Wheel Drive,Manual 5-spd
7910,Audi,200,1991,5,Regular,16,20,18,493.7222222,18.31166667,2.2,Front-Wheel Drive,Automatic 3-spd
7911,Audi,200 quattro 20v,1991,5,Regular,16,22,18,493.7222222,18.31166667,2.2,4-Wheel or All-Wheel Drive,Manual 5-spd
8071,Audi,200 quattro 20v Wagon,1991,5,Regular,16,22,18,493.7222222,18.31166667,2.2,4-Wheel or All-Wheel Drive,Manual 5-spd
8624,Audi,80,1992,5,Regular,16,23,19,467.7368421,17.34789474,2.3,Front-Wheel Drive,Automatic 4-spd
8625,Audi,80,1992,5,Regular,18,24,20,444.35,16.4805,2.3,Front-Wheel Drive,Manual 5-spd
8626,Audi,80 quattro,1992,5,Regular,16,22,18,493.7222222,18.31166667,2.3,4-Wheel or All-Wheel Drive,Manual 5-spd
8985,Audi,S4,1992,5,Premium,16,22,18,493.7222222,18.31166667,2.2,4-Wheel or All-Wheel Drive,Manual 5-spd
8986,Audi,V8,1992,8,Premium,13,18,15,592.4666667,21.974,4.2,4-Wheel or All-Wheel Drive,Automatic 4-spd
8987,Audi,100,1992,6,Premium,15,23,18,493.7222222,18.31166667,2.8,Front-Wheel Drive,Automatic 4-spd
8988,Audi,100,1992,6,Premium,17,22,19,467.7368421,17.34789474,2.8,Front-Wheel Drive,Automatic 4-spd
8989,Audi,100,1992,6,Premium,17,24,19,467.7368421,17.34789474,2.8,Front-Wheel Drive,Manual 5-spd
8990,Audi,100 quattro,1992,6,Premium,16,20,17,522.7647059,19.38882353,2.8,4-Wheel or All-Wheel Drive,Automatic 4-spd
8991,Audi,100 quattro,1992,6,Premium,16,21,18,493.7222222,18.31166667,2.8,4-Wheel or All-Wheel Drive,Manual 5-spd
9694,Audi,90 quattro,1993,6,Premium,15,20,17,522.7647059,19.38882353,2.8,4-Wheel or All-Wheel Drive,Manual 5-spd
9884,Audi,S4,1993,5,Premium,16,22,18,493.7222222,18.31166667,2.2,4-Wheel or All-Wheel Drive,Manual 5-spd
9885,Audi,100 quattro,1993,6,Premium,16,20,18,493.7222222,18.31166667,2.8,4-Wheel or All-Wheel Drive,Automatic 4-spd
9886,Audi,100 quattro,1993,6,Premium,16,21,18,493.7222222,18.31166667,2.8,4-Wheel or All-Wheel Drive,Manual 5-spd
9887,Audi,90,1993,6,Premium,15,23,17,522.7647059,19.38882353,2.8,Front-Wheel Drive,Automatic 4-spd
9888,Audi,90,1993,6,Premium,18,24,20,444.35,16.4805,2.8,Front-Wheel Drive,Manual 5-spd
