10018,Buick,Century,1993,4,Regular,21,28,23,386.3913043,14.33086957,2.2,Front-Wheel Drive,Automatic 3-spd
10019,Buick,Century,1993,6,Regular,17,24,19,467.7368421,17.34789474,3.3,Front-Wheel Drive,Automatic 3-spd
10020,Buick,Century,1993,6,Regular,18,26,21,423.1904762,15.69571429,3.3,Front-Wheel Drive,Automatic 4-spd
10021,Buick,Regal,1993,6,Regular,17,25,20,444.35,16.4805,3.1,Front-Wheel Drive,Automatic 3-spd
10022,Buick,Regal,1993,6,Regular,17,27,20,444.35,16.4805,3.1,Front-Wheel Drive,Automatic 4-spd
10023,Buick,Regal,1993,6,Regular,17,26,20,444.35,16.4805,3.8,Front-Wheel Drive,Automatic 4-spd
10024,Buick,Riviera,1993,6,Regular,17,25,20,444.35,16.4805,3.8,Front-Wheel Drive,Automatic 4-spd
10103,Buick,LeSabre,1993,6,Regular,17,26,20,444.35,16.4805,3.8,Front-Wheel Drive,Automatic 4-spd
10104,Buick,Park Avenue,1993,6,Premium,15,25,18,493.7222222,18.31166667,3.8,Front-Wheel Drive,Automatic 4-spd
10105,Buick,Park Avenue,1993,6,Regular,17,25,20,444.35,16.4805,3.8,Front-Wheel Drive,Automatic 4-spd
10106,Buick,Roadmaster,1993,8,Regular,15,23,17,522.7647059,19.38882353,5.7,Rear-Wheel Drive,Automatic 4-spd
10162,Buick,Century Wagon,1993,4,Regular,18,26,21,423.1904762,15.69571429,2.2,Front-Wheel Drive,Automatic 3-spd
10163,Buick,Century Wagon,1993,6,Regular,17,24,19,467.7368421,17.34789474,3.3,Front-Wheel Drive,Automatic 3-spd
10164,Buick,Century Wagon,1993,6,Regular,18,26,21,423.1904762,15.69571429,3.3,Front-Wheel Drive,Automatic 4-spd
10212,Buick,Roadmaster Wagon,1993,8,Regular,15,23,17,522.7647059,19.38882353,5.7,Rear-Wheel Drive,Automatic 4-spd
10614,Buick,Coachbuilder Wagon,1993,8,Regular,15,23,17,522.7647059,19.38882353,5.7,Rear-Wheel Drive,Automatic 4-spd
10866,Buick,Skylark,1994,4,Regular,19,29,23,386.3913043,14.33086957,2.3,Front-Wheel Drive,Automatic 3-spd
10867,Buick,Skylark,1994,4,Regular,19,29,22,403.9545455,14.98227273,2.3,Front-Wheel Drive,Automatic 4-spd
10868,Buick,Skylark,1994,6,Regular,18,26,21,423.1904762,15.69571429,3.1,Front-Wheel Drive,Automatic 4-spd
10988,Buick,Century,1994,4,Regular,22,28,24,370.2916667,13.73375,2.2,Front-Wheel Drive,Automatic 3-spd
10989,Buick,Century,1994,6,Regular,17,26,20,444.35,16.4805,3.1,Front-Wheel Drive,Automatic 4-spd
10990,Buick,Regal,1994,6,Regular,17,26,20,444.35,16.4805,3.1,Front-Wheel Drive,Automatic 4-spd
10991,Buick,Regal,1994,6,Regular,17,26,20,444.35,16.4805,3.8,Front-Wheel Drive,Automatic 4-spd
11060,Buick,LeSabre,1994,6,Regular,17,26,20,444.35,16.4805,3.8,Front-Wheel Drive,Automatic 4-spd
11061,Buick,Park Avenue,1994,6,Regular,15,24,18,493.7222222,18.31166667,3.8,Front-Wheel Drive,Automatic 4-spd
11062,Buick,Park Avenue,1994,6,Regular,17,25,20,444.35,16.4805,3.8,Front-Wheel Drive,Automatic 4-spd
11063,Buick,Roadmaster,1994,8,Premium,15,23,18,493.7222222,18.31166667,5.7,Rear-Wheel Drive,Automatic 4-spd
11127,Buick,Century Wagon,1994,4,Regular,19,26,22,403.9545455,14.98227273,2.2,Front-Wheel Drive,Automatic 3-spd
11128,Buick,Century Wagon,1994,6,Regular,17,26,20,444.35,16.4805,3.1,Front-Wheel Drive,Automatic 4-spd
11166,Buick,Roadmaster Wagon,1994,8,Premium,15,23,18,493.7222222,18.31166667,5.7,Rear-Wheel Drive,Automatic 4-spd
11579,Buick,Coachbuilder Wagon,1994,8,Premium,15,23,18,493.7222222,18.31166667,5.7,Rear-Wheel Drive,Automatic 4-spd
11809,Buick,Skylark,1995,4,Regular,19,28,22,403.9545455,14.98227273,2.3,Front-Wheel Drive,Automatic 3-spd
11810,Buick,Skylark,1995,4,Regular,19,29,22,403.9545455,14.98227273,2.3,Front-Wheel Drive,Automatic 4-spd
11811,Buick,Skylark,1995,6,Regular,17,26,20,444.35,16.4805,3.1,Front-Wheel Drive,Automatic 4-spd
11812,Buick,Skylark,1995,6,Regular,17,26,20,444.35,16.4805,3.1,Front-Wheel Drive,Automatic 4-spd
11938,Buick,Century,1995,6,Regular,17,26,20,444.35,16.4805,3.1,Front-Wheel Drive,Automatic 4-spd
11939,Buick,Century,1995,6,Regular,17,26,20,444.35,16.4805,3.1,Front-Wheel Drive,Automatic 4-spd
11940,Buick,Regal,1995,6,Regular,17,26,20,444.35,16.4805,3.1,Front-Wheel Drive,Automatic 4-spd
11941,Buick,Regal,1995,6,Regular,17,26,20,444.35,16.4805,3.1,Front-Wheel Drive,Automatic 4-spd
11942,Buick,Regal,1995,6,Regular,17,26,20,444.35,16.4805,3.8,Front-Wheel Drive,Automatic 4-spd
11943,Buick,Riviera,1995,6,Regular,17,26,20,444.35,16.4805,3.8,Front-Wheel Drive,Automatic 4-spd
12012,Buick,LeSabre,1995,6,Regular,17,26,20,444.35,16.4805,3.8,Front-Wheel Drive,Automatic 4-spd
12013,Buick,Park Avenue,1995,6,Regular,17,26,20,444.35,16.4805,3.8,Front-Wheel Drive,Automatic 4-spd
12014,Buick,Roadmaster,1995,8,Regular,15,23,18,493.7222222,18.31166667,5.7,Rear-Wheel Drive,Automatic 4-spd
12099,Buick,Century Wagon,1995,6,Regular,17,26,20,444.35,16.4805,3.1,Front-Wheel Drive,Automatic 4-spd
12100,Buick,Century Wagon,1995,6,Regular,17,26,20,444.35,16.4805,3.1,Front-Wheel Drive,Automatic 4-spd
12133,Buick,Roadmaster Wagon,1995,8,Regular,15,23,18,493.7222222,18.31166667,5.7,Rear-Wheel Drive,Automatic 4-spd
12506,Buick,Coachbuilder Wagon,1995,8,Regular,15,23,18,493.7222222,18.31166667,5.7,Rear-Wheel Drive,Automatic 4-spd
1268,Buick,Riviera Convertible,1985,8,Regular,15,21,17,522.7647059,19.38882353,5,Front-Wheel Drive,Automatic 4-spd
12683,Buick,Skylark,1996,4,Regular,19,29,23,386.3913043,14.33086957,2.4,Front-Wheel Drive,Automatic 4-spd
12684,Buick,Skylark,1996,6,Regular,18,27,21,423.1904762,15.69571429,3.1,Front-Wheel Drive,Automatic 4-spd
1269,Buick,Skyhawk,1985,4,Premium,17,23,19,467.7368421,17.34789474,1.8,Front-Wheel Drive,Automatic 3-spd
1270,Buick,Skyhawk,1985,4,Premium,19,27,22,403.9545455,14.98227273,1.8,Front-Wheel Drive,Manual 4-spd
1271,Buick,Skyhawk,1985,4,Regular,19,26,22,403.9545455,14.98227273,2,Front-Wheel Drive,Automatic 3-spd
1272,Buick,Skyhawk,1985,4,Regular,22,29,25,355.48,13.1844,2,Front-Wheel Drive,Manual 4-spd
1273,Buick,Skylark,1985,6,Regular,17,24,19,467.7368421,17.34789474,2.8,Front-Wheel Drive,Automatic 3-spd
1274,Buick,Skylark,1985,6,Regular,15,22,18,493.7222222,18.31166667,2.8,Front-Wheel Drive,Manual 4-spd
1275,Buick,Somerset Regal,1985,6,Regular,17,24,19,467.7368421,17.34789474,3,Front-Wheel Drive,Automatic 3-spd
12802,Buick,Century,1996,4,Regular,21,29,24,370.2916667,13.73375,2.2,Front-Wheel Drive,Automatic 3-spd
12803,Buick,Century,1996,6,Regular,18,26,21,423.1904762,15.69571429,3.1,Front-Wheel Drive,Automatic 4-spd
12804,Buick,Regal,1996,6,Regular,18,26,21,423.1904762,15.69571429,3.1,Front-Wheel Drive,Automatic 4-spd
12870,Buick,Roadmaster,1996,8,Regular,15,24,18,493.7222222,18.31166667,5.7,Rear-Wheel Drive,Automatic 4-spd
12921,Buick,Century Wagon,1996,6,Regular,18,26,21,423.1904762,15.69571429,3.1,Front-Wheel Drive,Automatic 4-spd
12948,Buick,Roadmaster Wagon,1996,8,Regular,15,24,18,493.7222222,18.31166667,5.7,Rear-Wheel Drive,Automatic 4-spd
13256,Buick,Funeral Coach/Hearse,1996,8,Regular,15,24,18,493.7222222,18.31166667,5.7,Rear-Wheel Drive,Automatic 4-spd
1328,Buick,Century,1985,6,Regular,16,24,19,467.7368421,17.34789474,3,Front-Wheel Drive,Automatic 3-spd
1329,Buick,Century,1985,6,Regular,15,23,18,493.7222222,18.31166667,3,Front-Wheel Drive,Automatic 4-spd
1330,Buick,Century,1985,6,Diesel,23,32,27,377.037037,14.155,4.3,Front-Wheel Drive,Automatic 3-spd
1331,Buick,Regal,1985,6,Regular,16,22,18,493.7222222,18.31166667,3.8,Rear-Wheel Drive,Automatic 3-spd
1332,Buick,Regal,1985,6,Regular,16,24,19,467.7368421,17.34789474,4.3,Rear-Wheel Drive,Automatic 4-spd
1333,Buick,Riviera,1985,8,Regular,15,21,17,522.7647059,19.38882353,5,Front-Wheel Drive,Automatic 4-spd
13437,Buick,Skylark,1997,4,Regular,19,29,23,386.3913043,14.33086957,2.4,Front-Wheel Drive,Automatic 4-spd
13438,Buick,Skylark,1997,6,Regular,18,26,21,423.1904762,15.69571429,3.1,Front-Wheel Drive,Automatic 4-spd
13540,Buick,Regal/Century,1997,6,Regular,18,26,21,423.1904762,15.69571429,3.1,Front-Wheel Drive,Automatic 4-spd
13541,Buick,Regal/Century,1997,6,Regular,17,27,20,444.35,16.4805,3.8,Front-Wheel Drive,Automatic 4-spd
13542,Buick,Riviera,1997,6,Regular,17,26,20,444.35,16.4805,3.8,Front-Wheel Drive,Automatic 4-spd
13543,Buick,Riviera,1997,6,Premium,16,24,19,467.7368421,17.34789474,3.8,Front-Wheel Drive,Automatic 4-spd
13618,Buick,LeSabre,1997,6,Regular,17,27,20,444.35,16.4805,3.8,Front-Wheel Drive,Automatic 4-spd
13619,Buick,Park Avenue,1997,6,Regular,17,26,20,444.35,16.4805,3.8,Front-Wheel Drive,Automatic 4-spd
13620,Buick,Park Avenue,1997,6,Premium,16,24,19,467.7368421,17.34789474,3.8,Front-Wheel Drive,Automatic 4-spd
1395,Buick,Electra/Park Avenue,1985,6,Regular,15,23,18,493.7222222,18.31166667,3,Front-Wheel Drive,Automatic 4-spd
1396,Buick,Electra/Park Avenue,1985,6,Diesel,19,29,23,442.6086957,16.61673913,4.3,Front-Wheel Drive,Automatic 4-spd
1397,Buick,LeSabre,1985,6,Regular,15,20,17,522.7647059,19.38882353,3.8,Rear-Wheel Drive,Automatic 3-spd
1398,Buick,LeSabre,1985,8,Regular,15,22,18,493.7222222,18.31166667,5,Rear-Wheel Drive,Automatic 4-spd
1411,Buick,Skyhawk Wagon,1985,4,Regular,19,26,22,403.9545455,14.98227273,2,Front-Wheel Drive,Automatic 3-spd
1412,Buick,Skyhawk Wagon,1985,4,Regular,22,29,25,355.48,13.1844,2,Front-Wheel Drive,Manual 4-spd
14180,Buick,Skylark,1998,4,Regular,19,30,23,386.3913043,14.33086957,2.4,Front-Wheel Drive,Automatic 4-spd
14181,Buick,Skylark,1998,6,Regular,18,27,21,423.1904762,15.69571429,3.1,Front-Wheel Drive,Automatic 4-spd
14286,Buick,Century,1998,6,Regular,17,27,21,423.1904762,15.69571429,3.1,Front-Wheel Drive,Automatic 4-spd
14287,Buick,Regal,1998,6,Regular,17,27,21,423.1904762,15.69571429,3.8,Front-Wheel Drive,Automatic 4-spd
14288,Buick,Regal,1998,6,Regular,16,25,19,467.7368421,17.34789474,3.8,Front-Wheel Drive,Automatic 4-spd
14289,Buick,Riviera,1998,6,Regular,16,25,19,467.7368421,17.34789474,3.8,Front-Wheel Drive,Automatic 4-spd
14378,Buick,LeSabre,1998,6,Regular,17,27,21,423.1904762,15.69571429,3.8,Front-Wheel Drive,Automatic 4-spd
14379,Buick,Park Avenue,1998,6,Regular,17,26,20,444.35,16.4805,3.8,Front-Wheel Drive,Automatic 4-spd
14380,Buick,Park Avenue,1998,6,Regular,16,25,19,467.7368421,17.34789474,3.8,Front-Wheel Drive,Automatic 4-spd
1443,Buick,Century Wagon,1985,6,Regular,15,20,17,522.7647059,19.38882353,3,Front-Wheel Drive,Automatic 3-spd
1444,Buick,Century Wagon,1985,6,Regular,15,23,18,493.7222222,18.31166667,3,Front-Wheel Drive,Automatic 4-spd
1445,Buick,Century Wagon,1985,6,Regular,16,23,19,467.7368421,17.34789474,3.8,Front-Wheel Drive,Automatic 4-spd
1446,Buick,Century Wagon,1985,6,Diesel,23,31,26,391.5384615,14.69942308,4.3,Front-Wheel Drive,Automatic 3-spd
1472,Buick,LeSabre/Electra Wagon,1985,8,Regular,15,20,17,522.7647059,19.38882353,5,Rear-Wheel Drive,Automatic 4-spd
15079,Buick,Century,1999,6,Regular,17,26,21,423.1904762,15.69571429,3.1,Front-Wheel Drive,Automatic 4-spd
15080,Buick,Regal,1999,6,Regular,17,27,21,423.1904762,15.69571429,3.8,Front-Wheel Drive,Automatic 4-spd
15081,Buick,Regal,1999,6,Premium,16,25,19,467.7368421,17.34789474,3.8,Front-Wheel Drive,Automatic 4-spd
15082,Buick,Riviera,1999,6,Premium,16,25,19,467.7368421,17.34789474,3.8,Front-Wheel Drive,Automatic 4-spd
15176,Buick,LeSabre,1999,6,Regular,17,27,21,423.1904762,15.69571429,3.8,Front-Wheel Drive,Automatic 4-spd
15177,Buick,Park Avenue,1999,6,Premium,16,25,19,467.7368421,17.34789474,3.8,Front-Wheel Drive,Automatic 4-spd
15178,Buick,Park Avenue,1999,6,Regular,17,25,20,444.35,16.4805,3.8,Front-Wheel Drive,Automatic 4-spd
15884,Buick,Century,2000,6,Regular,18,27,21,423.1904762,15.69571429,3.1,Front-Wheel Drive,Automatic 4-spd
15885,Buick,Regal,2000,6,Regular,17,27,21,423.1904762,15.69571429,3.8,Front-Wheel Drive,Automatic 4-spd
15886,Buick,Regal,2000,6,Premium,16,25,19,467.7368421,17.34789474,3.8,Front-Wheel Drive,Automatic 4-spd
15984,Buick,LeSabre,2000,6,Regular,17,27,20,444.35,16.4805,3.8,Front-Wheel Drive,Automatic 4-spd
15985,Buick,Park Avenue,2000,6,Regular,17,27,20,444.35,16.4805,3.8,Front-Wheel Drive,Automatic 4-spd
15986,Buick,Park Avenue,2000,6,Premium,16,25,19,467.7368421,17.34789474,3.8,Front-Wheel Drive,Automatic 4-spd
16746,Buick,Century,2001,6,Regular,18,26,21,423.1904762,15.69571429,3.1,Front-Wheel Drive,Automatic 4-spd
16747,Buick,Regal,2001,6,Regular,17,28,21,423.1904762,15.69571429,3.8,Front-Wheel Drive,Automatic 4-spd
16748,Buick,Regal,2001,6,Premium,16,26,20,444.35,16.4805,3.8,Front-Wheel Drive,Automatic 4-spd
16841,Buick,LeSabre,2001,6,Regular,17,27,20,444.35,16.4805,3.8,Front-Wheel Drive,Automatic 4-spd
16842,Buick,Park Avenue,2001,6,Regular,17,27,20,444.35,16.4805,3.8,Front-Wheel Drive,Automatic 4-spd
16843,Buick,Park Avenue,2001,6,Premium,16,26,20,444.35,16.4805,3.8,Front-Wheel Drive,Automatic 4-spd
17674,Buick,Century,2002,6,Regular,18,26,21,423.1904762,15.69571429,3.1,Front-Wheel Drive,Automatic 4-spd
17675,Buick,Regal,2002,6,Premium,16,25,19,467.7368421,17.34789474,3.8,Front-Wheel Drive,Automatic 4-spd
17676,Buick,Regal,2002,6,Regular,17,27,20,444.35,16.4805,3.8,Front-Wheel Drive,Automatic 4-spd
17771,Buick,LeSabre,2002,6,Regular,17,27,21,423.1904762,15.69571429,3.8,Front-Wheel Drive,Automatic 4-spd
17772,Buick,Park Avenue,2002,6,Premium,16,25,19,467.7368421,17.34789474,3.8,Front-Wheel Drive,Automatic 4-spd
17773,Buick,Park Avenue,2002,6,Regular,17,27,21,423.1904762,15.69571429,3.8,Front-Wheel Drive,Automatic 4-spd
18043,Buick,Rendezvous FWD,2002,6,Regular,17,24,20,444.35,16.4805,3.4,Front-Wheel Drive,Automatic 4-spd
18144,Buick,Rendezvous AWD,2002,6,Regular,16,22,18,493.7222222,18.31166667,3.4,4-Wheel or All-Wheel Drive,Automatic 4-spd
18639,Buick,Century,2003,6,Regular,18,26,21,423.1904762,15.69571429,3.1,Front-Wheel Drive,Automatic 4-spd
18640,Buick,Regal,2003,6,Premium,16,25,19,467.7368421,17.34789474,3.8,Front-Wheel Drive,Automatic 4-spd
18641,Buick,Regal,2003,6,Regular,17,27,20,444.35,16.4805,3.8,Front-Wheel Drive,Automatic 4-spd
18725,Buick,LeSabre,2003,6,Regular,17,27,21,423.1904762,15.69571429,3.8,Front-Wheel Drive,Automatic 4-spd
18726,Buick,Park Avenue,2003,6,Premium,16,25,19,467.7368421,17.34789474,3.8,Front-Wheel Drive,Automatic 4-spd
18727,Buick,Park Avenue,2003,6,Regular,17,27,21,423.1904762,15.69571429,3.8,Front-Wheel Drive,Automatic 4-spd
19018,Buick,Rendezvous FWD,2003,6,Regular,17,24,20,444.35,16.4805,3.4,Front-Wheel Drive,Automatic 4-spd
19125,Buick,Rendezvous AWD,2003,6,Regular,16,22,18,493.7222222,18.31166667,3.4,4-Wheel or All-Wheel Drive,Automatic 4-spd
1945,Buick,Skyhawk,1986,4,Premium,18,24,20,444.35,16.4805,1.8,Front-Wheel Drive,Automatic 3-spd
1946,Buick,Skyhawk,1986,4,Regular,21,28,24,370.2916667,13.73375,1.8,Front-Wheel Drive,Automatic 3-spd
1947,Buick,Skyhawk,1986,4,Premium,19,26,21,423.1904762,15.69571429,1.8,Front-Wheel Drive,Manual 4-spd
1948,Buick,Skyhawk,1986,4,Regular,23,34,27,329.1481481,12.20777778,1.8,Front-Wheel Drive,Manual 5-spd
1949,Buick,Skyhawk,1986,4,Regular,20,26,22,403.9545455,14.98227273,2,Front-Wheel Drive,Automatic 3-spd
1950,Buick,Skyhawk,1986,4,Regular,22,29,25,355.48,13.1844,2,Front-Wheel Drive,Manual 4-spd
1951,Buick,Somerset/Skylark,1986,4,Regular,20,29,23,386.3913043,14.33086957,2.5,Front-Wheel Drive,Automatic 3-spd
1952,Buick,Somerset/Skylark,1986,4,Regular,21,31,24,370.2916667,13.73375,2.5,Front-Wheel Drive,Manual 5-spd
1953,Buick,Somerset/Skylark,1986,6,Regular,17,25,20,444.35,16.4805,3,Front-Wheel Drive,Automatic 3-spd
19727,Buick,Century,2004,6,Regular,18,27,21,423.1904762,15.69571429,3.1,Front-Wheel Drive,Automatic 4-spd
19728,Buick,Regal,2004,6,Regular,18,28,21,423.1904762,15.69571429,3.8,Front-Wheel Drive,Automatic 4-spd
19729,Buick,Regal,2004,6,Premium,16,26,20,444.35,16.4805,3.8,Front-Wheel Drive,Automatic 4-spd
19827,Buick,LeSabre,2004,6,Regular,18,27,21,423.1904762,15.69571429,3.8,Front-Wheel Drive,Automatic 4-spd
19828,Buick,Park Avenue,2004,6,Regular,18,27,21,423.1904762,15.69571429,3.8,Front-Wheel Drive,Automatic 4-spd
19829,Buick,Park Avenue,2004,6,Premium,16,26,20,444.35,16.4805,3.8,Front-Wheel Drive,Automatic 4-spd
20146,Buick,Rainier 2WD,2004,6,Regular,14,19,16,555.4375,20.600625,4.2,Rear-Wheel Drive,Automatic 4-spd
20147,Buick,Rainier 2WD,2004,8,Regular,14,18,16,555.4375,20.600625,5.3,Rear-Wheel Drive,Automatic 4-spd
20148,Buick,Rendezvous FWD,2004,6,Regular,17,24,20,444.35,16.4805,3.4,Front-Wheel Drive,Automatic 4-spd
20254,Buick,Rainier AWD,2004,6,Regular,14,19,16,555.4375,20.600625,4.2,4-Wheel or All-Wheel Drive,Automatic 4-spd
20255,Buick,Rainier AWD,2004,8,Regular,13,17,15,592.4666667,21.974,5.3,4-Wheel or All-Wheel Drive,Automatic 4-spd
20256,Buick,Rendezvous AWD,2004,6,Regular,16,22,18,493.7222222,18.31166667,3.4,4-Wheel or All-Wheel Drive,Automatic 4-spd
20257,Buick,Rendezvous AWD,2004,6,Regular,16,23,19,467.7368421,17.34789474,3.6,4-Wheel or All-Wheel Drive,Automatic 4-spd
20846,Buick,Century,2005,6,Regular,18,27,21,423.1904762,15.69571429,3.1,Front-Wheel Drive,Automatic 4-spd
20847,Buick,Lacrosse/Allure,2005,6,Regular,17,25,20,444.35,16.4805,3.6,Front-Wheel Drive,Automatic 4-spd
20848,Buick,Lacrosse/Allure,2005,6,Regular,18,27,21,423.1904762,15.69571429,3.8,Front-Wheel Drive,Automatic 4-spd
20950,Buick,LeSabre,2005,6,Regular,18,27,21,423.1904762,15.69571429,3.8,Front-Wheel Drive,Automatic 4-spd
20951,Buick,Park Avenue,2005,6,Premium,17,26,20,444.35,16.4805,3.8,Front-Wheel Drive,Automatic 4-spd
20952,Buick,Park Avenue,2005,6,Regular,18,27,21,423.1904762,15.69571429,3.8,Front-Wheel Drive,Automatic 4-spd
2096,Buick,Century,1986,4,Regular,19,29,23,386.3913043,14.33086957,2.5,Front-Wheel Drive,Automatic 3-spd
2097,Buick,Century,1986,6,Regular,17,24,19,467.7368421,17.34789474,2.8,Front-Wheel Drive,Automatic 3-spd
2098,Buick,Century,1986,6,Regular,18,26,20,444.35,16.4805,2.8,Front-Wheel Drive,Automatic 4-spd
2099,Buick,Century,1986,6,Regular,17,26,20,444.35,16.4805,3.8,Front-Wheel Drive,Automatic 4-spd
2100,Buick,Regal,1986,6,Regular,16,22,18,493.7222222,18.31166667,3.8,Rear-Wheel Drive,Automatic 3-spd
2101,Buick,Regal,1986,6,Premium,15,22,18,493.7222222,18.31166667,3.8,Rear-Wheel Drive,Automatic 4-spd
2102,Buick,Regal,1986,8,Regular,15,21,17,522.7647059,19.38882353,5,Rear-Wheel Drive,Automatic 3-spd
2103,Buick,Regal,1986,8,Regular,16,23,19,467.7368421,17.34789474,5,Rear-Wheel Drive,Automatic 4-spd
2104,Buick,Riviera,1986,6,Regular,17,27,20,444.35,16.4805,3.8,Front-Wheel Drive,Automatic 4-spd
21223,Buick,Terraza FWD,2005,6,Regular,16,23,18,493.7222222,18.31166667,3.5,Front-Wheel Drive,Automatic 4-spd
21246,Buick,Terraza AWD,2005,6,Regular,15,21,17,522.7647059,19.38882353,3.5,4-Wheel or All-Wheel Drive,Automatic 4-spd
21251,Buick,Rainier 2WD,2005,6,Regular,14,20,16,555.4375,20.600625,4.2,Rear-Wheel Drive,Automatic 4-spd
21252,Buick,Rainier 2WD,2005,8,Regular,14,19,16,555.4375,20.600625,5.3,Rear-Wheel Drive,Automatic 4-spd
21253,Buick,Rendezvous FWD,2005,6,Regular,17,24,19,467.7368421,17.34789474,3.4,Front-Wheel Drive,Automatic 4-spd
21254,Buick,Rendezvous FWD,2005,6,Regular,16,24,19,467.7368421,17.34789474,3.6,Front-Wheel Drive,Automatic 4-spd
21363,Buick,Rainier AWD,2005,6,Regular,14,19,16,555.4375,20.600625,4.2,4-Wheel or All-Wheel Drive,Automatic 4-spd
21364,Buick,Rainier AWD,2005,8,Regular,14,17,15,592.4666667,21.974,5.3,4-Wheel or All-Wheel Drive,Automatic 4-spd
21365,Buick,Rendezvous AWD,2005,6,Regular,16,22,18,493.7222222,18.31166667,3.4,4-Wheel or All-Wheel Drive,Automatic 4-spd
21366,Buick,Rendezvous AWD,2005,6,Regular,16,23,18,493.7222222,18.31166667,3.6,4-Wheel or All-Wheel Drive,Automatic 4-spd
21936,Buick,Lacrosse/Allure,2006,6,Regular,17,25,20,444.35,16.4805,3.6,Front-Wheel Drive,Automatic 4-spd
21937,Buick,Lacrosse/Allure,2006,6,Regular,17,28,21,423.1904762,15.69571429,3.8,Front-Wheel Drive,Automatic 4-spd
22030,Buick,Lucerne,2006,6,Regular,17,26,20,444.35,16.4805,3.8,Front-Wheel Drive,Automatic 4-spd
22031,Buick,Lucerne,2006,8,Regular,15,23,18,493.7222222,18.31166667,4.6,Front-Wheel Drive,Automatic 4-spd
2204,Buick,Electra/Park Avenue,1986,6,Regular,17,27,20,444.35,16.4805,3.8,Front-Wheel Drive,Automatic 4-spd
2205,Buick,LeSabre,1986,6,Regular,16,24,19,467.7368421,17.34789474,3,Front-Wheel Drive,Automatic 4-spd
2206,Buick,LeSabre,1986,6,Regular,17,27,20,444.35,16.4805,3.8,Front-Wheel Drive,Automatic 4-spd
2230,Buick,Skyhawk Wagon,1986,4,Regular,21,28,24,370.2916667,13.73375,1.8,Front-Wheel Drive,Automatic 3-spd
2231,Buick,Skyhawk Wagon,1986,4,Regular,23,34,27,329.1481481,12.20777778,1.8,Front-Wheel Drive,Manual 5-spd
22319,Buick,Terraza FWD,2006,6,Regular,16,23,19,467.7368421,17.34789474,3.5,Front-Wheel Drive,Automatic 4-spd
2232,Buick,Skyhawk Wagon,1986,4,Regular,20,26,22,403.9545455,14.98227273,2,Front-Wheel Drive,Automatic 3-spd
22320,Buick,Terraza FWD,2006,6,Regular,16,23,19,467.7368421,17.34789474,3.9,Front-Wheel Drive,Automatic 4-spd
2233,Buick,Skyhawk Wagon,1986,4,Regular,22,29,25,355.48,13.1844,2,Front-Wheel Drive,Manual 4-spd
22343,Buick,Terraza AWD,2006,6,Regular,15,21,17,522.7647059,19.38882353,3.5,4-Wheel or All-Wheel Drive,Automatic 4-spd
22349,Buick,Rainier 2WD,2006,6,Regular,14,20,16,555.4375,20.600625,4.2,Rear-Wheel Drive,Automatic 4-spd
22350,Buick,Rainier 2WD,2006,8,Regular,14,20,17,522.7647059,19.38882353,5.3,Rear-Wheel Drive,Automatic 4-spd
22351,Buick,Rendezvous FWD,2006,6,Regular,17,23,19,467.7368421,17.34789474,3.5,Front-Wheel Drive,Automatic 4-spd
22352,Buick,Rendezvous FWD,2006,6,Regular,16,25,19,467.7368421,17.34789474,3.6,Front-Wheel Drive,Automatic 4-spd
22469,Buick,Rainier AWD,2006,6,Regular,14,20,16,555.4375,20.600625,4.2,4-Wheel or All-Wheel Drive,Automatic 4-spd
22470,Buick,Rainier AWD,2006,8,Regular,14,20,16,555.4375,20.600625,5.3,4-Wheel or All-Wheel Drive,Automatic 4-spd
22471,Buick,Rendezvous AWD,2006,6,Regular,16,21,18,493.7222222,18.31166667,3.5,4-Wheel or All-Wheel Drive,Automatic 4-spd
22472,Buick,Rendezvous AWD,2006,6,Regular,16,23,19,467.7368421,17.34789474,3.6,4-Wheel or All-Wheel Drive,Automatic 4-spd
2288,Buick,Century Wagon,1986,4,Regular,19,26,21,423.1904762,15.69571429,2.5,Front-Wheel Drive,Automatic 3-spd
2289,Buick,Century Wagon,1986,6,Regular,17,23,19,467.7368421,17.34789474,2.8,Front-Wheel Drive,Automatic 3-spd
2290,Buick,Century Wagon,1986,6,Regular,17,23,19,467.7368421,17.34789474,2.8,Front-Wheel Drive,Automatic 4-spd
2291,Buick,Century Wagon,1986,6,Regular,17,27,20,444.35,16.4805,3.8,Front-Wheel Drive,Automatic 4-spd
22936,Buick,Rainier AWD,2007,6,Regular,14,20,16,555.4375,20.600625,4.2,4-Wheel or All-Wheel Drive,Automatic 4-spd
22947,Buick,Rainier 2WD,2007,6,Regular,14,20,16,555.4375,20.600625,4.2,Rear-Wheel Drive,Automatic 4-spd
23240,Buick,Lacrosse/Allure,2007,6,Regular,17,25,20,444.35,16.4805,3.6,Front-Wheel Drive,Automatic 4-spd
23241,Buick,Lacrosse/Allure,2007,6,Regular,17,27,21,423.1904762,15.69571429,3.8,Front-Wheel Drive,Automatic 4-spd
23281,Buick,Lucerne,2007,6,Regular,17,26,20,444.35,16.4805,3.8,Front-Wheel Drive,Automatic 4-spd
23282,Buick,Lucerne,2007,8,Regular,15,23,18,493.7222222,18.31166667,4.6,Front-Wheel Drive,Automatic 4-spd
2337,Buick,LeSabre/Electra Wagon,1986,8,Regular,15,22,17,522.7647059,19.38882353,5,Rear-Wheel Drive,Automatic 4-spd
23380,Buick,Terraza FWD,2007,6,Regular,16,23,19,467.7368421,17.34789474,3.9,Front-Wheel Drive,Automatic 4-spd
23383,Buick,Rainier 2WD,2007,8,Regular,14,20,17,522.7647059,19.38882353,5.3,Rear-Wheel Drive,Automatic 4-spd
23384,Buick,Rendezvous FWD,2007,6,Regular,17,23,19,467.7368421,17.34789474,3.5,Front-Wheel Drive,Automatic 4-spd
23403,Buick,Rainier AWD,2007,8,Regular,13,19,16,555.4375,20.600625,5.3,4-Wheel or All-Wheel Drive,Automatic 4-spd
23404,Buick,Rendezvous AWD,2007,6,Regular,16,21,18,493.7222222,18.31166667,3.5,4-Wheel or All-Wheel Drive,Automatic 4-spd
23896,Buick,Terraza FWD,2007,6,Gasoline or E85,16,23,19,467.7368421,17.34789474,3.9,Front-Wheel Drive,Automatic 4-spd
24039,Buick,Lacrosse/Allure,2008,8,Premium,16,24,19,467.7368421,17.34789474,5.3,Front-Wheel Drive,Automatic 4-spd
24081,Buick,Enclave FWD,2008,6,Regular,16,24,19,467.7368421,17.34789474,3.6,Front-Wheel Drive,Automatic 6-spd
24110,Buick,Enclave AWD,2008,6,Regular,16,22,18,493.7222222,18.31166667,3.6,4-Wheel or All-Wheel Drive,Automatic 6-spd
24356,Buick,Lacrosse/Allure,2008,6,Regular,17,25,20,444.35,16.4805,3.6,Front-Wheel Drive,Automatic 4-spd
24357,Buick,Lacrosse/Allure,2008,6,Regular,17,28,21,423.1904762,15.69571429,3.8,Front-Wheel Drive,Automatic 4-spd
24415,Buick,Lucerne,2008,6,Regular,16,25,19,467.7368421,17.34789474,3.8,Front-Wheel Drive,Automatic 4-spd
24416,Buick,Lucerne,2008,8,Regular,15,23,18,493.7222222,18.31166667,4.6,Front-Wheel Drive,Automatic 4-spd
24417,Buick,Lucerne,2008,8,Regular,15,22,18,493.7222222,18.31166667,4.6,Front-Wheel Drive,Automatic 4-spd
24559,Buick,Terraza FWD,2008,6,Regular,16,23,19,467.7368421,17.34789474,3.9,Front-Wheel Drive,Automatic 4-spd
249,Buick,Riviera Convertible,1985,6,Premium,14,22,17,522.7647059,19.38882353,3.8,Front-Wheel Drive,Automatic 4-spd
250,Buick,Riviera Convertible,1985,8,Regular,15,20,17,522.7647059,19.38882353,5,Front-Wheel Drive,Automatic 4-spd
251,Buick,Skyhawk,1985,4,Regular,21,29,24,370.2916667,13.73375,1.8,Front-Wheel Drive,Automatic 3-spd
25180,Buick,LeSabre,1996,6,Regular,17,27,20,444.35,16.4805,3.8,Front-Wheel Drive,Automatic 4-spd
252,Buick,Skyhawk,1985,4,Premium,18,23,20,444.35,16.4805,1.8,Front-Wheel Drive,Automatic 3-spd
253,Buick,Skyhawk,1985,4,Premium,19,24,21,423.1904762,15.69571429,1.8,Front-Wheel Drive,Manual 4-spd
254,Buick,Skyhawk,1985,4,Regular,23,32,26,341.8076923,12.67730769,1.8,Front-Wheel Drive,Manual 5-spd
25469,Buick,Lacrosse/Allure,2009,6,Regular,17,28,21,423.1904762,15.69571429,3.8,Front-Wheel Drive,Automatic 4-spd
25470,Buick,Lacrosse/Allure,2009,8,Regular,16,24,19,467.7368421,17.34789474,5.3,Front-Wheel Drive,Automatic 4-spd
255,Buick,Skyhawk,1985,4,Regular,22,27,24,370.2916667,13.73375,2,Front-Wheel Drive,Automatic 3-spd
25518,Buick,Lucerne,2009,6,Regular,17,26,20,444.35,16.4805,3.9,Front-Wheel Drive,Automatic 4-spd
25519,Buick,Lucerne,2009,8,Regular,15,22,18,493.7222222,18.31166667,4.6,Front-Wheel Drive,Automatic 4-spd
25598,Buick,Enclave FWD,2009,6,Regular,17,24,19,467.7368421,17.34789474,3.6,Front-Wheel Drive,Automatic 6-spd
256,Buick,Skyhawk,1985,4,Regular,23,32,26,341.8076923,12.67730769,2,Front-Wheel Drive,Manual 4-spd
25660,Buick,Enclave AWD,2009,6,Regular,16,22,18,493.7222222,18.31166667,3.6,4-Wheel or All-Wheel Drive,Automatic 6-spd
257,Buick,Skylark,1985,4,Regular,21,29,24,370.2916667,13.73375,2.5,Front-Wheel Drive,Automatic 3-spd
25730,Buick,Lucerne,2009,6,Gasoline or E85,17,26,21,423.1904762,15.69571429,3.9,Front-Wheel Drive,Automatic 4-spd
258,Buick,Skylark,1985,4,Regular,21,31,25,355.48,13.1844,2.5,Front-Wheel Drive,Manual 4-spd
259,Buick,Skylark,1985,6,Regular,18,24,20,444.35,16.4805,2.8,Front-Wheel Drive,Automatic 3-spd
260,Buick,Skylark,1985,6,Regular,17,24,19,467.7368421,17.34789474,2.8,Front-Wheel Drive,Manual 4-spd
261,Buick,Skylark,1985,6,Regular,18,24,20,444.35,16.4805,2.8,Front-Wheel Drive,Automatic 3-spd
262,Buick,Skylark,1985,6,Regular,16,22,18,493.7222222,18.31166667,2.8,Front-Wheel Drive,Manual 4-spd
263,Buick,Somerset Regal,1985,4,Regular,21,29,24,370.2916667,13.73375,2.5,Front-Wheel Drive,Automatic 3-spd
264,Buick,Somerset Regal,1985,4,Regular,21,31,25,355.48,13.1844,2.5,Front-Wheel Drive,Manual 5-spd
26465,Buick,Enclave FWD,2010,6,Regular,17,24,19,467.7368421,17.34789474,3.6,Front-Wheel Drive,Automatic 6-spd
26482,Buick,Enclave AWD,2010,6,Regular,16,22,18,493.7222222,18.31166667,3.6,All-Wheel Drive,Automatic 6-spd
265,Buick,Somerset Regal,1985,6,Regular,18,24,20,444.35,16.4805,3,Front-Wheel Drive,Automatic 3-spd
26800,Buick,Riviera Convertible,1984,6,Regular,13,20,15,592.4666667,21.974,3.8,,Automatic 4-spd
26801,Buick,Riviera Convertible,1984,6,Regular,13,20,15,592.4666667,21.974,4.1,,Automatic 4-spd
26802,Buick,Riviera Convertible,1984,8,Regular,14,20,16,555.4375,20.600625,5,,Automatic 4-spd
26803,Buick,Skyhawk,1984,4,Regular,21,29,24,370.2916667,13.73375,1.8,,Automatic 3-spd
26804,Buick,Skyhawk,1984,4,Regular,18,24,20,444.35,16.4805,1.8,,Automatic 3-spd
26805,Buick,Skyhawk,1984,4,Regular,19,26,22,403.9545455,14.98227273,1.8,,Manual 4-spd
26806,Buick,Skyhawk,1984,4,Regular,23,33,26,341.8076923,12.67730769,1.8,,Manual 5-spd
26807,Buick,Skyhawk,1984,4,Regular,22,29,25,355.48,13.1844,2,,Automatic 3-spd
26808,Buick,Skyhawk,1984,4,Regular,22,29,25,355.48,13.1844,2,,Manual 4-spd
26809,Buick,Skylark,1984,4,Regular,20,28,23,386.3913043,14.33086957,2.5,,Automatic 3-spd
26810,Buick,Skylark,1984,4,Regular,20,29,23,386.3913043,14.33086957,2.5,,Manual 4-spd
26811,Buick,Skylark,1984,6,Regular,17,24,19,467.7368421,17.34789474,2.8,,Automatic 3-spd
26812,Buick,Skylark,1984,6,Regular,17,24,19,467.7368421,17.34789474,2.8,,Manual 4-spd
26935,Buick,Century,1984,4,Regular,20,28,23,386.3913043,14.33086957,2.5,,Automatic 3-spd
26936,Buick,Century,1984,6,Regular,17,24,20,444.35,16.4805,3,,Automatic 3-spd
26937,Buick,Century,1984,6,Regular,16,23,19,467.7368421,17.34789474,3.8,,Automatic 4-spd
26938,Buick,Century,1984,6,Diesel,21,31,25,407.2,15.2874,4.3,,Automatic 3-spd
26939,Buick,Regal,1984,6,Regular,17,22,19,467.7368421,17.34789474,3.8,,Automatic 3-spd
26940,Buick,Regal,1984,6,Regular,14,20,16,555.4375,20.600625,3.8,,Automatic 4-spd
26941,Buick,Regal,1984,6,Regular,15,21,17,522.7647059,19.38882353,4.1,,Automatic 4-spd
26942,Buick,Regal,1984,6,Diesel,20,29,23,442.6086957,16.61673913,4.3,,Automatic 4-spd
26943,Buick,Regal,1984,8,Diesel,18,27,21,484.7619048,18.19928571,5.7,,Automatic 4-spd
26944,Buick,Riviera,1984,6,Regular,13,20,15,592.4666667,21.974,3.8,,Automatic 4-spd
26945,Buick,Riviera,1984,6,Regular,13,20,15,592.4666667,21.974,4.1,,Automatic 4-spd
26946,Buick,Riviera,1984,8,Regular,14,20,16,555.4375,20.600625,5,,Automatic 4-spd
26947,Buick,Riviera,1984,8,Diesel,18,26,21,484.7619048,18.19928571,5.7,,Automatic 4-spd
27049,Buick,Electra/Park Avenue,1984,6,Regular,14,19,16,555.4375,20.600625,4.1,2-Wheel Drive,Automatic 4-spd
27050,Buick,Electra/Park Avenue,1984,8,Regular,14,20,16,555.4375,20.600625,5,2-Wheel Drive,Automatic 4-spd
27051,Buick,Electra/Park Avenue,1984,8,Diesel,18,26,21,484.7619048,18.19928571,5.7,2-Wheel Drive,Automatic 4-spd
27052,Buick,LeSabre,1984,6,Regular,15,20,17,522.7647059,19.38882353,3.8,,Automatic 3-spd
27053,Buick,LeSabre,1984,6,Regular,14,19,16,555.4375,20.600625,4.1,,Automatic 4-spd
27054,Buick,LeSabre,1984,8,Regular,14,19,16,555.4375,20.600625,5,,Automatic 3-spd
27055,Buick,LeSabre,1984,8,Regular,14,21,16,555.4375,20.600625,5,,Automatic 4-spd
27056,Buick,LeSabre,1984,8,Diesel,18,26,21,484.7619048,18.19928571,5.7,,Automatic 4-spd
27082,Buick,Skyhawk Wagon,1984,4,Regular,21,29,24,370.2916667,13.73375,1.8,,Automatic 3-spd
27083,Buick,Skyhawk Wagon,1984,4,Regular,23,33,26,341.8076923,12.67730769,1.8,,Manual 5-spd
27084,Buick,Skyhawk Wagon,1984,4,Regular,18,26,21,423.1904762,15.69571429,2,,Automatic 3-spd
27085,Buick,Skyhawk Wagon,1984,4,Regular,21,28,23,386.3913043,14.33086957,2,,Manual 4-spd
27145,Buick,Century Estate Wagon,1984,4,Regular,19,26,22,403.9545455,14.98227273,2.5,,Automatic 3-spd
27146,Buick,Century Estate Wagon,1984,6,Regular,15,21,17,522.7647059,19.38882353,3,,Automatic 3-spd
27147,Buick,Century Estate Wagon,1984,6,Regular,16,23,19,467.7368421,17.34789474,3.8,,Automatic 4-spd
27148,Buick,Century Estate Wagon,1984,6,Diesel,21,31,25,407.2,15.2874,4.3,,Automatic 3-spd
27192,Buick,Electra Estate Wagon,1984,8,Regular,14,20,16,555.4375,20.600625,5,,Automatic 4-spd
27193,Buick,Electra Estate Wagon,1984,8,Diesel,18,26,21,484.7619048,18.19928571,5.7,,Automatic 4-spd
27891,Buick,Riviera Convertible,1984,6,Regular,13,19,15,592.4666667,21.974,4.1,,Automatic 4-spd
27892,Buick,Riviera Convertible,1984,8,Regular,14,20,16,555.4375,20.600625,5,,Automatic 4-spd
27893,Buick,Skyhawk,1984,4,Regular,21,29,24,370.2916667,13.73375,1.8,,Automatic 3-spd
27894,Buick,Skyhawk,1984,4,Regular,18,23,20,444.35,16.4805,1.8,,Automatic 3-spd
27895,Buick,Skyhawk,1984,4,Regular,20,26,22,403.9545455,14.98227273,1.8,,Manual 4-spd
27896,Buick,Skyhawk,1984,4,Regular,23,32,26,341.8076923,12.67730769,1.8,,Manual 5-spd
27897,Buick,Skyhawk,1984,4,Regular,19,26,22,403.9545455,14.98227273,2,,Automatic 3-spd
27898,Buick,Skyhawk,1984,4,Regular,21,30,24,370.2916667,13.73375,2,,Manual 4-spd
27899,Buick,Skylark,1984,4,Regular,20,28,23,386.3913043,14.33086957,2.5,,Automatic 3-spd
27900,Buick,Skylark,1984,4,Regular,20,29,23,386.3913043,14.33086957,2.5,,Manual 4-spd
27901,Buick,Skylark,1984,6,Regular,17,23,19,467.7368421,17.34789474,2.8,,Automatic 3-spd
27902,Buick,Skylark,1984,6,Regular,17,24,20,444.35,16.4805,2.8,,Manual 4-spd
28003,Buick,Century,1984,4,Regular,20,28,23,386.3913043,14.33086957,2.5,,Automatic 3-spd
28004,Buick,Century,1984,6,Regular,16,22,18,493.7222222,18.31166667,3,,Automatic 3-spd
28005,Buick,Century,1984,6,Regular,16,23,19,467.7368421,17.34789474,3.8,,Automatic 4-spd
28006,Buick,Century,1984,6,Diesel,21,29,24,424.1666667,15.924375,4.3,,Automatic 3-spd
28007,Buick,Century,1984,6,Diesel,21,31,24,424.1666667,15.924375,4.3,,Automatic 4-spd
28008,Buick,Regal,1984,6,Regular,16,22,18,493.7222222,18.31166667,3.8,,Automatic 3-spd
28009,Buick,Regal,1984,6,Regular,14,20,16,555.4375,20.600625,3.8,,Automatic 4-spd
28010,Buick,Regal,1984,6,Regular,15,20,17,522.7647059,19.38882353,4.1,,Automatic 4-spd
28011,Buick,Regal,1984,6,Diesel,19,29,22,462.7272727,17.37204545,4.3,,Automatic 4-spd
28012,Buick,Riviera,1984,6,Regular,13,19,15,592.4666667,21.974,4.1,,Automatic 4-spd
28013,Buick,Riviera,1984,8,Regular,14,20,16,555.4375,20.600625,5,,Automatic 4-spd
28098,Buick,Electra/Park Avenue,1984,6,Regular,15,20,16,555.4375,20.600625,4.1,,Automatic 4-spd
28099,Buick,Electra/Park Avenue,1984,8,Regular,13,20,15,592.4666667,21.974,5,,Automatic 4-spd
28100,Buick,Electra/Park Avenue,1984,6,Diesel,21,31,24,424.1666667,15.924375,4.3,,Automatic 4-spd
28101,Buick,LeSabre,1984,6,Regular,15,20,17,522.7647059,19.38882353,3.8,,Automatic 3-spd
28102,Buick,LeSabre,1984,6,Regular,15,20,16,555.4375,20.600625,4.1,,Automatic 4-spd
28103,Buick,LeSabre,1984,8,Regular,14,19,16,555.4375,20.600625,5,,Automatic 3-spd
28104,Buick,LeSabre,1984,8,Regular,14,20,16,555.4375,20.600625,5,,Automatic 4-spd
28121,Buick,Skyhawk Wagon,1984,4,Regular,21,29,24,370.2916667,13.73375,1.8,,Automatic 3-spd
28122,Buick,Skyhawk Wagon,1984,4,Regular,23,32,26,341.8076923,12.67730769,1.8,,Manual 5-spd
28123,Buick,Skyhawk Wagon,1984,4,Regular,18,26,21,423.1904762,15.69571429,2,,Automatic 3-spd
28124,Buick,Skyhawk Wagon,1984,4,Regular,21,28,23,386.3913043,14.33086957,2,,Manual 4-spd
28173,Buick,Century Estate Wagon,1984,4,Regular,19,26,22,403.9545455,14.98227273,2.5,,Automatic 3-spd
28174,Buick,Century Estate Wagon,1984,6,Regular,15,20,17,522.7647059,19.38882353,3,,Automatic 3-spd
28175,Buick,Century Estate Wagon,1984,6,Regular,16,23,19,467.7368421,17.34789474,3.8,,Automatic 4-spd
28176,Buick,Century Estate Wagon,1984,6,Diesel,21,29,24,424.1666667,15.924375,4.3,,Automatic 3-spd
28177,Buick,Century Estate Wagon,1984,6,Diesel,21,31,24,424.1666667,15.924375,4.3,,Automatic 4-spd
28219,Buick,Electra Estate Wagon,1984,8,Regular,13,20,15,592.4666667,21.974,5,,Automatic 4-spd
28653,Buick,Lucerne,2010,8,Regular,15,22,18,493.7222222,18.31166667,4.6,Front-Wheel Drive,Automatic 4-spd
28654,Buick,Lucerne,2010,6,Regular,17,26,20,444.35,16.4805,3.9,Front-Wheel Drive,Automatic 4-spd
28655,Buick,Lucerne FFV,2010,6,Gasoline or E85,17,26,20,444.35,16.4805,3.9,Front-Wheel Drive,Automatic 4-spd
29116,Buick,Regal,1996,6,Regular,17,27,21,423.1904762,15.69571429,3.8,Front-Wheel Drive,Automatic 4-spd
29117,Buick,Riviera,1996,6,Regular,17,27,21,423.1904762,15.69571429,3.8,Front-Wheel Drive,Automatic 4-spd
29118,Buick,Riviera,1996,6,Premium,16,25,19,467.7368421,17.34789474,3.8,Front-Wheel Drive,Automatic 4-spd
29124,Buick,Park Avenue,1996,6,Regular,17,27,21,423.1904762,15.69571429,3.8,Front-Wheel Drive,Automatic 4-spd
29125,Buick,Park Avenue,1996,6,Premium,16,25,19,467.7368421,17.34789474,3.8,Front-Wheel Drive,Automatic 4-spd
29149,Buick,Regal/Century,1997,6,Premium,16,26,19,467.7368421,17.34789474,3.8,Front-Wheel Drive,Automatic 4-spd
29315,Buick,Lacrosse/Allure,2010,6,Regular,17,26,20,444.35,16.4805,3,Front-Wheel Drive,Automatic (S6)
29410,Buick,Lacrosse/Allure AWD,2010,6,Regular,16,25,19,467.7368421,17.34789474,3,4-Wheel or All-Wheel Drive,Automatic (S6)
29500,Buick,Lacrosse/Allure,2010,6,Regular,17,27,21,423.1904762,15.69571429,3.6,Front-Wheel Drive,Automatic (S6)
29919,Buick,Lacrosse/Allure,2010,4,Regular,19,30,23,386.3913043,14.33086957,2.4,Front-Wheel Drive,Automatic (S6)
30075,Buick,Regal,2011,4,Regular,19,30,23,386.3913043,14.33086957,2.4,Front-Wheel Drive,Automatic (S6)
30377,Buick,LaCrosse,2011,4,Regular,19,29,23,386.3913043,14.33086957,2.4,Front-Wheel Drive,Automatic (S6)
30381,Buick,LaCrosse,2011,6,Regular,17,27,20,444.35,16.4805,3.6,Front-Wheel Drive,Automatic (S6)
30385,Buick,LaCrosse AWD,2011,6,Regular,16,26,20,444.35,16.4805,3.6,All-Wheel Drive,Automatic (S6)
30406,Buick,Lucerne,2011,6,Gasoline or E85,17,26,21,423.1904762,15.69571429,3.9,Front-Wheel Drive,Automatic 4-spd
30409,Buick,Lucerne,2011,8,Regular,15,23,18,493.7222222,18.31166667,4.6,Front-Wheel Drive,Automatic 4-spd
30514,Buick,Enclave FWD,2011,6,Regular,17,24,19,467.7368421,17.34789474,3.6,Front-Wheel Drive,Automatic 6-spd
30558,Buick,Enclave AWD,2011,6,Regular,16,22,18,493.7222222,18.31166667,3.6,All-Wheel Drive,Automatic 6-spd
31008,Buick,Regal,2011,4,Gasoline or E85,18,28,21,423.1904762,15.69571429,2,Front-Wheel Drive,Automatic (S6)
31009,Buick,Regal,2011,4,Gasoline or E85,20,31,24,370.2916667,13.73375,2,Front-Wheel Drive,Manual 6-spd
31359,Buick,Regal,2012,4,Gasoline or E85,18,29,22,403.9545455,14.98227273,2,Front-Wheel Drive,Automatic (S6)
31360,Buick,Regal,2012,4,Gasoline or E85,20,31,24,370.2916667,13.73375,2,Front-Wheel Drive,Manual 6-spd
31361,Buick,LaCrosse,2012,6,Gasoline or E85,17,27,21,423.1904762,15.69571429,3.6,Front-Wheel Drive,Automatic (S6)
31362,Buick,LaCrosse AWD,2012,6,Gasoline or E85,16,26,20,444.35,16.4805,3.6,All-Wheel Drive,Automatic (S6)
31363,Buick,Regal eAssist,2012,4,Regular,24,35,28,317.3928571,11.77178571,2.4,Front-Wheel Drive,Auto(AV-S6)
31364,Buick,LaCrosse eAssist,2012,4,Regular,24,35,28,317.3928571,11.77178571,2.4,Front-Wheel Drive,Auto(AV-S6)
31464,Buick,Enclave FWD,2012,6,Regular,17,24,19,467.7368421,17.34789474,3.6,Front-Wheel Drive,Automatic 6-spd
31606,Buick,Enclave AWD,2012,6,Regular,16,22,18,493.7222222,18.31166667,3.6,All-Wheel Drive,Automatic 6-spd
31739,Buick,Regal,2012,4,Regular,19,26,22,403.9545455,14.98227273,2,Front-Wheel Drive,Manual 6-spd
3174,Buick,Skyhawk,1987,4,Regular,21,29,24,370.2916667,13.73375,2,Front-Wheel Drive,Automatic 3-spd
31740,Buick,Regal,2012,4,Gasoline or E85,19,30,23,386.3913043,14.33086957,2.4,Front-Wheel Drive,Automatic (S6)
31741,Buick,Regal,2012,4,Regular,19,30,23,386.3913043,14.33086957,2.4,Front-Wheel Drive,Automatic (S6)
31742,Buick,Regal,2012,4,Gasoline or E85,18,28,22,403.9545455,14.98227273,2,Front-Wheel Drive,Automatic (S6)
3175,Buick,Skyhawk,1987,4,Premium,18,25,21,423.1904762,15.69571429,2,Front-Wheel Drive,Automatic 3-spd
3176,Buick,Skyhawk,1987,4,Regular,22,30,25,355.48,13.1844,2,Front-Wheel Drive,Manual 4-spd
3177,Buick,Skyhawk,1987,4,Premium,18,29,22,403.9545455,14.98227273,2,Front-Wheel Drive,Manual 5-spd
3178,Buick,Skyhawk,1987,4,Regular,22,29,25,355.48,13.1844,2,Front-Wheel Drive,Automatic 3-spd
3179,Buick,Skyhawk,1987,4,Regular,23,33,26,341.8076923,12.67730769,2,Front-Wheel Drive,Manual 5-spd
3180,Buick,Somerset/Skylark,1987,4,Regular,19,29,23,386.3913043,14.33086957,2.5,Front-Wheel Drive,Automatic 3-spd
3181,Buick,Somerset/Skylark,1987,4,Regular,19,29,23,386.3913043,14.33086957,2.5,Front-Wheel Drive,Manual 5-spd
3182,Buick,Somerset/Skylark,1987,6,Regular,17,25,20,444.35,16.4805,3,Front-Wheel Drive,Automatic 3-spd
32160,Buick,Verano,2012,4,Gasoline or E85,21,31,24,370.2916667,13.73375,2.4,Front-Wheel Drive,Automatic (S6)
32162,Buick,LaCrosse,2012,6,Gasoline or E85,17,27,21,423.1904762,15.69571429,3.6,Front-Wheel Drive,Automatic (S6)
32185,Buick,Regal,2012,4,Regular,19,26,22,403.9545455,14.98227273,2,Front-Wheel Drive,Automatic (S6)
32399,Buick,Regal eAssist,2013,4,Regular,25,36,29,312,11.36586207,2.4,Front-Wheel Drive,Automatic (S6)
32400,Buick,LaCrosse eAssist,2013,4,Regular,25,36,29,312,11.36586207,2.4,Front-Wheel Drive,Automatic (S6)
32490,Buick,LaCrosse,2013,6,Regular,17,27,21,433,15.69571429,3.6,Front-Wheel Drive,Automatic (S6)
32528,Buick,Verano,2013,4,Gasoline or E85,21,31,24,363,13.73375,2.4,Front-Wheel Drive,Automatic (S6)
32535,Buick,LaCrosse,2013,6,Gasoline or E85,17,27,21,432,15.69571429,3.6,Front-Wheel Drive,Automatic (S6)
32536,Buick,Regal,2013,4,Gasoline or E85,18,28,22,409,14.98227273,2,Front-Wheel Drive,Automatic (S6)
32537,Buick,Regal,2013,4,Gasoline or E85,20,31,24,376,13.73375,2,Front-Wheel Drive,Manual 6-spd
32538,Buick,Regal,2013,4,Gasoline or E85,18,28,22,409,14.98227273,2,Front-Wheel Drive,Automatic (S6)
32689,Buick,Verano,2013,4,Regular,20,31,24,372,13.73375,2,Front-Wheel Drive,Manual 6-spd
32704,Buick,Regal,2013,4,Regular,19,27,22,407,14.98227273,2,Front-Wheel Drive,Manual 6-spd
32705,Buick,LaCrosse AWD,2013,6,Gasoline or E85,17,25,20,453,16.4805,3.6,All-Wheel Drive,Automatic (S6)
32706,Buick,Regal,2013,4,Gasoline or E85,19,30,23,381,14.33086957,2.4,Front-Wheel Drive,Automatic (S6)
32707,Buick,Regal,2013,4,Regular,19,30,23,381,14.33086957,2.4,Front-Wheel Drive,Automatic (S6)
33081,Buick,Regal,2013,4,Regular,19,26,22,409,14.98227273,2,Front-Wheel Drive,Automatic (S6)
33131,Buick,Enclave FWD,2013,6,Regular,17,24,19,465,17.34789474,3.6,Front-Wheel Drive,Automatic 6-spd
33134,Buick,Enclave AWD,2013,6,Regular,16,22,18,494,18.31166667,3.6,All-Wheel Drive,Automatic 6-spd
33153,Buick,Verano,2013,4,Regular,21,29,24,373,13.73375,2,Front-Wheel Drive,Automatic (S6)
33226,Buick,Encore,2013,4,Regular,25,33,28,320,11.77178571,1.4,Front-Wheel Drive,Automatic (S6)
33392,Buick,Encore AWD,2013,4,Regular,23,29,25,351,13.1844,1.4,All-Wheel Drive,Automatic (S6)
3356,Buick,Century,1987,4,Regular,19,29,23,386.3913043,14.33086957,2.5,Front-Wheel Drive,Automatic 3-spd
3357,Buick,Century,1987,6,Regular,18,24,20,444.35,16.4805,2.8,Front-Wheel Drive,Automatic 3-spd
3358,Buick,Century,1987,6,Regular,18,26,21,423.1904762,15.69571429,2.8,Front-Wheel Drive,Automatic 4-spd
3359,Buick,Century,1987,6,Regular,16,25,19,467.7368421,17.34789474,3.8,Front-Wheel Drive,Automatic 4-spd
3360,Buick,Regal,1987,6,Regular,17,22,19,467.7368421,17.34789474,3.8,Rear-Wheel Drive,Automatic 3-spd
3361,Buick,Regal,1987,6,Premium,15,23,18,493.7222222,18.31166667,3.8,Rear-Wheel Drive,Automatic 4-spd
3362,Buick,Regal,1987,8,Regular,15,21,18,493.7222222,18.31166667,5,Rear-Wheel Drive,Automatic 3-spd
3363,Buick,Regal,1987,8,Regular,16,23,18,493.7222222,18.31166667,5,Rear-Wheel Drive,Automatic 4-spd
3364,Buick,Riviera,1987,6,Regular,16,25,19,467.7368421,17.34789474,3.8,Front-Wheel Drive,Automatic 4-spd
33641,Buick,Verano,2014,4,Regular,20,31,24,372,13.73375,2,Front-Wheel Drive,Manual 6-spd
33718,Buick,Encore,2014,4,Regular,25,33,28,320,11.77178571,1.4,Front-Wheel Drive,Automatic (S6)
33734,Buick,Enclave FWD,2014,6,Regular,17,24,19,465,17.34789474,3.6,Front-Wheel Drive,Automatic 6-spd
33744,Buick,Enclave AWD,2014,6,Regular,16,22,18,494,18.31166667,3.6,All-Wheel Drive,Automatic 6-spd
33801,Buick,Verano,2014,4,Regular,21,29,24,373,13.73375,2,Front-Wheel Drive,Automatic (S6)
33802,Buick,Verano,2014,4,Regular,21,31,24,363,13.73375,2.4,Front-Wheel Drive,Automatic (S6)
33836,Buick,LaCrosse,2014,6,Gasoline or E85,18,28,21,422,15.69571429,3.6,Front-Wheel Drive,Automatic (S6)
33837,Buick,Regal eAssist,2014,4,Regular,24,35,28,312,11.77178571,2.4,Front-Wheel Drive,Automatic (S6)
33838,Buick,LaCrosse eAssist,2014,4,Regular,24,35,28,312,11.77178571,2.4,Front-Wheel Drive,Automatic (S6)
33839,Buick,LaCrosse AWD,2014,6,Gasoline or E85,17,26,20,438,16.4805,3.6,All-Wheel Drive,Automatic (S6)
33876,Buick,Encore AWD,2014,4,Regular,23,29,25,351,13.1844,1.4,All-Wheel Drive,Automatic (S6)
34176,Buick,LaCrosse,2014,6,Regular,18,28,21,417,15.69571429,3.6,Front-Wheel Drive,Automatic (S6)
34177,Buick,Regal,2014,4,Regular,21,29,24,373,13.73375,2,Front-Wheel Drive,Automatic (S6)
34178,Buick,Regal,2014,4,Regular,19,30,23,381,14.33086957,2.4,Front-Wheel Drive,Automatic (S6)
34179,Buick,Regal,2014,4,Regular,20,31,24,372,13.73375,2,Front-Wheel Drive,Manual 6-spd
34283,Buick,Regal AWD,2014,4,Regular,19,27,22,407,14.98227273,2,All-Wheel Drive,Automatic (S6)
3457,Buick,Electra/Park Avenue,1987,6,Regular,16,25,19,467.7368421,17.34789474,3.8,Front-Wheel Drive,Automatic 4-spd
3458,Buick,LeSabre,1987,6,Regular,16,25,19,467.7368421,17.34789474,3.8,Front-Wheel Drive,Automatic 4-spd
3483,Buick,Skyhawk Wagon,1987,4,Regular,21,29,24,370.2916667,13.73375,2,Front-Wheel Drive,Automatic 3-spd
3484,Buick,Skyhawk Wagon,1987,4,Regular,22,30,25,355.48,13.1844,2,Front-Wheel Drive,Manual 4-spd
3485,Buick,Skyhawk Wagon,1987,4,Regular,21,28,24,370.2916667,13.73375,2,Front-Wheel Drive,Automatic 3-spd
3486,Buick,Skyhawk Wagon,1987,4,Regular,23,33,26,341.8076923,12.67730769,2,Front-Wheel Drive,Manual 5-spd
34982,Buick,Verano,2015,4,Regular,20,31,24,372,13.73375,2,Front-Wheel Drive,Manual 6-spd
34983,Buick,Verano,2015,4,Regular,21,29,24,373,13.73375,2,Front-Wheel Drive,Automatic (S6)
34998,Buick,Regal AWD,2015,4,Regular,19,27,22,407,14.98227273,2,All-Wheel Drive,Automatic (S6)
34999,Buick,LaCrosse,2015,6,Regular,18,28,21,419,15.69571429,3.6,Front-Wheel Drive,Automatic (S6)
35000,Buick,LaCrosse,2015,6,Gasoline or E85,18,28,21,422,15.69571429,3.6,Front-Wheel Drive,Automatic (S6)
35001,Buick,Regal eAssist,2015,4,Regular,24,35,28,314,11.77178571,2.4,Front-Wheel Drive,Automatic (S6)
35002,Buick,LaCrosse eAssist,2015,4,Regular,24,35,28,314,11.77178571,2.4,Front-Wheel Drive,Automatic (S6)
35003,Buick,Regal,2015,4,Regular,20,31,24,372,13.73375,2,Front-Wheel Drive,Manual 6-spd
35004,Buick,LaCrosse AWD,2015,6,Gasoline or E85,17,26,20,444,16.4805,3.6,All-Wheel Drive,Automatic (S6)
35005,Buick,Regal,2015,4,Regular,21,29,24,373,13.73375,2,Front-Wheel Drive,Automatic (S6)
35006,Buick,Regal,2015,4,Regular,19,30,23,381,14.33086957,2.4,Front-Wheel Drive,Automatic (S6)
35057,Buick,Enclave FWD,2015,6,Regular,17,24,19,465,17.34789474,3.6,Front-Wheel Drive,Automatic 6-spd
35065,Buick,Enclave AWD,2015,6,Regular,16,22,18,494,18.31166667,3.6,All-Wheel Drive,Automatic 6-spd
35294,Buick,Verano,2015,4,Regular,21,31,25,358,13.1844,2.4,Front-Wheel Drive,Automatic (S6)
3545,Buick,Century Wagon,1987,4,Regular,18,26,21,423.1904762,15.69571429,2.5,Front-Wheel Drive,Automatic 3-spd
3546,Buick,Century Wagon,1987,6,Regular,17,22,19,467.7368421,17.34789474,2.8,Front-Wheel Drive,Automatic 3-spd
3547,Buick,Century Wagon,1987,6,Regular,17,24,20,444.35,16.4805,2.8,Front-Wheel Drive,Automatic 4-spd
3548,Buick,Century Wagon,1987,6,Regular,16,25,19,467.7368421,17.34789474,3.8,Front-Wheel Drive,Automatic 4-spd
35642,Buick,Encore,2015,4,Regular,25,33,28,320,11.77178571,1.4,Front-Wheel Drive,Automatic (S6)
35644,Buick,Encore AWD,2015,4,Regular,23,30,26,348,12.67730769,1.4,All-Wheel Drive,Automatic (S6)
3590,Buick,LeSabre/Electra Wagon,1987,8,Regular,15,22,17,522.7647059,19.38882353,5,Rear-Wheel Drive,Automatic 4-spd
36350,Buick,Enclave FWD,2016,6,Regular,15,22,18,507,18.31166667,3.6,Front-Wheel Drive,Automatic 6-spd
36353,Buick,Enclave AWD,2016,6,Regular,15,22,17,518,19.38882353,3.6,All-Wheel Drive,Automatic 6-spd
36444,Buick,Verano,2016,4,Regular,21,29,24,374,13.73375,2,Front-Wheel Drive,Automatic (S6)
36445,Buick,Verano,2016,4,Regular,20,30,24,372,13.73375,2,Front-Wheel Drive,Manual 6-spd
36446,Buick,Verano,2016,4,Regular,21,31,24,363,13.73375,2.4,Front-Wheel Drive,Automatic (S6)
36453,Buick,LaCrosse AWD,2016,6,Gasoline or E85,17,26,20,441,16.4805,3.6,All-Wheel Drive,Automatic (S6)
36454,Buick,Regal AWD,2016,4,Regular,19,27,22,407,14.98227273,2,All-Wheel Drive,Automatic (S6)
36455,Buick,Regal,2016,4,Regular,21,29,24,374,13.73375,2,Front-Wheel Drive,Automatic (S6)
36456,Buick,Regal,2016,4,Regular,20,30,24,372,13.73375,2,Front-Wheel Drive,Manual 6-spd
36457,Buick,LaCrosse,2016,6,Gasoline or E85,18,28,21,422,15.69571429,3.6,Front-Wheel Drive,Automatic (S6)
36458,Buick,LaCrosse,2016,6,Regular,18,28,21,410,15.69571429,3.6,Front-Wheel Drive,Automatic (S6)
36459,Buick,Regal eAssist,2016,4,Regular,24,35,28,312,11.77178571,2.4,Front-Wheel Drive,Automatic (S6)
36460,Buick,LaCrosse eAssist,2016,4,Regular,24,35,28,312,11.77178571,2.4,Front-Wheel Drive,Automatic (S6)
36461,Buick,Regal,2016,4,Regular,19,30,23,381,14.33086957,2.4,Front-Wheel Drive,Automatic (S6)
36490,Buick,Encore,2016,4,Regular,25,33,28,320,11.77178571,1.4,Front-Wheel Drive,Automatic (S6)
36768,Buick,Encore AWD,2016,4,Regular,23,30,26,348,12.67730769,1.4,All-Wheel Drive,Automatic (S6)
37183,Buick,Encore AWD,2016,4,Regular,26,31,28,314,11.77178571,1.4,All-Wheel Drive,Automatic (S6)
37192,Buick,Cascada,2016,4,Regular,20,27,23,394,14.33086957,1.6,Front-Wheel Drive,Automatic (S6)
37204,Buick,Encore,2016,4,Regular,27,33,30,297,10.987,1.4,Front-Wheel Drive,Automatic (S6)
37400,Buick,Envision AWD,2016,4,Premium,20,26,22,394,14.98227273,2,All-Wheel Drive,Automatic 6-spd
37487,Buick,Regal,2017,4,Premium,21,29,24,374,13.73375,2,Front-Wheel Drive,Automatic (S6)
37488,Buick,Regal,2017,4,Regular,19,30,23,385,14.33086957,2.4,Front-Wheel Drive,Automatic (S6)
37508,Buick,Enclave FWD,2017,6,Regular,15,22,18,507,18.31166667,3.6,Front-Wheel Drive,Automatic 6-spd
37515,Buick,Enclave AWD,2017,6,Regular,15,22,17,518,19.38882353,3.6,All-Wheel Drive,Automatic 6-spd
37671,Buick,Envision AWD,2017,4,Regular,21,28,24,373,13.73375,2.5,All-Wheel Drive,Automatic 6-spd
37672,Buick,Envision AWD,2017,4,Premium,20,26,22,399,14.98227273,2,All-Wheel Drive,Automatic 6-spd
37764,Buick,Verano,2017,4,Regular,21,31,24,364,13.73375,2.4,Front-Wheel Drive,Automatic (S6)
37784,Buick,Envision FWD,2017,4,Regular,22,29,25,356,13.1844,2.5,Front-Wheel Drive,Automatic 6-spd
37921,Buick,LaCrosse,2017,6,Regular,21,31,25,360,13.1844,3.6,Front-Wheel Drive,Automatic (S8)
37922,Buick,LaCrosse AWD,2017,6,Regular,20,29,23,378,14.33086957,3.6,All-Wheel Drive,Automatic (S8)
37923,Buick,Regal AWD,2017,4,Premium,19,27,22,402,14.98227273,2,All-Wheel Drive,Automatic (S6)
37945,Buick,Encore,2017,4,Regular,25,33,28,313,11.77178571,1.4,Front-Wheel Drive,Automatic (S6)
37947,Buick,Encore AWD,2017,4,Regular,24,30,27,334,12.20777778,1.4,All-Wheel Drive,Automatic (S6)
38084,Buick,Cascada,2017,4,Premium,20,27,23,395,14.33086957,1.6,Rear-Wheel Drive,Automatic (S6)
38129,Buick,Encore,2017,4,Regular,27,33,30,298,10.987,1.4,Front-Wheel Drive,Automatic (S6)
38131,Buick,Encore AWD,2017,4,Regular,26,31,28,315,11.77178571,1.4,All-Wheel Drive,Automatic (S6)
4120,Buick,Reatta,1988,6,Regular,17,26,20,444.35,16.4805,3.8,Front-Wheel Drive,Automatic 4-spd
419,Buick,Century,1985,4,Regular,21,29,24,370.2916667,13.73375,2.5,Front-Wheel Drive,Automatic 3-spd
420,Buick,Century,1985,6,Regular,16,23,19,467.7368421,17.34789474,3,Front-Wheel Drive,Automatic 3-spd
421,Buick,Century,1985,6,Regular,16,23,19,467.7368421,17.34789474,3,Front-Wheel Drive,Automatic 4-spd
422,Buick,Century,1985,6,Regular,16,23,19,467.7368421,17.34789474,3.8,Front-Wheel Drive,Automatic 4-spd
423,Buick,Century,1985,6,Diesel,23,32,26,391.5384615,14.69942308,4.3,Front-Wheel Drive,Automatic 3-spd
424,Buick,Regal,1985,6,Regular,17,22,19,467.7368421,17.34789474,3.8,Rear-Wheel Drive,Automatic 3-spd
425,Buick,Regal,1985,6,Premium,15,22,18,493.7222222,18.31166667,3.8,Rear-Wheel Drive,Automatic 4-spd
426,Buick,Regal,1985,6,Regular,16,21,18,493.7222222,18.31166667,4.3,Rear-Wheel Drive,Automatic 3-spd
427,Buick,Regal,1985,6,Regular,16,24,19,467.7368421,17.34789474,4.3,Rear-Wheel Drive,Automatic 4-spd
428,Buick,Regal,1985,6,Diesel,20,29,23,442.6086957,16.61673913,4.3,Rear-Wheel Drive,Automatic 3-spd
429,Buick,Regal,1985,8,Diesel,18,26,21,484.7619048,18.19928571,5.7,Rear-Wheel Drive,Automatic 3-spd
430,Buick,Riviera,1985,6,Premium,15,22,17,522.7647059,19.38882353,3.8,Front-Wheel Drive,Automatic 4-spd
431,Buick,Riviera,1985,8,Regular,15,20,17,522.7647059,19.38882353,5,Front-Wheel Drive,Automatic 4-spd
432,Buick,Riviera,1985,8,Diesel,18,26,21,484.7619048,18.19928571,5.7,Front-Wheel Drive,Automatic 4-spd
4371,Buick,Skyhawk,1988,4,Regular,22,29,25,355.48,13.1844,2,Front-Wheel Drive,Automatic 3-spd
4372,Buick,Skyhawk,1988,4,Regular,22,33,26,341.8076923,12.67730769,2,Front-Wheel Drive,Manual 5-spd
4373,Buick,Skyhawk,1988,4,Regular,23,29,25,355.48,13.1844,2,Front-Wheel Drive,Automatic 3-spd
4374,Buick,Skyhawk,1988,4,Regular,23,34,27,329.1481481,12.20777778,2,Front-Wheel Drive,Manual 5-spd
4375,Buick,Skylark,1988,4,Regular,21,31,25,355.48,13.1844,2.3,Front-Wheel Drive,Automatic 3-spd
4376,Buick,Skylark,1988,4,Regular,21,29,24,370.2916667,13.73375,2.5,Front-Wheel Drive,Automatic 3-spd
4377,Buick,Skylark,1988,4,Regular,21,30,24,370.2916667,13.73375,2.5,Front-Wheel Drive,Manual 5-spd
4378,Buick,Skylark,1988,6,Regular,17,24,20,444.35,16.4805,3,Front-Wheel Drive,Automatic 3-spd
4536,Buick,Century,1988,4,Regular,21,29,24,370.2916667,13.73375,2.5,Front-Wheel Drive,Automatic 3-spd
4537,Buick,Century,1988,6,Regular,18,25,20,444.35,16.4805,2.8,Front-Wheel Drive,Automatic 3-spd
4538,Buick,Century,1988,6,Regular,18,26,21,423.1904762,15.69571429,2.8,Front-Wheel Drive,Automatic 4-spd
4539,Buick,Century,1988,6,Regular,17,26,20,444.35,16.4805,3.8,Front-Wheel Drive,Automatic 4-spd
4540,Buick,Regal,1988,6,Regular,18,26,21,423.1904762,15.69571429,2.8,Front-Wheel Drive,Automatic 4-spd
4541,Buick,Riviera,1988,6,Regular,17,26,20,444.35,16.4805,3.8,Front-Wheel Drive,Automatic 4-spd
4630,Buick,Electra/Park Avenue,1988,6,Regular,17,26,20,444.35,16.4805,3.8,Front-Wheel Drive,Automatic 4-spd
4631,Buick,LeSabre,1988,6,Regular,17,26,20,444.35,16.4805,3.8,Front-Wheel Drive,Automatic 4-spd
4657,Buick,Skyhawk Wagon,1988,4,Regular,22,29,25,355.48,13.1844,2,Front-Wheel Drive,Automatic 3-spd
4658,Buick,Skyhawk Wagon,1988,4,Regular,22,33,26,341.8076923,12.67730769,2,Front-Wheel Drive,Manual 5-spd
4659,Buick,Skyhawk Wagon,1988,4,Regular,21,29,24,370.2916667,13.73375,2,Front-Wheel Drive,Automatic 3-spd
4660,Buick,Skyhawk Wagon,1988,4,Regular,23,34,27,329.1481481,12.20777778,2,Front-Wheel Drive,Manual 5-spd
4719,Buick,Century Wagon,1988,4,Regular,19,26,22,403.9545455,14.98227273,2.5,Front-Wheel Drive,Automatic 3-spd
4720,Buick,Century Wagon,1988,6,Regular,18,27,21,423.1904762,15.69571429,2.8,Front-Wheel Drive,Automatic 4-spd
4721,Buick,Century Wagon,1988,6,Regular,17,26,20,444.35,16.4805,3.8,Front-Wheel Drive,Automatic 4-spd
4763,Buick,LeSabre/Electra Wagon,1988,8,Regular,15,22,18,493.7222222,18.31166667,5,Rear-Wheel Drive,Automatic 4-spd
5241,Buick,Reatta,1989,6,Regular,17,26,20,444.35,16.4805,3.8,Front-Wheel Drive,Automatic 4-spd
535,Buick,Electra/Park Avenue,1985,6,Regular,16,23,19,467.7368421,17.34789474,3,Front-Wheel Drive,Automatic 4-spd
536,Buick,Electra/Park Avenue,1985,6,Regular,17,24,19,467.7368421,17.34789474,3.8,Front-Wheel Drive,Automatic 4-spd
537,Buick,Electra/Park Avenue,1985,6,Diesel,19,29,23,442.6086957,16.61673913,4.3,Front-Wheel Drive,Automatic 4-spd
538,Buick,LeSabre,1985,6,Regular,15,20,17,522.7647059,19.38882353,3.8,Rear-Wheel Drive,Automatic 3-spd
539,Buick,LeSabre,1985,8,Regular,15,22,18,493.7222222,18.31166667,5,Rear-Wheel Drive,Automatic 4-spd
540,Buick,LeSabre,1985,8,Diesel,18,26,21,484.7619048,18.19928571,5.7,Rear-Wheel Drive,Automatic 4-spd
5508,Buick,Skyhawk,1989,4,Regular,22,29,25,355.48,13.1844,2,Front-Wheel Drive,Automatic 3-spd
5509,Buick,Skyhawk,1989,4,Regular,23,33,26,341.8076923,12.67730769,2,Front-Wheel Drive,Manual 5-spd
5510,Buick,Skylark,1989,4,Regular,21,29,24,370.2916667,13.73375,2.3,Front-Wheel Drive,Automatic 3-spd
5511,Buick,Skylark,1989,4,Regular,21,28,23,386.3913043,14.33086957,2.5,Front-Wheel Drive,Automatic 3-spd
5512,Buick,Skylark,1989,6,Regular,18,25,20,444.35,16.4805,3.3,Front-Wheel Drive,Automatic 3-spd
5669,Buick,Century,1989,4,Regular,21,28,23,386.3913043,14.33086957,2.5,Front-Wheel Drive,Automatic 3-spd
5670,Buick,Century,1989,6,Regular,18,25,20,444.35,16.4805,2.8,Front-Wheel Drive,Automatic 3-spd
5671,Buick,Century,1989,6,Regular,18,26,21,423.1904762,15.69571429,2.8,Front-Wheel Drive,Automatic 4-spd
5672,Buick,Century,1989,6,Regular,18,25,20,444.35,16.4805,3.3,Front-Wheel Drive,Automatic 3-spd
5673,Buick,Century,1989,6,Regular,18,26,21,423.1904762,15.69571429,3.3,Front-Wheel Drive,Automatic 4-spd
5674,Buick,Regal,1989,6,Regular,18,27,21,423.1904762,15.69571429,2.8,Front-Wheel Drive,Automatic 4-spd
5675,Buick,Regal,1989,6,Regular,17,28,20,444.35,16.4805,3.1,Front-Wheel Drive,Automatic 4-spd
5676,Buick,Riviera,1989,6,Regular,17,26,20,444.35,16.4805,3.8,Front-Wheel Drive,Automatic 4-spd
570,Buick,Skyhawk Wagon,1985,4,Regular,21,29,24,370.2916667,13.73375,1.8,Front-Wheel Drive,Automatic 3-spd
571,Buick,Skyhawk Wagon,1985,4,Regular,23,32,26,341.8076923,12.67730769,1.8,Front-Wheel Drive,Manual 5-spd
572,Buick,Skyhawk Wagon,1985,4,Regular,22,27,24,370.2916667,13.73375,2,Front-Wheel Drive,Automatic 3-spd
573,Buick,Skyhawk Wagon,1985,4,Regular,23,32,26,341.8076923,12.67730769,2,Front-Wheel Drive,Manual 4-spd
5795,Buick,Electra/Park Avenue,1989,6,Regular,17,26,20,444.35,16.4805,3.8,Front-Wheel Drive,Automatic 4-spd
5796,Buick,LeSabre,1989,6,Regular,17,26,20,444.35,16.4805,3.8,Front-Wheel Drive,Automatic 4-spd
5818,Buick,Skyhawk Wagon,1989,4,Regular,22,29,25,355.48,13.1844,2,Front-Wheel Drive,Automatic 3-spd
5819,Buick,Skyhawk Wagon,1989,4,Regular,23,33,26,341.8076923,12.67730769,2,Front-Wheel Drive,Manual 5-spd
5865,Buick,Century Wagon,1989,4,Regular,21,28,24,370.2916667,13.73375,2.5,Front-Wheel Drive,Automatic 3-spd
5866,Buick,Century Wagon,1989,6,Regular,18,27,21,423.1904762,15.69571429,2.8,Front-Wheel Drive,Automatic 4-spd
5867,Buick,Century Wagon,1989,6,Regular,17,24,19,467.7368421,17.34789474,3.3,Front-Wheel Drive,Automatic 3-spd
5868,Buick,Century Wagon,1989,6,Regular,17,26,20,444.35,16.4805,3.3,Front-Wheel Drive,Automatic 4-spd
5905,Buick,LeSabre/Electra Wagon,1989,8,Regular,15,22,18,493.7222222,18.31166667,5,Rear-Wheel Drive,Automatic 4-spd
634,Buick,Century Wagon,1985,4,Regular,19,26,22,403.9545455,14.98227273,2.5,Front-Wheel Drive,Automatic 3-spd
635,Buick,Century Wagon,1985,6,Regular,15,21,17,522.7647059,19.38882353,3,Front-Wheel Drive,Automatic 3-spd
636,Buick,Century Wagon,1985,6,Regular,16,23,19,467.7368421,17.34789474,3,Front-Wheel Drive,Automatic 4-spd
637,Buick,Century Wagon,1985,6,Regular,16,24,19,467.7368421,17.34789474,3.8,Front-Wheel Drive,Automatic 4-spd
638,Buick,Century Wagon,1985,6,Diesel,23,32,26,391.5384615,14.69942308,4.3,Front-Wheel Drive,Automatic 3-spd
6390,Buick,Reatta,1990,6,Regular,16,25,19,467.7368421,17.34789474,3.8,Front-Wheel Drive,Automatic 4-spd
6644,Buick,Skylark,1990,4,Regular,20,28,23,386.3913043,14.33086957,2.3,Front-Wheel Drive,Automatic 3-spd
6645,Buick,Skylark,1990,4,Regular,20,29,23,386.3913043,14.33086957,2.5,Front-Wheel Drive,Automatic 3-spd
6646,Buick,Skylark,1990,6,Regular,18,25,20,444.35,16.4805,3.3,Front-Wheel Drive,Automatic 3-spd
6793,Buick,Century,1990,4,Regular,20,29,23,386.3913043,14.33086957,2.5,Front-Wheel Drive,Automatic 3-spd
6794,Buick,Century,1990,6,Regular,18,25,20,444.35,16.4805,3.3,Front-Wheel Drive,Automatic 3-spd
6795,Buick,Century,1990,6,Regular,18,26,21,423.1904762,15.69571429,3.3,Front-Wheel Drive,Automatic 4-spd
6796,Buick,Regal,1990,6,Regular,17,27,20,444.35,16.4805,3.1,Front-Wheel Drive,Automatic 4-spd
6797,Buick,Regal,1990,6,Regular,16,26,19,467.7368421,17.34789474,3.8,Front-Wheel Drive,Automatic 4-spd
6798,Buick,Riviera,1990,6,Regular,16,25,19,467.7368421,17.34789474,3.8,Front-Wheel Drive,Automatic 4-spd
681,Buick,LeSabre/Electra Wagon,1985,8,Regular,15,21,17,522.7647059,19.38882353,5,Rear-Wheel Drive,Automatic 4-spd
682,Buick,LeSabre/Electra Wagon,1985,8,Diesel,18,26,21,484.7619048,18.19928571,5.7,Rear-Wheel Drive,Automatic 4-spd
6881,Buick,Electra/Park Avenue,1990,6,Regular,16,25,19,467.7368421,17.34789474,3.8,Front-Wheel Drive,Automatic 4-spd
6882,Buick,LeSabre,1990,6,Regular,16,25,19,467.7368421,17.34789474,3.8,Front-Wheel Drive,Automatic 4-spd
6945,Buick,Century Wagon,1990,4,Regular,18,25,21,423.1904762,15.69571429,2.5,Front-Wheel Drive,Automatic 3-spd
6946,Buick,Century Wagon,1990,6,Regular,17,24,19,467.7368421,17.34789474,3.3,Front-Wheel Drive,Automatic 3-spd
6947,Buick,Century Wagon,1990,6,Regular,18,26,21,423.1904762,15.69571429,3.3,Front-Wheel Drive,Automatic 4-spd
6978,Buick,Estate Wagon,1990,8,Regular,15,22,18,493.7222222,18.31166667,5,Rear-Wheel Drive,Automatic 4-spd
7442,Buick,Coachbuilder Wagon,1990,8,Regular,15,22,18,493.7222222,18.31166667,5,Rear-Wheel Drive,Automatic 4-spd
7449,Buick,Reatta,1991,6,Regular,16,25,19,467.7368421,17.34789474,3.8,Front-Wheel Drive,Automatic 4-spd
7754,Buick,Skylark,1991,4,Regular,21,30,24,370.2916667,13.73375,2.3,Front-Wheel Drive,Automatic 3-spd
7755,Buick,Skylark,1991,4,Regular,19,28,22,403.9545455,14.98227273,2.5,Front-Wheel Drive,Automatic 3-spd
7756,Buick,Skylark,1991,6,Regular,17,24,19,467.7368421,17.34789474,3.3,Front-Wheel Drive,Automatic 3-spd
7916,Buick,Century,1991,4,Regular,19,28,22,403.9545455,14.98227273,2.5,Front-Wheel Drive,Automatic 3-spd
7917,Buick,Century,1991,6,Regular,17,24,19,467.7368421,17.34789474,3.3,Front-Wheel Drive,Automatic 3-spd
7918,Buick,Century,1991,6,Regular,17,27,20,444.35,16.4805,3.3,Front-Wheel Drive,Automatic 4-spd
7919,Buick,Regal,1991,6,Regular,17,28,20,444.35,16.4805,3.1,Front-Wheel Drive,Automatic 4-spd
7920,Buick,Regal,1991,6,Regular,17,26,20,444.35,16.4805,3.8,Front-Wheel Drive,Automatic 4-spd
7921,Buick,Riviera,1991,6,Regular,16,24,19,467.7368421,17.34789474,3.8,Front-Wheel Drive,Automatic 4-spd
8014,Buick,LeSabre,1991,6,Regular,17,26,20,444.35,16.4805,3.8,Front-Wheel Drive,Automatic 4-spd
8015,Buick,Park Avenue,1991,6,Regular,16,24,19,467.7368421,17.34789474,3.8,Front-Wheel Drive,Automatic 4-spd
8072,Buick,Century Wagon,1991,4,Regular,18,26,21,423.1904762,15.69571429,2.5,Front-Wheel Drive,Automatic 3-spd
8073,Buick,Century Wagon,1991,6,Regular,17,23,19,467.7368421,17.34789474,3.3,Front-Wheel Drive,Automatic 3-spd
8074,Buick,Century Wagon,1991,6,Regular,17,27,20,444.35,16.4805,3.3,Front-Wheel Drive,Automatic 4-spd
8104,Buick,Roadmaster Wagon,1991,8,Regular,15,23,17,522.7647059,19.38882353,5,Rear-Wheel Drive,Automatic 4-spd
8553,Buick,Coachbuilder Wagon,1991,8,Regular,15,23,17,522.7647059,19.38882353,5,Rear-Wheel Drive,Automatic 4-spd
8841,Buick,Skylark,1992,4,Regular,20,29,23,386.3913043,14.33086957,2.3,Front-Wheel Drive,Automatic 3-spd
8842,Buick,Skylark,1992,6,Regular,17,26,20,444.35,16.4805,3.3,Front-Wheel Drive,Automatic 3-spd
8995,Buick,Century,1992,4,Regular,19,28,22,403.9545455,14.98227273,2.5,Front-Wheel Drive,Automatic 3-spd
8996,Buick,Century,1992,6,Regular,17,24,19,467.7368421,17.34789474,3.3,Front-Wheel Drive,Automatic 3-spd
8997,Buick,Century,1992,6,Regular,17,27,20,444.35,16.4805,3.3,Front-Wheel Drive,Automatic 4-spd
8998,Buick,Regal,1992,6,Regular,17,24,20,444.35,16.4805,3.1,Front-Wheel Drive,Automatic 3-spd
8999,Buick,Regal,1992,6,Regular,17,26,20,444.35,16.4805,3.1,Front-Wheel Drive,Automatic 4-spd
9000,Buick,Regal,1992,6,Regular,16,26,19,467.7368421,17.34789474,3.8,Front-Wheel Drive,Automatic 4-spd
9001,Buick,Riviera,1992,6,Regular,16,24,19,467.7368421,17.34789474,3.8,Front-Wheel Drive,Automatic 4-spd
9084,Buick,LeSabre,1992,6,Regular,16,26,19,467.7368421,17.34789474,3.8,Front-Wheel Drive,Automatic 4-spd
9085,Buick,Park Avenue,1992,6,Premium,15,24,18,493.7222222,18.31166667,3.8,Front-Wheel Drive,Automatic 4-spd
9086,Buick,Park Avenue,1992,6,Regular,16,24,19,467.7368421,17.34789474,3.8,Front-Wheel Drive,Automatic 4-spd
9087,Buick,Roadmaster,1992,8,Regular,15,23,18,493.7222222,18.31166667,5.7,Rear-Wheel Drive,Automatic 4-spd
9139,Buick,Century Wagon,1992,4,Regular,18,26,21,423.1904762,15.69571429,2.5,Front-Wheel Drive,Automatic 3-spd
9140,Buick,Century Wagon,1992,6,Regular,17,24,19,467.7368421,17.34789474,3.3,Front-Wheel Drive,Automatic 3-spd
9141,Buick,Century Wagon,1992,6,Regular,17,27,20,444.35,16.4805,3.3,Front-Wheel Drive,Automatic 4-spd
9188,Buick,Roadmaster Wagon,1992,8,Regular,15,23,18,493.7222222,18.31166667,5,Rear-Wheel Drive,Automatic 4-spd
9189,Buick,Roadmaster Wagon,1992,8,Regular,15,23,18,493.7222222,18.31166667,5.7,Rear-Wheel Drive,Automatic 4-spd
9626,Buick,Coachbuilder Wagon,1992,8,Regular,15,23,18,493.7222222,18.31166667,5,Rear-Wheel Drive,Automatic 4-spd
9627,Buick,Coachbuilder Wagon,1992,8,Regular,15,23,18,493.7222222,18.31166667,5.7,Rear-Wheel Drive,Automatic 4-spd
9894,Buick,Skylark,1993,4,Regular,19,29,23,386.3913043,14.33086957,2.3,Front-Wheel Drive,Automatic 3-spd
9895,Buick,Skylark,1993,6,Regular,18,26,21,423.1904762,15.69571429,3.3,Front-Wheel Drive,Automatic 3-spd
