10025,Cadillac,Eldorado,1993,8,Premium,15,23,18,493.7222222,18.31166667,4.6,Front-Wheel Drive,Automatic 4-spd
10026,Cadillac,Eldorado,1993,8,Premium,15,23,17,522.7647059,19.38882353,4.9,Front-Wheel Drive,Automatic 4-spd
10027,Cadillac,Seville,1993,8,Premium,15,23,18,493.7222222,18.31166667,4.6,Front-Wheel Drive,Automatic 4-spd
10028,Cadillac,Seville,1993,8,Premium,15,23,17,522.7647059,19.38882353,4.9,Front-Wheel Drive,Automatic 4-spd
10107,Cadillac,DeVille/60 Special,1993,8,Premium,15,23,17,522.7647059,19.38882353,4.9,Front-Wheel Drive,Automatic 4-spd
10108,Cadillac,Fleetwood,1993,8,Regular,15,23,17,522.7647059,19.38882353,5.7,Rear-Wheel Drive,Automatic 4-spd
10607,Cadillac,Commercial Chassis,1993,8,Premium,14,22,16,555.4375,20.600625,4.9,Front-Wheel Drive,Automatic 4-spd
10992,Cadillac,Eldorado,1994,8,Premium,15,23,18,493.7222222,18.31166667,4.6,Front-Wheel Drive,Automatic 4-spd
10993,Cadillac,Seville,1994,8,Premium,15,23,18,493.7222222,18.31166667,4.6,Front-Wheel Drive,Automatic 4-spd
11064,Cadillac,DeVille/Concourse,1994,8,Premium,15,23,18,493.7222222,18.31166667,4.6,Front-Wheel Drive,Automatic 4-spd
11065,Cadillac,DeVille/Concourse,1994,8,Premium,14,24,17,522.7647059,19.38882353,4.9,Front-Wheel Drive,Automatic 4-spd
11066,Cadillac,Fleetwood,1994,8,Premium,15,23,18,493.7222222,18.31166667,5.7,Rear-Wheel Drive,Automatic 4-spd
11944,Cadillac,Eldorado,1995,8,Premium,15,23,18,493.7222222,18.31166667,4.6,Front-Wheel Drive,Automatic 4-spd
12015,Cadillac,DeVille/Concourse,1995,8,Premium,15,23,18,493.7222222,18.31166667,4.6,Front-Wheel Drive,Automatic 4-spd
12016,Cadillac,DeVille/Concourse,1995,8,Premium,14,24,17,522.7647059,19.38882353,4.9,Front-Wheel Drive,Automatic 4-spd
12017,Cadillac,Fleetwood,1995,8,Regular,15,23,18,493.7222222,18.31166667,5.7,Rear-Wheel Drive,Automatic 4-spd
12018,Cadillac,Seville,1995,8,Premium,15,23,18,493.7222222,18.31166667,4.6,Front-Wheel Drive,Automatic 4-spd
1276,Cadillac,Cimarron,1985,4,Regular,19,26,22,403.9545455,14.98227273,2,Front-Wheel Drive,Automatic 3-spd
1277,Cadillac,Cimarron,1985,4,Regular,21,29,24,370.2916667,13.73375,2,Front-Wheel Drive,Manual 5-spd
1278,Cadillac,Cimarron,1985,6,Regular,17,24,19,467.7368421,17.34789474,2.8,Front-Wheel Drive,Automatic 3-spd
1279,Cadillac,Cimarron,1985,6,Regular,15,22,18,493.7222222,18.31166667,2.8,Front-Wheel Drive,Manual 4-spd
12805,Cadillac,Eldorado,1996,8,Premium,15,24,18,493.7222222,18.31166667,4.6,Front-Wheel Drive,Automatic 4-spd
12871,Cadillac,DeVille,1996,8,Premium,15,24,18,493.7222222,18.31166667,4.6,Front-Wheel Drive,Automatic 4-spd
12872,Cadillac,Fleetwood,1996,8,Regular,15,24,18,493.7222222,18.31166667,5.7,Rear-Wheel Drive,Automatic 4-spd
12873,Cadillac,Seville,1996,8,Premium,15,24,18,493.7222222,18.31166667,4.6,Front-Wheel Drive,Automatic 4-spd
1334,Cadillac,Eldorado,1985,8,Regular,15,21,17,522.7647059,19.38882353,4.1,Front-Wheel Drive,Automatic 4-spd
1335,Cadillac,Seville,1985,8,Regular,15,21,17,522.7647059,19.38882353,4.1,Front-Wheel Drive,Automatic 4-spd
13544,Cadillac,Catera,1997,6,Premium,16,23,19,467.7368421,17.34789474,3,Rear-Wheel Drive,Automatic 4-spd
13545,Cadillac,Eldorado,1997,8,Premium,15,24,18,493.7222222,18.31166667,4.6,Front-Wheel Drive,Automatic 4-spd
13546,Cadillac,Seville,1997,8,Premium,15,24,18,493.7222222,18.31166667,4.6,Front-Wheel Drive,Automatic 4-spd
13621,Cadillac,DeVille,1997,8,Premium,15,24,18,493.7222222,18.31166667,4.6,Front-Wheel Drive,Automatic 4-spd
1399,Cadillac,Fleetwood/DeVille (FWD),1985,8,Regular,15,22,18,493.7222222,18.31166667,4.1,Front-Wheel Drive,Automatic 4-spd
1400,Cadillac,Fleetwood/DeVille (FWD),1985,6,Diesel,19,29,23,442.6086957,16.61673913,4.3,Front-Wheel Drive,Automatic 4-spd
14290,Cadillac,Catera,1998,6,Regular,16,22,18,493.7222222,18.31166667,3,Rear-Wheel Drive,Automatic 4-spd
14291,Cadillac,Eldorado,1998,8,Regular,15,24,18,493.7222222,18.31166667,4.6,Front-Wheel Drive,Automatic 4-spd
14292,Cadillac,Seville,1998,8,Regular,15,24,18,493.7222222,18.31166667,4.6,Front-Wheel Drive,Automatic 4-spd
14381,Cadillac,DeVille,1998,8,Regular,15,24,18,493.7222222,18.31166667,4.6,Front-Wheel Drive,Automatic 4-spd
14382,Cadillac,Funeral Coach/Hearse,1998,8,Regular,13,19,15,592.4666667,21.974,4.6,Front-Wheel Drive,Automatic 4-spd
14383,Cadillac,Limousine,1998,8,Regular,13,19,15,592.4666667,21.974,4.6,Front-Wheel Drive,Automatic 4-spd
15083,Cadillac,Catera,1999,6,Premium,16,23,18,493.7222222,18.31166667,3,Rear-Wheel Drive,Automatic 4-spd
15084,Cadillac,Eldorado,1999,8,Premium,15,24,18,493.7222222,18.31166667,4.6,Front-Wheel Drive,Automatic 4-spd
15085,Cadillac,Seville,1999,8,Premium,15,24,18,493.7222222,18.31166667,4.6,Front-Wheel Drive,Automatic 4-spd
15179,Cadillac,DeVille,1999,8,Premium,15,24,18,493.7222222,18.31166667,4.6,Front-Wheel Drive,Automatic 4-spd
15180,Cadillac,Funeral Coach/Hearse,1999,8,Premium,15,24,18,493.7222222,18.31166667,4.6,Front-Wheel Drive,Automatic 4-spd
15181,Cadillac,Limousine,1999,8,Premium,15,24,18,493.7222222,18.31166667,4.6,Front-Wheel Drive,Automatic 4-spd
15506,Cadillac,Escalade 4WD,1999,8,Regular,11,15,13,683.6153846,25.35461538,5.7,4-Wheel or All-Wheel Drive,Automatic 4-spd
15887,Cadillac,Catera,2000,6,Premium,16,23,18,493.7222222,18.31166667,3,Rear-Wheel Drive,Automatic 4-spd
15888,Cadillac,Eldorado,2000,8,Premium,15,25,19,467.7368421,17.34789474,4.6,Front-Wheel Drive,Automatic 4-spd
15889,Cadillac,Seville,2000,8,Premium,15,25,19,467.7368421,17.34789474,4.6,Front-Wheel Drive,Automatic 4-spd
15987,Cadillac,DeVille,2000,8,Premium,15,25,19,467.7368421,17.34789474,4.6,Front-Wheel Drive,Automatic 4-spd
16314,Cadillac,Escalade 4WD,2000,8,Regular,11,15,13,683.6153846,25.35461538,5.7,4-Wheel or All-Wheel Drive,Automatic 4-spd
16749,Cadillac,Catera,2001,6,Regular,16,22,18,493.7222222,18.31166667,3,Rear-Wheel Drive,Automatic 4-spd
16750,Cadillac,Eldorado,2001,8,Premium,15,25,18,493.7222222,18.31166667,4.6,Front-Wheel Drive,Automatic 4-spd
16751,Cadillac,Seville,2001,8,Premium,15,25,18,493.7222222,18.31166667,4.6,Front-Wheel Drive,Automatic 4-spd
16844,Cadillac,DeVille,2001,8,Premium,15,25,18,493.7222222,18.31166667,4.6,Front-Wheel Drive,Automatic 4-spd
17677,Cadillac,Eldorado,2002,8,Regular,16,25,19,467.7368421,17.34789474,4.6,Front-Wheel Drive,Automatic 4-spd
17678,Cadillac,Seville,2002,8,Regular,16,25,19,467.7368421,17.34789474,4.6,Front-Wheel Drive,Automatic 4-spd
17774,Cadillac,DeVille,2002,8,Regular,16,25,19,467.7368421,17.34789474,4.6,Front-Wheel Drive,Automatic 4-spd
17775,Cadillac,Limousine,2002,8,Regular,13,20,15,592.4666667,21.974,4.6,Front-Wheel Drive,Automatic 4-spd
18044,Cadillac,Escalade 2WD,2002,8,Regular,13,17,14,634.7857143,23.54357143,5.3,Rear-Wheel Drive,Automatic 4-spd
18145,Cadillac,Escalade AWD,2002,8,Regular,10,14,12,740.5833333,27.4675,6,4-Wheel or All-Wheel Drive,Automatic 4-spd
18146,Cadillac,Escalade Ext AWD,2002,8,Regular,10,14,12,740.5833333,27.4675,6,4-Wheel or All-Wheel Drive,Automatic 4-spd
18642,Cadillac,CTS,2003,6,Premium,16,24,19,467.7368421,17.34789474,3.2,Rear-Wheel Drive,Automatic 5-spd
18643,Cadillac,CTS,2003,6,Premium,17,24,19,467.7368421,17.34789474,3.2,Rear-Wheel Drive,Manual 5-spd
18644,Cadillac,Seville,2003,8,Regular,16,25,19,467.7368421,17.34789474,4.6,Front-Wheel Drive,Automatic 4-spd
18728,Cadillac,DeVille,2003,8,Regular,16,25,19,467.7368421,17.34789474,4.6,Front-Wheel Drive,Automatic 4-spd
18729,Cadillac,Funeral Coach / Hearse,2003,8,Regular,12,18,14,634.7857143,23.54357143,4.6,Front-Wheel Drive,Automatic 4-spd
18730,Cadillac,Limousine,2003,8,Regular,13,20,15,592.4666667,21.974,4.6,Front-Wheel Drive,Automatic 4-spd
19019,Cadillac,Escalade 2WD,2003,8,Regular,13,16,14,634.7857143,23.54357143,5.3,Rear-Wheel Drive,Automatic 4-spd
19126,Cadillac,Escalade AWD,2003,8,Regular,11,15,13,683.6153846,25.35461538,6,4-Wheel or All-Wheel Drive,Automatic 4-spd
19127,Cadillac,Escalade ESV AWD,2003,8,Regular,11,15,13,683.6153846,25.35461538,6,4-Wheel or All-Wheel Drive,Automatic 4-spd
19128,Cadillac,Escalade Ext AWD,2003,8,Regular,11,15,13,683.6153846,25.35461538,6,4-Wheel or All-Wheel Drive,Automatic 4-spd
19343,Cadillac,XLR,2004,8,Premium,15,23,18,493.7222222,18.31166667,4.6,Rear-Wheel Drive,Automatic 5-spd
1954,Cadillac,Cimarron,1986,4,Regular,19,25,21,423.1904762,15.69571429,2,Front-Wheel Drive,Automatic 3-spd
1955,Cadillac,Cimarron,1986,4,Regular,21,29,24,370.2916667,13.73375,2,Front-Wheel Drive,Manual 5-spd
1956,Cadillac,Cimarron,1986,6,Regular,16,23,19,467.7368421,17.34789474,2.8,Front-Wheel Drive,Automatic 3-spd
1957,Cadillac,Cimarron,1986,6,Regular,15,20,17,522.7647059,19.38882353,2.8,Front-Wheel Drive,Manual 4-spd
19730,Cadillac,CTS,2004,6,Premium,16,23,19,467.7368421,17.34789474,3.2,Rear-Wheel Drive,Automatic 5-spd
19731,Cadillac,CTS,2004,6,Premium,17,24,19,467.7368421,17.34789474,3.2,Rear-Wheel Drive,Manual 5-spd
19732,Cadillac,CTS,2004,6,Regular,16,25,19,467.7368421,17.34789474,3.6,Rear-Wheel Drive,Automatic 5-spd
19733,Cadillac,CTS-V,2004,8,Premium,14,23,17,522.7647059,19.38882353,5.7,Rear-Wheel Drive,Manual 6-spd
19734,Cadillac,Seville,2004,8,Regular,16,24,19,467.7368421,17.34789474,4.6,Front-Wheel Drive,Automatic 4-spd
19735,Cadillac,Seville,2004,8,Regular,16,24,19,467.7368421,17.34789474,4.6,Front-Wheel Drive,Automatic 4-spd
19830,Cadillac,Armored Deville,2004,8,Regular,13,18,15,592.4666667,21.974,4.6,Front-Wheel Drive,Automatic 4-spd
19831,Cadillac,DeVille,2004,8,Regular,16,24,19,467.7368421,17.34789474,4.6,Front-Wheel Drive,Automatic 4-spd
19832,Cadillac,DeVille,2004,8,Regular,16,24,19,467.7368421,17.34789474,4.6,Front-Wheel Drive,Automatic 4-spd
19833,Cadillac,Funeral Coach / Hearse,2004,8,Regular,13,18,15,592.4666667,21.974,4.6,Front-Wheel Drive,Automatic 4-spd
19834,Cadillac,Limousine,2004,8,Regular,13,20,16,555.4375,20.600625,4.6,Front-Wheel Drive,Automatic 4-spd
20149,Cadillac,Escalade 2WD,2004,8,Regular,13,17,14,634.7857143,23.54357143,5.3,Rear-Wheel Drive,Automatic 4-spd
20150,Cadillac,SRX 2WD,2004,6,Premium,15,21,17,522.7647059,19.38882353,3.6,Rear-Wheel Drive,Automatic 5-spd
20151,Cadillac,SRX 2WD,2004,8,Premium,14,19,16,555.4375,20.600625,4.6,Rear-Wheel Drive,Automatic 5-spd
20258,Cadillac,Escalade AWD,2004,8,Regular,12,16,13,683.6153846,25.35461538,6,4-Wheel or All-Wheel Drive,Automatic 4-spd
20259,Cadillac,Escalade ESV AWD,2004,8,Regular,12,16,13,683.6153846,25.35461538,6,4-Wheel or All-Wheel Drive,Automatic 4-spd
20260,Cadillac,Escalade Ext AWD,2004,8,Regular,12,16,13,683.6153846,25.35461538,6,4-Wheel or All-Wheel Drive,Automatic 4-spd
20261,Cadillac,SRX AWD,2004,6,Premium,14,21,17,522.7647059,19.38882353,3.6,4-Wheel or All-Wheel Drive,Automatic 5-spd
20262,Cadillac,SRX AWD,2004,8,Premium,13,19,15,592.4666667,21.974,4.6,4-Wheel or All-Wheel Drive,Automatic 5-spd
20461,Cadillac,XLR,2005,8,Premium,15,23,18,493.7222222,18.31166667,4.6,Rear-Wheel Drive,Automatic (S5)
20849,Cadillac,CTS,2005,6,Regular,16,25,19,467.7368421,17.34789474,2.8,Rear-Wheel Drive,Manual 6-spd
20850,Cadillac,CTS,2005,6,Regular,16,25,19,467.7368421,17.34789474,3.6,Rear-Wheel Drive,Automatic 5-spd
20851,Cadillac,CTS,2005,6,Regular,15,24,18,493.7222222,18.31166667,3.6,Rear-Wheel Drive,Manual 6-spd
20852,Cadillac,CTS-V,2005,8,Premium,13,21,16,555.4375,20.600625,5.7,Rear-Wheel Drive,Manual 6-spd
20853,Cadillac,STS 2WD,2005,6,Regular,16,23,18,493.7222222,18.31166667,3.6,Rear-Wheel Drive,Automatic (S5)
20854,Cadillac,STS 2WD,2005,8,Premium,15,23,18,493.7222222,18.31166667,4.6,Rear-Wheel Drive,Automatic (S5)
20855,Cadillac,STS AWD,2005,8,Premium,14,21,17,522.7647059,19.38882353,4.6,4-Wheel or All-Wheel Drive,Automatic (S5)
20953,Cadillac,Armored Deville,2005,8,Regular,13,18,15,592.4666667,21.974,4.6,Front-Wheel Drive,Automatic 4-spd
20954,Cadillac,DeVille,2005,8,Regular,15,22,18,493.7222222,18.31166667,4.6,Front-Wheel Drive,Automatic 4-spd
20955,Cadillac,DeVille,2005,8,Regular,16,24,19,467.7368421,17.34789474,4.6,Front-Wheel Drive,Automatic 4-spd
20956,Cadillac,Funeral Coach / Hearse,2005,8,Regular,13,18,15,592.4666667,21.974,4.6,Front-Wheel Drive,Automatic 4-spd
20957,Cadillac,Limousine,2005,8,Regular,13,20,16,555.4375,20.600625,4.6,Front-Wheel Drive,Automatic 4-spd
2105,Cadillac,Eldorado,1986,8,Regular,15,24,18,493.7222222,18.31166667,4.1,Front-Wheel Drive,Automatic 4-spd
2106,Cadillac,Seville,1986,8,Regular,15,24,18,493.7222222,18.31166667,4.1,Front-Wheel Drive,Automatic 4-spd
21255,Cadillac,Escalade 2WD,2005,8,Regular,14,19,15,592.4666667,21.974,5.3,Rear-Wheel Drive,Automatic 4-spd
21256,Cadillac,Escalade 2WD,2005,8,Premium,13,17,14,634.7857143,23.54357143,6,Rear-Wheel Drive,Automatic 4-spd
21257,Cadillac,SRX 2WD,2005,6,Regular,15,22,17,522.7647059,19.38882353,3.6,Rear-Wheel Drive,Automatic (S5)
21258,Cadillac,SRX 2WD,2005,8,Premium,14,19,16,555.4375,20.600625,4.6,Rear-Wheel Drive,Automatic (S5)
21367,Cadillac,Escalade AWD,2005,8,Premium,12,16,13,683.6153846,25.35461538,6,4-Wheel or All-Wheel Drive,Automatic 4-spd
21368,Cadillac,Escalade ESV AWD,2005,8,Premium,12,16,13,683.6153846,25.35461538,6,4-Wheel or All-Wheel Drive,Automatic 4-spd
21369,Cadillac,Escalade Ext AWD,2005,8,Premium,12,16,13,683.6153846,25.35461538,6,4-Wheel or All-Wheel Drive,Automatic 4-spd
21370,Cadillac,SRX AWD,2005,6,Regular,14,21,17,522.7647059,19.38882353,3.6,4-Wheel or All-Wheel Drive,Automatic (S5)
21371,Cadillac,SRX AWD,2005,8,Premium,14,19,15,592.4666667,21.974,4.6,4-Wheel or All-Wheel Drive,Automatic (S5)
21560,Cadillac,CTS,2005,6,Regular,16,24,19,467.7368421,17.34789474,2.8,Rear-Wheel Drive,Automatic 5-spd
21618,Cadillac,XLR,2006,8,Premium,15,23,18,493.7222222,18.31166667,4.6,Rear-Wheel Drive,Automatic (S5)
21938,Cadillac,CTS,2006,6,Regular,15,25,19,467.7368421,17.34789474,2.8,Rear-Wheel Drive,Manual 6-spd
21939,Cadillac,CTS,2006,6,Regular,16,24,19,467.7368421,17.34789474,2.8,Rear-Wheel Drive,Automatic (S5)
21940,Cadillac,CTS,2006,6,Regular,15,24,18,493.7222222,18.31166667,3.6,Rear-Wheel Drive,Manual 6-spd
21941,Cadillac,CTS,2006,6,Regular,16,25,19,467.7368421,17.34789474,3.6,Rear-Wheel Drive,Automatic (S5)
21942,Cadillac,CTS-V,2006,8,Premium,14,23,17,522.7647059,19.38882353,6,Rear-Wheel Drive,Manual 6-spd
21943,Cadillac,STS,2006,6,Regular,16,25,19,467.7368421,17.34789474,3.6,Rear-Wheel Drive,Automatic (S5)
21944,Cadillac,STS,2006,8,Premium,15,24,18,493.7222222,18.31166667,4.6,Rear-Wheel Drive,Automatic (S5)
21945,Cadillac,STS AWD,2006,6,Regular,15,23,18,493.7222222,18.31166667,3.6,4-Wheel or All-Wheel Drive,Automatic (S5)
21946,Cadillac,STS AWD,2006,8,Premium,14,21,17,522.7647059,19.38882353,4.6,4-Wheel or All-Wheel Drive,Automatic (S5)
22032,Cadillac,Armored DTS,2006,8,Regular,12,18,14,634.7857143,23.54357143,4.6,Front-Wheel Drive,Automatic 4-spd
22033,Cadillac,DTS,2006,8,Regular,15,23,18,493.7222222,18.31166667,4.6,Front-Wheel Drive,Automatic 4-spd
22034,Cadillac,DTS,2006,8,Regular,15,22,18,493.7222222,18.31166667,4.6,Front-Wheel Drive,Automatic 4-spd
22035,Cadillac,Funeral Coach / Hearse,2006,8,Regular,12,18,14,634.7857143,23.54357143,4.6,Front-Wheel Drive,Automatic 4-spd
22036,Cadillac,Limousine,2006,8,Regular,12,18,14,634.7857143,23.54357143,4.6,Front-Wheel Drive,Automatic 4-spd
2207,Cadillac,Fleetwood/DeVille,1986,8,Regular,15,24,18,493.7222222,18.31166667,4.1,Front-Wheel Drive,Automatic 4-spd
2208,Cadillac,Fleetwood Brougham,1986,8,Regular,16,23,19,467.7368421,17.34789474,5,Rear-Wheel Drive,Automatic 4-spd
2209,Cadillac,Limousine,1986,8,Regular,15,22,18,493.7222222,18.31166667,4.1,Front-Wheel Drive,Automatic 4-spd
22353,Cadillac,Escalade 2WD,2006,8,Premium,13,17,14,634.7857143,23.54357143,6,Rear-Wheel Drive,Automatic 4-spd
22354,Cadillac,SRX 2WD,2006,6,Regular,15,21,17,522.7647059,19.38882353,3.6,Rear-Wheel Drive,Automatic (S5)
22355,Cadillac,SRX 2WD,2006,8,Premium,13,20,16,555.4375,20.600625,4.6,Rear-Wheel Drive,Automatic (S5)
22473,Cadillac,Escalade AWD,2006,8,Premium,12,16,13,683.6153846,25.35461538,6,4-Wheel or All-Wheel Drive,Automatic 4-spd
22474,Cadillac,Escalade ESV AWD,2006,8,Premium,12,16,13,683.6153846,25.35461538,6,4-Wheel or All-Wheel Drive,Automatic 4-spd
22475,Cadillac,Escalade Ext AWD,2006,8,Premium,12,16,13,683.6153846,25.35461538,6,4-Wheel or All-Wheel Drive,Automatic 4-spd
22476,Cadillac,SRX AWD,2006,6,Regular,14,20,16,555.4375,20.600625,3.6,4-Wheel or All-Wheel Drive,Automatic (S5)
22477,Cadillac,SRX AWD,2006,8,Premium,14,19,15,592.4666667,21.974,4.6,4-Wheel or All-Wheel Drive,Automatic (S5)
22648,Cadillac,STS-V,2006,8,Premium,12,19,14,634.7857143,23.54357143,4.4,Rear-Wheel Drive,Automatic (S6)
22670,Cadillac,XLR-V,2006,8,Regular,13,20,16,555.4375,20.600625,4.4,Rear-Wheel Drive,Automatic (S6)
22989,Cadillac,Escalade AWD,2007,8,Premium,12,18,14,634.7857143,23.54357143,6.2,4-Wheel or All-Wheel Drive,Automatic 6-spd
23060,Cadillac,XLR-V,2007,8,Premium,13,20,16,555.4375,20.600625,4.4,Rear-Wheel Drive,Automatic (S6)
23061,Cadillac,XLR,2007,8,Premium,15,24,18,493.7222222,18.31166667,4.6,Rear-Wheel Drive,Automatic (S6)
23242,Cadillac,CTS,2007,6,Regular,15,25,19,467.7368421,17.34789474,2.8,Rear-Wheel Drive,Manual 6-spd
23243,Cadillac,CTS,2007,6,Regular,16,24,19,467.7368421,17.34789474,2.8,Rear-Wheel Drive,Automatic (S5)
23244,Cadillac,CTS,2007,6,Regular,15,24,18,493.7222222,18.31166667,3.6,Rear-Wheel Drive,Manual 6-spd
23245,Cadillac,CTS,2007,6,Regular,16,25,19,467.7368421,17.34789474,3.6,Rear-Wheel Drive,Automatic (S5)
23246,Cadillac,CTS-V,2007,8,Premium,14,22,16,555.4375,20.600625,6,Rear-Wheel Drive,Manual 6-spd
23247,Cadillac,STS,2007,6,Regular,16,25,19,467.7368421,17.34789474,3.6,Rear-Wheel Drive,Automatic (S5)
23248,Cadillac,STS-V,2007,8,Premium,12,19,15,592.4666667,21.974,4.4,Rear-Wheel Drive,Automatic (S6)
23249,Cadillac,STS,2007,8,Premium,15,24,18,493.7222222,18.31166667,4.6,Rear-Wheel Drive,Automatic (S6)
23250,Cadillac,STS AWD,2007,6,Regular,16,23,18,493.7222222,18.31166667,3.6,4-Wheel or All-Wheel Drive,Automatic (S5)
23283,Cadillac,DTS,2007,8,Regular,15,23,18,493.7222222,18.31166667,4.6,Front-Wheel Drive,Automatic 4-spd
23284,Cadillac,DTS,2007,8,Regular,15,22,18,493.7222222,18.31166667,4.6,Front-Wheel Drive,Automatic 4-spd
23285,Cadillac,Funeral Coach / Hearse,2007,8,Regular,13,18,15,592.4666667,21.974,4.6,Front-Wheel Drive,Automatic 4-spd
23286,Cadillac,Limousine,2007,8,Regular,13,19,15,592.4666667,21.974,4.6,Front-Wheel Drive,Automatic 4-spd
23559,Cadillac,STS,2007,8,Premium,14,21,16,555.4375,20.600625,4.6,4-Wheel or All-Wheel Drive,Automatic (S6)
23703,Cadillac,Escalade 2WD,2007,8,Premium,12,19,14,634.7857143,23.54357143,6.2,Rear-Wheel Drive,Automatic 6-spd
23704,Cadillac,SRX 2WD,2007,6,Regular,15,22,17,522.7647059,19.38882353,3.6,Rear-Wheel Drive,Automatic (S5)
23705,Cadillac,SRX 2WD,2007,8,Premium,13,20,16,555.4375,20.600625,4.6,Rear-Wheel Drive,Automatic (S6)
23777,Cadillac,SRX AWD,2007,6,Regular,14,21,17,522.7647059,19.38882353,3.6,4-Wheel or All-Wheel Drive,Automatic (S5)
23778,Cadillac,SRX AWD,2007,8,Premium,13,20,16,555.4375,20.600625,4.6,4-Wheel or All-Wheel Drive,Automatic (S6)
24170,Cadillac,XLR-V,2008,8,Premium,14,21,16,555.4375,20.600625,4.4,Rear-Wheel Drive,Automatic (S6)
24171,Cadillac,XLR,2008,8,Premium,15,24,18,493.7222222,18.31166667,4.6,Rear-Wheel Drive,Automatic (S6)
24358,Cadillac,CTS,2008,6,Regular,17,26,20,444.35,16.4805,3.6,Rear-Wheel Drive,Automatic (S6)
24359,Cadillac,CTS AWD,2008,6,Regular,17,25,20,444.35,16.4805,3.6,4-Wheel or All-Wheel Drive,Automatic (S6)
24360,Cadillac,STS,2008,6,Regular,17,26,20,444.35,16.4805,3.6,Rear-Wheel Drive,Automatic (S6)
24361,Cadillac,STS-V,2008,8,Premium,13,19,15,592.4666667,21.974,4.4,Rear-Wheel Drive,Automatic (S6)
24362,Cadillac,STS,2008,8,Premium,15,24,18,493.7222222,18.31166667,4.6,Rear-Wheel Drive,Automatic (S6)
24363,Cadillac,STS AWD,2008,6,Regular,17,26,20,444.35,16.4805,3.6,4-Wheel or All-Wheel Drive,Automatic (S6)
24364,Cadillac,STS AWD,2008,8,Premium,14,21,16,555.4375,20.600625,4.6,4-Wheel or All-Wheel Drive,Automatic (S6)
24418,Cadillac,DTS,2008,8,Regular,15,23,18,493.7222222,18.31166667,4.6,Front-Wheel Drive,Automatic 4-spd
24419,Cadillac,DTS,2008,8,Regular,15,22,18,493.7222222,18.31166667,4.6,Front-Wheel Drive,Automatic 4-spd
24420,Cadillac,Funeral Coach / Hearse,2008,8,Regular,13,18,15,592.4666667,21.974,4.6,Front-Wheel Drive,Automatic 4-spd
24421,Cadillac,Limousine,2008,8,Regular,13,18,15,592.4666667,21.974,4.6,Front-Wheel Drive,Automatic 4-spd
24564,Cadillac,Escalade 2WD,2008,8,Premium,12,19,14,634.7857143,23.54357143,6.2,Rear-Wheel Drive,Automatic 6-spd
24565,Cadillac,SRX 2WD,2008,6,Regular,15,22,17,522.7647059,19.38882353,3.6,Rear-Wheel Drive,Automatic (S5)
24566,Cadillac,SRX 2WD,2008,8,Premium,13,20,16,555.4375,20.600625,4.6,Rear-Wheel Drive,Automatic (S6)
24631,Cadillac,Escalade AWD,2008,8,Premium,12,18,14,634.7857143,23.54357143,6.2,4-Wheel or All-Wheel Drive,Automatic 6-spd
24632,Cadillac,SRX AWD,2008,6,Regular,14,22,17,522.7647059,19.38882353,3.6,4-Wheel or All-Wheel Drive,Automatic (S5)
24633,Cadillac,SRX AWD,2008,8,Premium,13,20,15,592.4666667,21.974,4.6,4-Wheel or All-Wheel Drive,Automatic (S6)
24844,Cadillac,CTS,2008,6,Regular,16,25,19,467.7368421,17.34789474,3.6,Rear-Wheel Drive,Manual 6-spd
24845,Cadillac,CTS,2008,6,Regular,16,25,19,467.7368421,17.34789474,3.6,Rear-Wheel Drive,Manual 6-spd
24846,Cadillac,CTS,2008,6,Regular,18,26,21,423.1904762,15.69571429,3.6,Rear-Wheel Drive,Automatic (S6)
24847,Cadillac,CTS AWD,2008,6,Regular,17,26,20,444.35,16.4805,3.6,4-Wheel or All-Wheel Drive,Automatic (S6)
25120,Cadillac,Escalade ESV 2WD,2008,8,Premium,12,19,14,634.7857143,23.54357143,6.2,Rear-Wheel Drive,Automatic 6-spd
25385,Cadillac,XLR-V,2009,8,Premium,14,23,17,522.7647059,19.38882353,4.4,Rear-Wheel Drive,Automatic (S6)
25386,Cadillac,XLR,2009,8,Premium,15,24,18,493.7222222,18.31166667,4.6,Rear-Wheel Drive,Automatic (S6)
25471,Cadillac,CTS,2009,6,Regular,17,26,20,444.35,16.4805,3.6,Rear-Wheel Drive,Automatic (S6)
25472,Cadillac,CTS,2009,6,Regular,18,26,21,423.1904762,15.69571429,3.6,Rear-Wheel Drive,Automatic (S6)
25473,Cadillac,CTS,2009,6,Regular,16,25,19,467.7368421,17.34789474,3.6,Rear-Wheel Drive,Manual 6-spd
25474,Cadillac,CTS,2009,6,Regular,16,25,19,467.7368421,17.34789474,3.6,Rear-Wheel Drive,Manual 6-spd
25475,Cadillac,CTS AWD,2009,6,Regular,17,26,20,444.35,16.4805,3.6,4-Wheel or All-Wheel Drive,Automatic (S6)
25476,Cadillac,CTS AWD,2009,6,Regular,17,25,20,444.35,16.4805,3.6,4-Wheel or All-Wheel Drive,Automatic (S6)
25477,Cadillac,STS,2009,8,Premium,15,24,18,493.7222222,18.31166667,4.6,Rear-Wheel Drive,Automatic (S6)
25478,Cadillac,STS,2009,6,Regular,17,26,20,444.35,16.4805,3.6,Rear-Wheel Drive,Automatic (S6)
25479,Cadillac,STS-V,2009,8,Premium,13,19,15,592.4666667,21.974,4.4,Rear-Wheel Drive,Automatic (S6)
25480,Cadillac,STS AWD,2009,6,Regular,17,26,20,444.35,16.4805,3.6,4-Wheel or All-Wheel Drive,Automatic (S6)
25481,Cadillac,STS AWD,2009,8,Premium,15,22,17,522.7647059,19.38882353,4.6,4-Wheel or All-Wheel Drive,Automatic (S6)
25520,Cadillac,DTS,2009,8,Regular,15,23,18,493.7222222,18.31166667,4.6,Front-Wheel Drive,Automatic 4-spd
25521,Cadillac,DTS,2009,8,Regular,15,22,18,493.7222222,18.31166667,4.6,Front-Wheel Drive,Automatic 4-spd
25522,Cadillac,Funeral Coach / Hearse,2009,8,Regular,12,16,14,634.7857143,23.54357143,4.6,Front-Wheel Drive,Automatic 4-spd
25523,Cadillac,Limousine,2009,8,Regular,12,18,14,634.7857143,23.54357143,4.6,Front-Wheel Drive,Automatic 4-spd
25599,Cadillac,Escalade Hybrid 2WD,2009,8,Regular,20,21,20,444.35,16.4805,6,Rear-Wheel Drive,Automatic (variable gear ratios)
25600,Cadillac,SRX 2WD,2009,8,Premium,13,20,16,555.4375,20.600625,4.6,Rear-Wheel Drive,Automatic (S6)
25601,Cadillac,SRX 2WD,2009,6,Regular,15,23,18,493.7222222,18.31166667,3.6,Rear-Wheel Drive,Automatic (S5)
25661,Cadillac,SRX AWD,2009,8,Premium,13,20,15,592.4666667,21.974,4.6,4-Wheel or All-Wheel Drive,Automatic (S6)
25662,Cadillac,SRX AWD,2009,6,Regular,14,22,17,522.7647059,19.38882353,3.6,4-Wheel or All-Wheel Drive,Automatic (S5)
25747,Cadillac,Escalade 2WD,2009,8,Gasoline or E85,12,19,15,592.4666667,21.974,6.2,Rear-Wheel Drive,Automatic 6-spd
25748,Cadillac,Escalade AWD,2009,8,Gasoline or E85,12,19,14,634.7857143,23.54357143,6.2,4-Wheel or All-Wheel Drive,Automatic 6-spd
25749,Cadillac,Escalade ESV 2WD,2009,8,Gasoline or E85,12,19,15,592.4666667,21.974,6.2,Rear-Wheel Drive,Automatic 6-spd
26394,Cadillac,CTS,2010,6,Regular,16,25,19,467.7368421,17.34789474,3.6,Rear-Wheel Drive,Manual 6-spd
26395,Cadillac,CTS,2010,6,Regular,18,27,21,423.1904762,15.69571429,3.6,Rear-Wheel Drive,Automatic (S6)
26396,Cadillac,CTS AWD,2010,6,Regular,18,27,21,423.1904762,15.69571429,3.6,All-Wheel Drive,Automatic (S6)
26397,Cadillac,STS,2010,6,Regular,18,27,21,423.1904762,15.69571429,3.6,Rear-Wheel Drive,Automatic (S6)
26398,Cadillac,STS AWD,2010,6,Regular,18,27,21,423.1904762,15.69571429,3.6,All-Wheel Drive,Automatic (S6)
26436,Cadillac,CTS Wagon,2010,6,Regular,18,26,21,423.1904762,15.69571429,3.6,Rear-Wheel Drive,Automatic (S6)
26437,Cadillac,CTS Wagon AWD,2010,6,Regular,18,26,21,423.1904762,15.69571429,3.6,All-Wheel Drive,Automatic (S6)
266,Cadillac,Cimarron,1985,4,Regular,22,27,24,370.2916667,13.73375,2,Front-Wheel Drive,Automatic 3-spd
267,Cadillac,Cimarron,1985,4,Regular,21,30,24,370.2916667,13.73375,2,Front-Wheel Drive,Manual 5-spd
268,Cadillac,Cimarron,1985,6,Regular,18,24,20,444.35,16.4805,2.8,Front-Wheel Drive,Automatic 3-spd
26813,Cadillac,Cimarron,1984,4,Regular,18,26,21,423.1904762,15.69571429,2,,Automatic 3-spd
26814,Cadillac,Cimarron,1984,4,Regular,21,31,25,355.48,13.1844,2,,Manual 5-spd
26815,Cadillac,Eldorado Convertible,1984,8,Regular,14,20,16,555.4375,20.600625,4.1,,Automatic 4-spd
269,Cadillac,Cimarron,1985,6,Regular,16,22,18,493.7222222,18.31166667,2.8,Front-Wheel Drive,Manual 4-spd
26948,Cadillac,Eldorado,1984,8,Regular,15,20,17,522.7647059,19.38882353,4.1,,Automatic 4-spd
26949,Cadillac,Eldorado,1984,8,Diesel,18,26,21,484.7619048,18.19928571,5.7,,Automatic 4-spd
26950,Cadillac,Seville,1984,8,Regular,15,20,17,522.7647059,19.38882353,4.1,,Automatic 4-spd
26951,Cadillac,Seville,1984,8,Diesel,18,26,21,484.7619048,18.19928571,5.7,,Automatic 4-spd
270,Cadillac,Eldorado Convertible,1985,8,Regular,15,20,17,522.7647059,19.38882353,4.1,Front-Wheel Drive,Automatic 4-spd
27057,Cadillac,Brougham/DeVille (RWD),1984,8,Regular,14,19,16,555.4375,20.600625,4.1,Rear-Wheel Drive,Automatic 4-spd
27058,Cadillac,Brougham/DeVille (RWD),1984,8,Diesel,18,26,21,484.7619048,18.19928571,5.7,Rear-Wheel Drive,Automatic 4-spd
27059,Cadillac,Limousine,1984,8,Regular,8,10,9,987.4444444,36.62333333,6,,Automatic 3-spd
27903,Cadillac,Cimarron,1984,4,Regular,18,26,21,423.1904762,15.69571429,2,,Automatic 3-spd
27904,Cadillac,Cimarron,1984,4,Regular,21,31,25,355.48,13.1844,2,,Manual 5-spd
27905,Cadillac,Eldorado Convertible,1984,8,Regular,14,20,16,555.4375,20.600625,4.1,,Automatic 4-spd
28014,Cadillac,Eldorado,1984,8,Regular,14,20,16,555.4375,20.600625,4.1,,Automatic 4-spd
28015,Cadillac,Seville,1984,8,Regular,14,20,16,555.4375,20.600625,4.1,,Automatic 4-spd
28105,Cadillac,Brougham/DeVille (RWD),1984,8,Regular,14,19,16,555.4375,20.600625,4.1,Rear-Wheel Drive,Automatic 4-spd
28106,Cadillac,Fleetwood/DeVille (FWD),1984,6,Diesel,21,31,24,424.1666667,15.924375,4.3,Rear-Wheel Drive,Automatic 4-spd
28623,Cadillac,CTS-V,2010,8,Premium,14,19,16,555.4375,20.600625,6.2,Rear-Wheel Drive,Manual 6-spd
28624,Cadillac,CTS-V,2010,8,Premium,12,18,14,634.7857143,23.54357143,6.2,Rear-Wheel Drive,Automatic (S6)
28625,Cadillac,STS,2010,8,Regular,15,24,18,493.7222222,18.31166667,4.6,Rear-Wheel Drive,Automatic (S6)
28626,Cadillac,STS AWD,2010,8,Regular,15,22,17,522.7647059,19.38882353,4.6,All-Wheel Drive,Automatic (S6)
28656,Cadillac,DTS,2010,8,Regular,15,22,18,493.7222222,18.31166667,4.6,Front-Wheel Drive,Automatic 4-spd
28657,Cadillac,DTS,2010,8,Regular,15,23,18,493.7222222,18.31166667,4.6,Front-Wheel Drive,Automatic 4-spd
28658,Cadillac,Funeral Coach / Hearse,2010,8,Regular,12,16,14,634.7857143,23.54357143,4.6,Front-Wheel Drive,Automatic 4-spd
28659,Cadillac,Limousine,2010,8,Regular,12,18,14,634.7857143,23.54357143,4.6,Front-Wheel Drive,Automatic 4-spd
28735,Cadillac,SRX 2WD,2010,6,Regular,18,25,21,423.1904762,15.69571429,3,Front-Wheel Drive,Automatic (S6)
28786,Cadillac,SRX AWD,2010,6,Regular,17,23,19,467.7368421,17.34789474,3,All-Wheel Drive,Automatic (S6)
2894,Cadillac,Allante,1987,8,Premium,15,22,17,522.7647059,19.38882353,4.1,Front-Wheel Drive,Automatic 4-spd
29587,Cadillac,CTS,2010,6,Regular,18,27,22,403.9545455,14.98227273,3,Rear-Wheel Drive,Automatic (S6)
29588,Cadillac,CTS AWD,2010,6,Regular,18,26,21,423.1904762,15.69571429,3,All-Wheel Drive,Automatic (S6)
29594,Cadillac,CTS Wagon,2010,6,Regular,18,27,22,403.9545455,14.98227273,3,Rear-Wheel Drive,Automatic (S6)
29595,Cadillac,CTS Wagon AWD,2010,6,Regular,18,26,21,423.1904762,15.69571429,3,All-Wheel Drive,Automatic (S6)
29780,Cadillac,Escalade 2WD FFV,2010,8,Gasoline or E85,14,20,16,555.4375,20.600625,6.2,Rear-Wheel Drive,Automatic 6-spd
29781,Cadillac,Escalade Hybrid 2WD,2010,8,Regular,21,22,22,403.9545455,14.98227273,6,Rear-Wheel Drive,Automatic (variable gear ratios)
29782,Cadillac,Escalade ESV 2WD FFV,2010,8,Gasoline or E85,14,20,16,555.4375,20.600625,6.2,Rear-Wheel Drive,Automatic 6-spd
29798,Cadillac,Escalade AWD FFV,2010,8,Gasoline or E85,13,20,15,592.4666667,21.974,6.2,All-Wheel Drive,Automatic 6-spd
29918,Cadillac,CTS,2010,6,Regular,16,26,19,467.7368421,17.34789474,3,Rear-Wheel Drive,Manual 6-spd
29943,Cadillac,SRX AWD,2010,6,Premium,15,22,18,493.7222222,18.31166667,2.8,All-Wheel Drive,Automatic (S6)
30378,Cadillac,CTS,2011,6,Regular,18,27,21,423.1904762,15.69571429,3.6,Rear-Wheel Drive,Automatic (S6)
30379,Cadillac,STS,2011,6,Regular,18,27,21,423.1904762,15.69571429,3.6,Rear-Wheel Drive,Automatic (S6)
30382,Cadillac,CTS,2011,8,Premium,12,18,14,634.7857143,23.54357143,6.2,Rear-Wheel Drive,Automatic (S6)
30383,Cadillac,CTS,2011,8,Premium,14,19,16,555.4375,20.600625,6.2,Rear-Wheel Drive,Manual 6-spd
30386,Cadillac,CTS AWD,2011,6,Regular,18,26,21,423.1904762,15.69571429,3.6,All-Wheel Drive,Automatic (S6)
30387,Cadillac,STS AWD,2011,6,Regular,18,26,21,423.1904762,15.69571429,3.6,All-Wheel Drive,Automatic (S6)
30388,Cadillac,CTS,2011,6,Regular,16,25,19,467.7368421,17.34789474,3.6,Rear-Wheel Drive,Manual 6-spd
30389,Cadillac,CTS,2011,6,Regular,18,27,21,423.1904762,15.69571429,3,Rear-Wheel Drive,Automatic (S6)
30390,Cadillac,CTS AWD,2011,6,Regular,18,26,21,423.1904762,15.69571429,3,All-Wheel Drive,Automatic (S6)
30391,Cadillac,CTS,2011,6,Regular,16,26,19,467.7368421,17.34789474,3,Rear-Wheel Drive,Manual 6-spd
30410,Cadillac,DTS,2011,8,Regular,15,23,18,493.7222222,18.31166667,4.6,Front-Wheel Drive,Automatic 4-spd
30411,Cadillac,Limousine,2011,8,Regular,12,18,14,634.7857143,23.54357143,4.6,Front-Wheel Drive,Automatic 4-spd
30412,Cadillac,Funeral Coach / Hearse,2011,8,Regular,12,17,14,634.7857143,23.54357143,4.6,Front-Wheel Drive,Automatic 4-spd
30504,Cadillac,SRX 2WD,2011,6,Regular,18,24,20,444.35,16.4805,3,Front-Wheel Drive,Automatic (S6)
30511,Cadillac,Escalade Hybrid 2WD,2011,8,Regular,20,23,21,423.1904762,15.69571429,6,Rear-Wheel Drive,Automatic (variable gear ratios)
30519,Cadillac,Escalade 2WD,2011,8,Gasoline or E85,14,18,16,555.4375,20.600625,6.2,Rear-Wheel Drive,Automatic 6-spd
30520,Cadillac,Escalade ESV 2WD,2011,8,Gasoline or E85,14,18,16,555.4375,20.600625,6.2,Rear-Wheel Drive,Automatic 6-spd
30553,Cadillac,SRX AWD,2011,6,Regular,17,22,19,467.7368421,17.34789474,3,All-Wheel Drive,Automatic (S6)
30554,Cadillac,SRX AWD,2011,6,Premium,16,22,18,493.7222222,18.31166667,2.8,All-Wheel Drive,Automatic (S6)
30555,Cadillac,Escalade Hybrid 4WD,2011,8,Regular,20,23,21,423.1904762,15.69571429,6,4-Wheel Drive,Automatic (variable gear ratios)
30561,Cadillac,Escalade AWD,2011,8,Gasoline or E85,13,18,15,592.4666667,21.974,6.2,All-Wheel Drive,Automatic 6-spd
30563,Cadillac,Escalade ESV AWD,2011,8,Gasoline or E85,13,18,14,634.7857143,23.54357143,6.2,All-Wheel Drive,Automatic 6-spd
30693,Cadillac,CTS Wagon,2011,6,Regular,18,26,21,423.1904762,15.69571429,3.6,Rear-Wheel Drive,Automatic (S6)
30694,Cadillac,CTS Wagon AWD,2011,6,Regular,18,26,21,423.1904762,15.69571429,3.6,All-Wheel Drive,Automatic (S6)
30695,Cadillac,CTS Wagon,2011,6,Regular,18,27,21,423.1904762,15.69571429,3,Rear-Wheel Drive,Automatic (S6)
30696,Cadillac,CTS Wagon AWD,2011,6,Regular,18,26,21,423.1904762,15.69571429,3,All-Wheel Drive,Automatic (S6)
30773,Cadillac,Escalade Ext AWD,2011,8,Gasoline or E85,13,18,14,634.7857143,23.54357143,6.2,All-Wheel Drive,Automatic 6-spd
31025,Cadillac,CTS Wagon,2011,8,Premium,14,19,16,555.4375,20.600625,6.2,Rear-Wheel Drive,Manual 6-spd
31026,Cadillac,CTS Wagon,2011,8,Premium,12,18,14,634.7857143,23.54357143,6.2,Rear-Wheel Drive,Automatic (S6)
31365,Cadillac,CTS,2012,6,Regular,18,27,21,423.1904762,15.69571429,3.6,Rear-Wheel Drive,Automatic (S6)
31366,Cadillac,CTS,2012,8,Premium,12,18,14,634.7857143,23.54357143,6.2,Rear-Wheel Drive,Automatic (S6)
31367,Cadillac,CTS,2012,8,Premium,14,19,16,555.4375,20.600625,6.2,Rear-Wheel Drive,Manual 6-spd
31368,Cadillac,CTS,2012,6,Regular,16,26,19,467.7368421,17.34789474,3.6,Rear-Wheel Drive,Manual 6-spd
31369,Cadillac,CTS AWD,2012,6,Regular,18,26,21,423.1904762,15.69571429,3,All-Wheel Drive,Automatic (S6)
31415,Cadillac,CTS Wagon,2012,6,Regular,18,26,21,423.1904762,15.69571429,3.6,Rear-Wheel Drive,Automatic (S6)
31416,Cadillac,CTS Wagon,2012,8,Premium,12,18,14,634.7857143,23.54357143,6.2,Rear-Wheel Drive,Automatic (S6)
31417,Cadillac,CTS Wagon,2012,8,Premium,14,19,16,555.4375,20.600625,6.2,Rear-Wheel Drive,Manual 6-spd
31418,Cadillac,CTS Wagon AWD,2012,6,Regular,18,26,21,423.1904762,15.69571429,3,All-Wheel Drive,Automatic (S6)
31465,Cadillac,Escalade 2WD,2012,8,Gasoline or E85,14,18,16,555.4375,20.600625,6.2,Rear-Wheel Drive,Automatic 6-spd
31466,Cadillac,Escalade ESV 2WD,2012,8,Gasoline or E85,14,18,16,555.4375,20.600625,6.2,Rear-Wheel Drive,Automatic 6-spd
31496,Cadillac,Escalade AWD,2012,8,Gasoline or E85,13,18,15,592.4666667,21.974,6.2,All-Wheel Drive,Automatic 6-spd
31583,Cadillac,CTS,2012,6,Regular,18,27,21,423.1904762,15.69571429,3,Rear-Wheel Drive,Automatic (S6)
31591,Cadillac,CTS Wagon,2012,6,Regular,18,27,21,423.1904762,15.69571429,3,Rear-Wheel Drive,Automatic (S6)
31594,Cadillac,SRX 2WD,2012,6,Gasoline or E85,17,24,19,467.7368421,17.34789474,3.6,Front-Wheel Drive,Automatic (S6)
31607,Cadillac,SRX AWD,2012,6,Gasoline or E85,16,23,18,493.7222222,18.31166667,3.6,All-Wheel Drive,Automatic (S6)
31743,Cadillac,CTS AWD,2012,6,Regular,18,26,21,423.1904762,15.69571429,3.6,All-Wheel Drive,Automatic (S6)
31813,Cadillac,CTS Wagon AWD,2012,6,Regular,18,26,21,423.1904762,15.69571429,3.6,All-Wheel Drive,Automatic (S6)
3183,Cadillac,Cimarron,1987,4,Regular,21,28,23,386.3913043,14.33086957,2,Front-Wheel Drive,Automatic 3-spd
3184,Cadillac,Cimarron,1987,4,Regular,22,31,25,355.48,13.1844,2,Front-Wheel Drive,Manual 5-spd
3185,Cadillac,Cimarron,1987,6,Regular,18,24,20,444.35,16.4805,2.8,Front-Wheel Drive,Automatic 3-spd
3186,Cadillac,Cimarron,1987,6,Regular,17,25,20,444.35,16.4805,2.8,Front-Wheel Drive,Manual 5-spd
31901,Cadillac,Escalade Hybrid 2WD,2012,8,Regular,20,23,21,423.1904762,15.69571429,6,Rear-Wheel Drive,Automatic (variable gear ratios)
31948,Cadillac,Escalade Hybrid 4WD,2012,8,Regular,20,23,21,423.1904762,15.69571429,6,4-Wheel Drive,Automatic (variable gear ratios)
31949,Cadillac,Escalade Ext AWD,2012,8,Gasoline or E85,13,18,14,634.7857143,23.54357143,6.2,All-Wheel Drive,Automatic 6-spd
31950,Cadillac,Escalade ESV AWD,2012,8,Gasoline or E85,13,18,14,634.7857143,23.54357143,6.2,All-Wheel Drive,Automatic 6-spd
32401,Cadillac,CTS,2013,8,Premium,14,19,16,554,20.600625,6.2,Rear-Wheel Drive,Manual 6-spd
32402,Cadillac,CTS,2013,8,Regular,12,18,14,641,23.54357143,6.2,Rear-Wheel Drive,Automatic (S6)
32411,Cadillac,CTS Wagon,2013,8,Premium,14,19,16,554,20.600625,6.2,Rear-Wheel Drive,Manual 6-spd
32412,Cadillac,CTS Wagon,2013,8,Premium,12,18,14,641,23.54357143,6.2,Rear-Wheel Drive,Automatic (S6)
32466,Cadillac,Escalade 2WD,2013,8,Gasoline or E85,14,18,16,570,20.600625,6.2,Rear-Wheel Drive,Automatic 6-spd
32467,Cadillac,Escalade ESV 2WD,2013,8,Gasoline or E85,14,18,16,570,20.600625,6.2,Rear-Wheel Drive,Automatic 6-spd
32477,Cadillac,Escalade AWD,2013,8,Gasoline or E85,13,18,15,581,21.974,6.2,All-Wheel Drive,Automatic 6-spd
32498,Cadillac,XTS,2013,6,Regular,17,27,21,430,15.69571429,3.6,Front-Wheel Drive,Automatic (S6)
32511,Cadillac,Escalade Ext AWD,2013,8,Gasoline or E85,13,18,14,612,23.54357143,6.2,All-Wheel Drive,Automatic 6-spd
32512,Cadillac,Escalade ESV AWD,2013,8,Gasoline or E85,13,18,14,612,23.54357143,6.2,All-Wheel Drive,Automatic 6-spd
32539,Cadillac,CTS,2013,6,Regular,18,26,21,427,15.69571429,3.6,Rear-Wheel Drive,Automatic (S6)
32546,Cadillac,CTS Wagon,2013,6,Regular,18,26,21,428,15.69571429,3.6,Rear-Wheel Drive,Automatic (S6)
32555,Cadillac,SRX 2WD,2013,6,Gasoline or E85,17,24,19,462,17.34789474,3.6,Front-Wheel Drive,Automatic (S6)
32556,Cadillac,SRX AWD,2013,6,Gasoline or E85,16,23,18,482,18.31166667,3.6,All-Wheel Drive,Automatic (S6)
32594,Cadillac,CTS AWD,2013,6,Regular,18,26,21,426,15.69571429,3.6,All-Wheel Drive,Automatic (S6)
32595,Cadillac,CTS,2013,6,Regular,16,26,19,462,17.34789474,3,Rear-Wheel Drive,Manual 6-spd
32596,Cadillac,CTS,2013,6,Regular,18,27,21,411,15.69571429,3,Rear-Wheel Drive,Automatic (S6)
32597,Cadillac,CTS AWD,2013,6,Regular,18,26,21,433,15.69571429,3,All-Wheel Drive,Automatic (S6)
32619,Cadillac,XTS AWD,2013,6,Regular,17,26,20,448,16.4805,3.6,All-Wheel Drive,Automatic (S6)
32622,Cadillac,CTS Wagon AWD,2013,6,Regular,18,26,21,429,15.69571429,3.6,All-Wheel Drive,Automatic (S6)
32623,Cadillac,CTS Wagon,2013,6,Regular,18,26,21,431,15.69571429,3,Rear-Wheel Drive,Automatic (S6)
32624,Cadillac,CTS Wagon AWD,2013,6,Regular,18,26,21,433,15.69571429,3,All-Wheel Drive,Automatic (S6)
32644,Cadillac,Escalade Hybrid 2WD,2013,8,Regular,20,23,21,418,15.69571429,6,Rear-Wheel Drive,Automatic (variable gear ratios)
32649,Cadillac,Escalade Hybrid 4WD,2013,8,Regular,20,23,21,416,15.69571429,6,4-Wheel Drive,Automatic (variable gear ratios)
32690,Cadillac,ATS,2013,4,Regular,22,32,26,344,12.67730769,2.5,Rear-Wheel Drive,Automatic (S6)
33154,Cadillac,ATS AWD,2013,6,Regular,18,26,21,426,15.69571429,3.6,All-Wheel Drive,Automatic (S6)
33155,Cadillac,ATS AWD,2013,6,Gasoline or E85,18,26,21,426,15.69571429,3.6,All-Wheel Drive,Automatic (S6)
33156,Cadillac,ATS,2013,6,Gasoline or E85,19,27,22,408,14.98227273,3.6,Rear-Wheel Drive,Automatic (S6)
33157,Cadillac,ATS,2013,6,Regular,19,27,22,408,14.98227273,3.6,Rear-Wheel Drive,Automatic (S6)
33287,Cadillac,ATS AWD,2013,4,Regular,20,29,23,379,14.33086957,2,All-Wheel Drive,Automatic (S6)
33314,Cadillac,ATS,2013,4,Regular,21,31,24,366,13.73375,2,Rear-Wheel Drive,Automatic (S6)
33341,Cadillac,ATS,2013,4,Regular,19,29,23,389,14.33086957,2,Rear-Wheel Drive,Manual 6-spd
33389,Cadillac,XTS Hearse,2013,6,Regular,15,21,17,524,19.38882353,3.6,Front-Wheel Drive,Automatic (S6)
33390,Cadillac,XTS Limo,2013,6,Regular,15,21,17,524,19.38882353,3.6,Front-Wheel Drive,Automatic (S6)
33642,Cadillac,ATS,2014,4,Regular,22,32,26,344,12.67730769,2.5,Rear-Wheel Drive,Automatic (S6)
33643,Cadillac,ATS,2014,4,Regular,21,30,24,367,13.73375,2,Rear-Wheel Drive,Automatic (S6)
3365,Cadillac,Eldorado,1987,8,Regular,15,23,18,493.7222222,18.31166667,4.1,Front-Wheel Drive,Automatic 4-spd
3366,Cadillac,Seville,1987,8,Regular,15,23,18,493.7222222,18.31166667,4.1,Front-Wheel Drive,Automatic 4-spd
33676,Cadillac,XTS AWD,2014,6,Regular,17,26,20,448,16.4805,3.6,All-Wheel Drive,Automatic (S6)
33715,Cadillac,XTS Limo,2014,6,Regular,15,21,17,519,19.38882353,3.6,Front-Wheel Drive,Automatic (S6)
33716,Cadillac,XTS Hearse,2014,6,Regular,15,21,17,526,19.38882353,3.6,Front-Wheel Drive,Automatic (S6)
33745,Cadillac,SRX AWD,2014,6,Regular,16,23,18,482,18.31166667,3.6,All-Wheel Drive,Automatic (S6)
33803,Cadillac,ATS AWD,2014,6,Regular,18,26,21,428,15.69571429,3.6,All-Wheel Drive,Automatic (S6)
33804,Cadillac,ATS AWD,2014,4,Regular,20,29,23,386,14.33086957,2,All-Wheel Drive,Automatic (S6)
33805,Cadillac,ATS,2014,4,Regular,19,29,23,389,14.33086957,2,Rear-Wheel Drive,Manual 6-spd
33806,Cadillac,ATS,2014,6,Regular,18,27,22,412,14.98227273,3.6,Rear-Wheel Drive,Automatic (S6)
33840,Cadillac,CTS Sedan AWD,2014,6,Regular,18,26,21,428,15.69571429,3.6,All-Wheel Drive,Automatic (S6)
33841,Cadillac,CTS AWD,2014,6,Regular,18,26,21,431,15.69571429,3.6,All-Wheel Drive,Automatic (S6)
33842,Cadillac,CTS,2014,6,Regular,18,27,21,422,15.69571429,3.6,Rear-Wheel Drive,Automatic (S6)
33852,Cadillac,XTS AWD,2014,6,Premium,16,24,19,475,17.34789474,3.6,All-Wheel Drive,Automatic (S6)
33856,Cadillac,CTS Wagon,2014,6,Regular,18,26,21,425,15.69571429,3,Rear-Wheel Drive,Automatic (S6)
33857,Cadillac,CTS Wagon AWD,2014,6,Regular,18,26,21,422,15.69571429,3,All-Wheel Drive,Automatic (S6)
33858,Cadillac,CTS Wagon AWD,2014,6,Regular,18,26,21,431,15.69571429,3.6,All-Wheel Drive,Automatic (S6)
33859,Cadillac,CTS Wagon,2014,6,Regular,18,26,21,428,15.69571429,3.6,Rear-Wheel Drive,Automatic (S6)
33886,Cadillac,Escalade 2WD,2014,8,Gasoline or E85,14,18,16,571,20.600625,6.2,Rear-Wheel Drive,Automatic 6-spd
33887,Cadillac,Escalade ESV 2WD,2014,8,Gasoline or E85,14,18,16,571,20.600625,6.2,Rear-Wheel Drive,Automatic 6-spd
33892,Cadillac,Escalade AWD,2014,8,Gasoline or E85,13,18,15,581,21.974,6.2,All-Wheel Drive,Automatic 6-spd
33893,Cadillac,Escalade ESV AWD,2014,8,Gasoline or E85,13,18,14,612,23.54357143,6.2,All-Wheel Drive,Automatic 6-spd
33934,Cadillac,CTS Sedan AWD,2014,4,Regular,19,28,22,404,14.98227273,2,All-Wheel Drive,Automatic (S6)
33935,Cadillac,CTS Sedan,2014,4,Regular,20,29,23,384,14.33086957,2,Rear-Wheel Drive,Automatic (S6)
34074,Cadillac,CTS,2014,8,Premium,14,19,16,556,20.600625,6.2,Rear-Wheel Drive,Manual 6-spd
34075,Cadillac,CTS V,2014,8,Premium,14,19,16,556,20.600625,6.2,Rear-Wheel Drive,Manual 6-spd
34076,Cadillac,CTS,2014,8,Premium,12,18,14,626,23.54357143,6.2,Rear-Wheel Drive,Automatic (S6)
34077,Cadillac,CTS V,2014,8,Premium,12,18,14,626,23.54357143,6.2,Rear-Wheel Drive,Automatic (S6)
34102,Cadillac,CTS Wagon,2014,8,Premium,14,19,16,556,20.600625,6.2,Rear-Wheel Drive,Manual 6-spd
34103,Cadillac,CTS Wagon,2014,8,Premium,12,18,14,626,23.54357143,6.2,Rear-Wheel Drive,Automatic (S6)
34205,Cadillac,XTS,2014,6,Regular,18,28,21,417,15.69571429,3.6,Front-Wheel Drive,Automatic (S6)
34235,Cadillac,SRX 2WD,2014,6,Regular,17,24,19,462,17.34789474,3.6,Front-Wheel Drive,Automatic (S6)
34434,Cadillac,CTS Sedan,2014,6,Regular,18,28,22,409,14.98227273,3.6,Rear-Wheel Drive,Automatic (S8)
34558,Cadillac,CTS Sedan,2014,6,Premium,16,24,18,480,18.31166667,3.6,Rear-Wheel Drive,Automatic (S8)
3459,Cadillac,Brougham,1987,8,Regular,16,23,18,493.7222222,18.31166667,5,Rear-Wheel Drive,Automatic 4-spd
3460,Cadillac,Fleetwood/DeVille,1987,8,Regular,15,23,18,493.7222222,18.31166667,4.1,Front-Wheel Drive,Automatic 4-spd
3461,Cadillac,Limousine,1987,8,Regular,15,22,18,493.7222222,18.31166667,4.1,Front-Wheel Drive,Automatic 4-spd
34679,Cadillac,Escalade 2WD,2015,8,Regular,15,21,17,526,19.38882353,6.2,Rear-Wheel Drive,Automatic 6-spd
34680,Cadillac,Escalade ESV 2WD,2015,8,Regular,15,21,17,526,19.38882353,6.2,Rear-Wheel Drive,Automatic 6-spd
34687,Cadillac,Escalade 4WD,2015,8,Regular,14,21,16,555,20.600625,6.2,4-Wheel Drive,Automatic 6-spd
34688,Cadillac,Escalade ESV 4WD,2015,8,Regular,14,20,16,546,20.600625,6.2,4-Wheel Drive,Automatic 6-spd
34770,Cadillac,ELR,2014,4,Premium Gas or Electricity,31,35,33,91,3.614241816,1.4,Front-Wheel Drive,Automatic (variable gear ratios)
34984,Cadillac,ATS,2015,6,Regular,18,27,22,412,14.98227273,3.6,Rear-Wheel Drive,Automatic (S6)
34985,Cadillac,ATS AWD,2015,6,Regular,18,26,21,419,15.69571429,3.6,All-Wheel Drive,Automatic (S6)
35007,Cadillac,CTS Sedan AWD,2015,6,Regular,18,26,21,419,15.69571429,3.6,All-Wheel Drive,Automatic (S6)
35021,Cadillac,XTS,2015,6,Regular,18,28,21,419,15.69571429,3.6,Front-Wheel Drive,Automatic (S6)
35022,Cadillac,XTS AWD,2015,6,Regular,16,24,19,475,17.34789474,3.6,All-Wheel Drive,Automatic (S6)
35038,Cadillac,XTS Hearse,2015,6,Regular,14,21,17,536,19.38882353,3.6,Front-Wheel Drive,Automatic (S6)
35039,Cadillac,XTS Limo,2015,6,Regular,15,21,17,527,19.38882353,3.6,Front-Wheel Drive,Automatic (S6)
35058,Cadillac,SRX,2015,6,Regular,17,24,19,462,17.34789474,3.6,Front-Wheel Drive,Automatic (S6)
35066,Cadillac,SRX AWD,2015,6,Regular,16,23,18,482,18.31166667,3.6,All-Wheel Drive,Automatic (S6)
35100,Cadillac,CTS,2015,8,Premium,14,19,16,561,20.600625,6.2,Rear-Wheel Drive,Manual 6-spd
35101,Cadillac,CTS,2015,8,Premium,12,18,14,638,23.54357143,6.2,Rear-Wheel Drive,Automatic (S6)
35123,Cadillac,ATS,2015,4,Regular,19,29,23,389,14.33086957,2,Rear-Wheel Drive,Manual 6-spd
35126,Cadillac,CTS Sedan,2015,6,Premium,16,24,18,480,18.31166667,3.6,Rear-Wheel Drive,Automatic (S8)
35209,Cadillac,ATS,2015,4,Regular,21,29,24,369,13.73375,2,Rear-Wheel Drive,Automatic (S6)
35210,Cadillac,ATS AWD,2015,4,Regular,20,27,23,386,14.33086957,2,All-Wheel Drive,Automatic (S6)
35222,Cadillac,CTS Sedan,2015,6,Regular,18,28,22,407,14.98227273,3.6,Rear-Wheel Drive,Automatic (S8)
35252,Cadillac,ATS,2015,4,Regular,21,32,25,356,13.1844,2.5,Rear-Wheel Drive,Automatic (S6)
35258,Cadillac,CTS Sedan AWD,2015,4,Regular,19,27,22,404,14.98227273,2,All-Wheel Drive,Automatic (S6)
35317,Cadillac,ELR,2015,4,Premium Gas or Electricity,31,35,33,91,3.614241816,1.4,Front-Wheel Drive,Automatic (variable gear ratios)
35366,Cadillac,XTS AWD,2015,6,Regular,17,26,20,438,16.4805,3.6,All-Wheel Drive,Automatic (S6)
35436,Cadillac,CTS Sedan,2015,4,Regular,20,30,24,374,13.73375,2,Rear-Wheel Drive,Automatic (S6)
35826,Cadillac,Escalade 2WD,2015,8,Regular,15,22,17,511,19.38882353,6.2,Rear-Wheel Drive,Automatic 8-spd
35827,Cadillac,Escalade ESV 2WD,2015,8,Regular,15,22,17,511,19.38882353,6.2,Rear-Wheel Drive,Automatic 8-spd
35832,Cadillac,Escalade 4WD,2015,8,Regular,15,21,17,519,19.38882353,6.2,4-Wheel Drive,Automatic 8-spd
35833,Cadillac,Escalade ESV 4WD,2015,8,Regular,14,20,17,535,19.38882353,6.2,4-Wheel Drive,Automatic 8-spd
36316,Cadillac,ATS-V,2016,6,Premium,17,23,19,465,17.34789474,3.6,Rear-Wheel Drive,Manual 6-spd
36362,Cadillac,ATS-V,2016,6,Premium,16,24,19,472,17.34789474,3.6,Rear-Wheel Drive,Automatic (S8)
36378,Cadillac,SRX AWD,2016,6,Regular,16,23,18,482,18.31166667,3.6,All-Wheel Drive,Automatic (S6)
36436,Cadillac,SRX,2016,6,Regular,17,24,19,462,17.34789474,3.6,Front-Wheel Drive,Automatic (S6)
36471,Cadillac,XTS,2016,6,Regular,18,28,21,410,15.69571429,3.6,Front-Wheel Drive,Automatic (S6)
36472,Cadillac,XTS AWD,2016,6,Regular,17,26,20,441,16.4805,3.6,All-Wheel Drive,Automatic (S6)
36563,Cadillac,ATS AWD,2016,4,Premium,22,30,25,358,13.1844,2,All-Wheel Drive,Automatic (S8)
36580,Cadillac,CTS Sedan AWD,2016,4,Premium,21,29,24,372,13.73375,2,All-Wheel Drive,Automatic (S8)
36586,Cadillac,XTS AWD,2016,6,Premium,16,23,18,485,18.31166667,3.6,All-Wheel Drive,Automatic (S6)
36691,Cadillac,Escalade 2WD,2016,8,Regular,15,22,17,511,19.38882353,6.2,Rear-Wheel Drive,Automatic 8-spd
36698,Cadillac,Escalade 4WD,2016,8,Regular,15,21,17,526,19.38882353,6.2,4-Wheel Drive,Automatic 8-spd
36733,Cadillac,ATS,2016,4,Premium,22,31,25,349,13.1844,2,Rear-Wheel Drive,Automatic (S8)
36734,Cadillac,ATS,2016,4,Premium,20,28,23,388,14.33086957,2,Rear-Wheel Drive,Manual 6-spd
36735,Cadillac,ATS,2016,6,Regular,20,29,24,378,13.73375,3.6,Rear-Wheel Drive,Automatic (S8)
36745,Cadillac,CTS Sedan,2016,6,Premium,16,24,19,472,17.34789474,3.6,Rear-Wheel Drive,Automatic (S8)
36746,Cadillac,CTS Sedan,2016,4,Premium,21,30,25,360,13.1844,2,Rear-Wheel Drive,Automatic (S8)
36747,Cadillac,CTS Sedan,2016,6,Regular,20,29,24,378,13.73375,3.6,Rear-Wheel Drive,Automatic (S8)
36748,Cadillac,CTS-V,2016,8,Premium,14,21,17,532,19.38882353,6.2,Rear-Wheel Drive,Automatic (S8)
36818,Cadillac,ATS,2016,4,Regular,22,32,26,348,12.67730769,2.5,Rear-Wheel Drive,Automatic (S8)
36862,Cadillac,ELR,2016,4,Premium Gas or Electricity,31,33,32,91,3.504650431,1.4,Front-Wheel Drive,Automatic (variable gear ratios)
36889,Cadillac,ATS AWD,2016,6,Regular,19,27,22,399,14.98227273,3.6,All-Wheel Drive,Automatic (S8)
36899,Cadillac,CTS Sedan AWD,2016,6,Regular,19,27,22,399,14.98227273,3.6,All-Wheel Drive,Automatic (S8)
37121,Cadillac,XTS Hearse,2016,6,Regular,15,21,17,524,19.38882353,3.6,Front-Wheel Drive,Automatic (S6)
37122,Cadillac,XTS Limo,2016,6,Regular,15,21,17,524,19.38882353,3.6,Front-Wheel Drive,Automatic (S6)
37131,Cadillac,ELR Sport,2016,4,Premium Gas or Electricity,28,33,30,104,4.028975201,1.4,Front-Wheel Drive,Automatic (variable gear ratios)
37252,Cadillac,CT6,2016,4,Regular,22,30,25,357,13.1844,2,Rear-Wheel Drive,Automatic (S8)
37253,Cadillac,CT6 AWD,2016,6,Premium,18,26,21,424,15.69571429,3,All-Wheel Drive,Automatic (S8)
37270,Cadillac,XT5,2017,6,Regular,19,27,22,395,14.98227273,3.6,Front-Wheel Drive,Automatic (S8)
37271,Cadillac,XT5 AWD,2017,6,Regular,18,26,21,419,15.69571429,3.6,All-Wheel Drive,Automatic (S8)
37288,Cadillac,CT6 AWD,2016,6,Regular,18,27,21,414,15.69571429,3.6,All-Wheel Drive,Automatic (S8)
37493,Cadillac,XTS,2017,6,Regular,18,28,22,412,14.98227273,3.6,Front-Wheel Drive,Automatic (S6)
37589,Cadillac,XTS AWD,2017,6,Regular,17,26,20,439,16.4805,3.6,All-Wheel Drive,Automatic (S6)
37590,Cadillac,XTS LIMO,2017,6,Regular,15,21,17,525,19.38882353,3.6,Front-Wheel Drive,Automatic (S6)
37618,Cadillac,ATS,2017,4,Premium,20,29,23,379,14.33086957,2,Rear-Wheel Drive,Manual 6-spd
37665,Cadillac,XTS Hearse,2017,6,Regular,15,21,17,525,19.38882353,3.6,Front-Wheel Drive,Automatic (S6)
37676,Cadillac,Escalade 2WD,2017,8,Regular,15,22,17,512,19.38882353,6.2,Rear-Wheel Drive,Automatic 8-spd
37688,Cadillac,Escalade 4WD,2017,8,Regular,15,20,17,533,19.38882353,6.2,4-Wheel Drive,Automatic 8-spd
37765,Cadillac,ATS,2017,6,Regular,20,30,24,376,13.73375,3.6,Rear-Wheel Drive,Automatic (S8)
37766,Cadillac,ATS AWD,2017,6,Regular,19,27,22,399,14.98227273,3.6,All-Wheel Drive,Automatic (S8)
37770,Cadillac,CTS,2017,6,Regular,20,30,24,376,13.73375,3.6,Rear-Wheel Drive,Automatic (S8)
37771,Cadillac,CTS AWD,2017,6,Regular,19,27,22,399,14.98227273,3.6,All-Wheel Drive,Automatic (S8)
37774,Cadillac,XTS AWD,2017,6,Regular,16,23,18,486,18.31166667,3.6,All-Wheel Drive,Automatic (S6)
37775,Cadillac,CT6 AWD,2017,6,Regular,18,27,21,417,15.69571429,3.6,All-Wheel Drive,Automatic (S8)
37776,Cadillac,CT6 AWD,2017,6,Premium,18,26,21,424,15.69571429,3,All-Wheel Drive,Automatic (S8)
37898,Cadillac,ATS,2017,4,Premium,22,31,25,349,13.1844,2,Rear-Wheel Drive,Automatic (S8)
37899,Cadillac,ATS,2017,4,Regular,22,32,26,347,12.67730769,2.5,Rear-Wheel Drive,Automatic (S8)
37900,Cadillac,ATS-V,2017,6,Premium,17,25,20,449,16.4805,3.6,Rear-Wheel Drive,Automatic (S8)
37901,Cadillac,ATS-V,2017,6,Premium,16,23,19,475,17.34789474,3.6,Rear-Wheel Drive,Manual 6-spd
37902,Cadillac,ATS AWD,2017,4,Premium,22,30,25,358,13.1844,2,All-Wheel Drive,Automatic (S8)
37924,Cadillac,CTS,2017,4,Premium,22,30,25,359,13.1844,2,Rear-Wheel Drive,Automatic (S8)
37925,Cadillac,CTS,2017,6,Premium,16,24,18,481,18.31166667,3.6,Rear-Wheel Drive,Automatic (S8)
37926,Cadillac,CTS AWD,2017,4,Premium,21,29,24,368,13.73375,2,All-Wheel Drive,Automatic (S8)
37927,Cadillac,CTS-V,2017,8,Premium,14,21,17,530,19.38882353,6.2,Rear-Wheel Drive,Automatic (S8)
37936,Cadillac,CT6,2017,4,Premium,22,30,25,359,13.1844,2,Rear-Wheel Drive,Automatic (S8)
4121,Cadillac,Allante,1988,8,Premium,15,22,17,522.7647059,19.38882353,4.1,Front-Wheel Drive,Automatic 4-spd
433,Cadillac,Eldorado,1985,8,Regular,15,20,17,522.7647059,19.38882353,4.1,Front-Wheel Drive,Automatic 4-spd
434,Cadillac,Eldorado,1985,8,Diesel,17,26,20,509,19.10925,5.7,Front-Wheel Drive,Automatic 4-spd
435,Cadillac,Seville,1985,8,Regular,15,20,17,522.7647059,19.38882353,4.1,Front-Wheel Drive,Automatic 4-spd
436,Cadillac,Seville,1985,8,Diesel,17,26,20,509,19.10925,5.7,Front-Wheel Drive,Automatic 4-spd
4379,Cadillac,Cimarron,1988,6,Regular,18,25,20,444.35,16.4805,2.8,Front-Wheel Drive,Automatic 3-spd
4380,Cadillac,Cimarron,1988,6,Regular,18,27,21,423.1904762,15.69571429,2.8,Front-Wheel Drive,Manual 5-spd
4542,Cadillac,Eldorado,1988,8,Regular,15,22,17,522.7647059,19.38882353,4.5,Front-Wheel Drive,Automatic 4-spd
4543,Cadillac,Seville,1988,8,Regular,15,22,17,522.7647059,19.38882353,4.5,Front-Wheel Drive,Automatic 4-spd
4632,Cadillac,Brougham,1988,8,Regular,15,22,18,493.7222222,18.31166667,5,Rear-Wheel Drive,Automatic 4-spd
4633,Cadillac,DeVille,1988,8,Regular,15,22,17,522.7647059,19.38882353,4.5,Front-Wheel Drive,Automatic 4-spd
4634,Cadillac,Fleetwood,1988,8,Regular,15,22,17,522.7647059,19.38882353,4.5,Front-Wheel Drive,Automatic 4-spd
5226,Cadillac,Commercial Chassis,1988,8,Regular,15,22,17,522.7647059,19.38882353,4.5,Front-Wheel Drive,Automatic 4-spd
5242,Cadillac,Allante,1989,8,Premium,14,21,16,555.4375,20.600625,4.5,Front-Wheel Drive,Automatic 4-spd
541,Cadillac,Fleetwood Brougham (RWD),1985,8,Regular,15,20,17,522.7647059,19.38882353,4.1,Rear-Wheel Drive,Automatic 4-spd
542,Cadillac,Fleetwood Brougham (RWD),1985,8,Diesel,18,26,21,484.7619048,18.19928571,5.7,Rear-Wheel Drive,Automatic 4-spd
543,Cadillac,Fleetwood/DeVille (FWD),1985,8,Regular,15,22,18,493.7222222,18.31166667,4.1,Front-Wheel Drive,Automatic 4-spd
544,Cadillac,Fleetwood/DeVille (FWD),1985,6,Diesel,19,29,23,442.6086957,16.61673913,4.3,Front-Wheel Drive,Automatic 4-spd
545,Cadillac,Limousine,1985,8,Regular,15,20,17,522.7647059,19.38882353,4.1,Front-Wheel Drive,Automatic 4-spd
5677,Cadillac,Eldorado,1989,8,Regular,15,23,18,493.7222222,18.31166667,4.5,Front-Wheel Drive,Automatic 4-spd
5678,Cadillac,Seville,1989,8,Regular,15,23,18,493.7222222,18.31166667,4.5,Front-Wheel Drive,Automatic 4-spd
5797,Cadillac,Brougham,1989,8,Regular,15,22,18,493.7222222,18.31166667,5,Rear-Wheel Drive,Automatic 4-spd
5798,Cadillac,Fleetwood/DeVille,1989,8,Regular,15,23,18,493.7222222,18.31166667,4.5,Front-Wheel Drive,Automatic 4-spd
6379,Cadillac,Commercial Chassis,1989,8,Regular,15,23,18,493.7222222,18.31166667,4.5,Front-Wheel Drive,Automatic 4-spd
6391,Cadillac,Allante,1990,8,Premium,14,20,16,555.4375,20.600625,4.5,Front-Wheel Drive,Automatic 4-spd
6799,Cadillac,Eldorado,1990,8,Premium,15,23,17,522.7647059,19.38882353,4.5,Front-Wheel Drive,Automatic 4-spd
6800,Cadillac,Seville,1990,8,Premium,15,23,17,522.7647059,19.38882353,4.5,Front-Wheel Drive,Automatic 4-spd
6883,Cadillac,Brougham,1990,8,Regular,15,22,18,493.7222222,18.31166667,5,Rear-Wheel Drive,Automatic 4-spd
6884,Cadillac,Brougham,1990,8,Regular,13,20,15,592.4666667,21.974,5.7,Rear-Wheel Drive,Automatic 4-spd
6885,Cadillac,Fleetwood/DeVille,1990,8,Premium,15,23,17,522.7647059,19.38882353,4.5,Front-Wheel Drive,Automatic 4-spd
7437,Cadillac,Commercial Chassis,1990,8,Premium,14,22,16,555.4375,20.600625,4.5,Front-Wheel Drive,Automatic 4-spd
7450,Cadillac,Allante,1991,8,Premium,14,20,16,555.4375,20.600625,4.5,Front-Wheel Drive,Automatic 4-spd
7922,Cadillac,Eldorado,1991,8,Premium,15,24,18,493.7222222,18.31166667,4.9,Front-Wheel Drive,Automatic 4-spd
7923,Cadillac,Seville,1991,8,Premium,15,24,18,493.7222222,18.31166667,4.9,Front-Wheel Drive,Automatic 4-spd
8016,Cadillac,Brougham,1991,8,Regular,15,23,17,522.7647059,19.38882353,5,Rear-Wheel Drive,Automatic 4-spd
8017,Cadillac,Brougham,1991,8,Regular,14,20,16,555.4375,20.600625,5.7,Rear-Wheel Drive,Automatic 4-spd
8018,Cadillac,Fleetwood/DeVille,1991,8,Premium,15,24,18,493.7222222,18.31166667,4.9,Front-Wheel Drive,Automatic 4-spd
8546,Cadillac,Commercial Chassis,1991,8,Premium,14,22,16,555.4375,20.600625,4.9,Front-Wheel Drive,Automatic 4-spd
8560,Cadillac,Allante,1992,8,Premium,14,20,16,555.4375,20.600625,4.5,Front-Wheel Drive,Automatic 4-spd
9002,Cadillac,Seville,1992,8,Premium,15,23,18,493.7222222,18.31166667,4.9,Front-Wheel Drive,Automatic 4-spd
9003,Cadillac,Eldorado,1992,8,Premium,15,23,18,493.7222222,18.31166667,4.9,Front-Wheel Drive,Automatic 4-spd
9088,Cadillac,Brougham,1992,8,Regular,15,23,18,493.7222222,18.31166667,5,Rear-Wheel Drive,Automatic 4-spd
9089,Cadillac,Brougham,1992,8,Regular,15,23,18,493.7222222,18.31166667,5.7,Rear-Wheel Drive,Automatic 4-spd
9090,Cadillac,Fleetwood/DeVille,1992,8,Premium,15,23,18,493.7222222,18.31166667,4.9,Front-Wheel Drive,Automatic 4-spd
9618,Cadillac,Commercial Chassis,1992,8,Premium,14,21,16,555.4375,20.600625,4.9,Front-Wheel Drive,Automatic 4-spd
9634,Cadillac,Allante,1993,8,Premium,13,20,15,592.4666667,21.974,4.6,Front-Wheel Drive,Automatic 4-spd
