10034,Chrysler,New Yorker,1993,6,Regular,18,24,20,444.35,16.4805,3.3,Front-Wheel Drive,Automatic 4-spd
10112,Chrysler,Concorde,1993,6,Regular,18,26,21,423.1904762,15.69571429,3.3,Front-Wheel Drive,Automatic 4-spd
10113,Chrysler,Concorde,1993,6,Regular,16,24,19,467.7368421,17.34789474,3.5,Front-Wheel Drive,Automatic 4-spd
10114,Chrysler,Fifth Avenue/Imperial,1993,6,Regular,18,24,20,444.35,16.4805,3.3,Front-Wheel Drive,Automatic 4-spd
10115,Chrysler,Fifth Avenue/Imperial,1993,6,Regular,17,24,19,467.7368421,17.34789474,3.8,Front-Wheel Drive,Automatic 4-spd
10492,Chrysler,Town and Country 2WD,1993,6,Regular,16,22,18,493.7222222,18.31166667,3.3,Front-Wheel Drive,Automatic 4-spd
10542,Chrysler,Town and Country 4WD,1993,6,Regular,15,20,17,522.7647059,19.38882353,3.3,4-Wheel or All-Wheel Drive,Automatic 4-spd
10698,Chrysler,LeBaron Convertible,1994,6,Regular,18,26,21,423.1904762,15.69571429,3,Front-Wheel Drive,Automatic 4-spd
10878,Chrysler,LeBaron,1994,4,Regular,19,25,22,403.9545455,14.98227273,2.5,Front-Wheel Drive,Automatic 3-spd
10879,Chrysler,LeBaron,1994,6,Regular,18,24,21,423.1904762,15.69571429,3,Front-Wheel Drive,Automatic 3-spd
10880,Chrysler,LeBaron,1994,6,Regular,18,26,21,423.1904762,15.69571429,3,Front-Wheel Drive,Automatic 4-spd
11069,Chrysler,Concorde,1994,6,Regular,18,26,21,423.1904762,15.69571429,3.3,Front-Wheel Drive,Automatic 4-spd
11070,Chrysler,Concorde,1994,6,Regular,16,24,19,467.7368421,17.34789474,3.5,Front-Wheel Drive,Automatic 4-spd
11071,Chrysler,New Yorker/LHS,1994,6,Regular,16,24,19,467.7368421,17.34789474,3.5,Front-Wheel Drive,Automatic 4-spd
11444,Chrysler,Town and Country 2WD,1994,6,Regular,15,20,17,522.7647059,19.38882353,3.8,Front-Wheel Drive,Automatic 4-spd
11504,Chrysler,Town and Country 4WD,1994,6,Regular,14,19,16,555.4375,20.600625,3.8,4-Wheel or All-Wheel Drive,Automatic 4-spd
11656,Chrysler,LeBaron Convertible,1995,6,Regular,18,26,21,423.1904762,15.69571429,3,Front-Wheel Drive,Automatic 4-spd
11821,Chrysler,Sebring,1995,4,Regular,18,27,21,423.1904762,15.69571429,2,Front-Wheel Drive,Automatic 4-spd
11822,Chrysler,Sebring,1995,4,Regular,19,29,22,403.9545455,14.98227273,2,Front-Wheel Drive,Automatic 4-spd
11823,Chrysler,Sebring,1995,4,Regular,19,30,23,386.3913043,14.33086957,2,Front-Wheel Drive,Manual 5-spd
11824,Chrysler,Sebring,1995,4,Regular,19,29,23,386.3913043,14.33086957,2,Front-Wheel Drive,Manual 5-spd
11825,Chrysler,Sebring,1995,6,Regular,18,26,21,423.1904762,15.69571429,2.5,Front-Wheel Drive,Automatic 4-spd
1193,Chrysler,Laser,1985,4,Regular,19,23,21,423.1904762,15.69571429,2.2,Front-Wheel Drive,Automatic 3-spd
1194,Chrysler,Laser,1985,4,Premium,17,22,19,467.7368421,17.34789474,2.2,Front-Wheel Drive,Automatic 3-spd
11948,Chrysler,Cirrus,1995,4,Regular,18,26,21,423.1904762,15.69571429,2.4,Front-Wheel Drive,Automatic 4-spd
11949,Chrysler,Cirrus,1995,6,Regular,18,26,21,423.1904762,15.69571429,2.5,Front-Wheel Drive,Automatic 4-spd
1195,Chrysler,Laser,1985,4,Regular,19,30,23,386.3913043,14.33086957,2.2,Front-Wheel Drive,Manual 5-spd
1196,Chrysler,Laser,1985,4,Regular,20,30,23,386.3913043,14.33086957,2.2,Front-Wheel Drive,Manual 5-spd
1197,Chrysler,LeBaron Convertible,1985,4,Premium,17,22,19,467.7368421,17.34789474,2.2,Front-Wheel Drive,Automatic 3-spd
1198,Chrysler,LeBaron Convertible,1985,4,Regular,19,23,21,423.1904762,15.69571429,2.2,Front-Wheel Drive,Automatic 3-spd
1199,Chrysler,LeBaron Convertible,1985,4,Regular,18,21,19,467.7368421,17.34789474,2.6,Front-Wheel Drive,Automatic 3-spd
12021,Chrysler,Concorde,1995,6,Regular,16,24,19,467.7368421,17.34789474,3.3,Front-Wheel Drive,Automatic 4-spd
12022,Chrysler,Concorde,1995,6,Regular,18,26,21,423.1904762,15.69571429,3.3,Front-Wheel Drive,Automatic 4-spd
12023,Chrysler,Concorde,1995,6,Regular,16,24,19,467.7368421,17.34789474,3.5,Front-Wheel Drive,Automatic 4-spd
12024,Chrysler,New Yorker/LHS,1995,6,Regular,16,24,19,467.7368421,17.34789474,3.5,Front-Wheel Drive,Automatic 4-spd
12397,Chrysler,Town and Country 2WD,1995,6,Regular,15,21,17,522.7647059,19.38882353,3.8,Front-Wheel Drive,Automatic 4-spd
12453,Chrysler,Town and Country 4WD,1995,6,Regular,15,20,17,522.7647059,19.38882353,3.8,4-Wheel or All-Wheel Drive,Automatic 4-spd
12695,Chrysler,Sebring,1996,4,Regular,18,27,21,423.1904762,15.69571429,2,Front-Wheel Drive,Automatic 4-spd
12696,Chrysler,Sebring,1996,4,Regular,19,29,22,403.9545455,14.98227273,2,Front-Wheel Drive,Manual 5-spd
12697,Chrysler,Sebring,1996,6,Regular,18,25,20,444.35,16.4805,2.5,Front-Wheel Drive,Automatic 4-spd
12808,Chrysler,Cirrus,1996,4,Regular,18,26,21,423.1904762,15.69571429,2.4,Front-Wheel Drive,Automatic 4-spd
12809,Chrysler,Cirrus,1996,6,Regular,18,26,21,423.1904762,15.69571429,2.5,Front-Wheel Drive,Automatic 4-spd
12810,Chrysler,Sebring Convertible,1996,4,Regular,18,26,21,423.1904762,15.69571429,2.4,Front-Wheel Drive,Automatic 4-spd
12811,Chrysler,Sebring Convertible,1996,6,Regular,18,26,21,423.1904762,15.69571429,2.5,Front-Wheel Drive,Automatic 4-spd
12876,Chrysler,Concorde,1996,6,Regular,17,24,20,444.35,16.4805,3.3,Front-Wheel Drive,Automatic 4-spd
12877,Chrysler,Concorde,1996,6,Regular,16,24,18,493.7222222,18.31166667,3.5,Front-Wheel Drive,Automatic 4-spd
12878,Chrysler,New Yorker/LHS,1996,6,Regular,16,24,18,493.7222222,18.31166667,3.5,Front-Wheel Drive,Automatic 4-spd
13139,Chrysler,Town and Country 2WD,1996,6,Regular,15,22,18,493.7222222,18.31166667,3.3,Front-Wheel Drive,Automatic 4-spd
13140,Chrysler,Town and Country 2WD,1996,6,Regular,15,22,18,493.7222222,18.31166667,3.8,Front-Wheel Drive,Automatic 4-spd
13200,Chrysler,Town and Country 4WD,1996,6,Regular,14,20,16,555.4375,20.600625,3.8,4-Wheel or All-Wheel Drive,Automatic 4-spd
1343,Chrysler,LeBaron,1985,4,Regular,19,24,21,423.1904762,15.69571429,2.2,Front-Wheel Drive,Automatic 3-spd
1344,Chrysler,LeBaron,1985,4,Premium,17,22,19,467.7368421,17.34789474,2.2,Front-Wheel Drive,Automatic 3-spd
13445,Chrysler,Sebring,1997,4,Regular,18,27,21,423.1904762,15.69571429,2,Front-Wheel Drive,Automatic 4-spd
13446,Chrysler,Sebring,1997,4,Regular,19,29,22,403.9545455,14.98227273,2,Front-Wheel Drive,Manual 5-spd
13447,Chrysler,Sebring,1997,6,Regular,18,25,20,444.35,16.4805,2.5,Front-Wheel Drive,Automatic 4-spd
13448,Chrysler,Sebring Convertible,1997,4,Regular,18,26,21,423.1904762,15.69571429,2.4,Front-Wheel Drive,Automatic 4-spd
13449,Chrysler,Sebring Convertible,1997,6,Regular,16,26,19,467.7368421,17.34789474,2.5,Front-Wheel Drive,Automatic 4-spd
1345,Chrysler,LeBaron,1985,4,Regular,18,21,19,467.7368421,17.34789474,2.6,Front-Wheel Drive,Automatic 3-spd
13450,Chrysler,Sebring Convertible,1997,6,Regular,16,24,19,467.7368421,17.34789474,2.5,Front-Wheel Drive,Automatic 4-spd
1346,Chrysler,LeBaron GTS,1985,4,Premium,17,22,19,467.7368421,17.34789474,2.2,Front-Wheel Drive,Automatic 3-spd
1347,Chrysler,LeBaron GTS,1985,4,Regular,19,23,21,423.1904762,15.69571429,2.2,Front-Wheel Drive,Automatic 3-spd
1348,Chrysler,LeBaron GTS,1985,4,Regular,19,30,23,386.3913043,14.33086957,2.2,Front-Wheel Drive,Manual 5-spd
1349,Chrysler,LeBaron GTS,1985,4,Regular,20,30,23,386.3913043,14.33086957,2.2,Front-Wheel Drive,Manual 5-spd
1350,Chrysler,New Yorker,1985,4,Premium,17,22,19,467.7368421,17.34789474,2.2,Front-Wheel Drive,Automatic 3-spd
1351,Chrysler,New Yorker,1985,4,Regular,18,21,19,467.7368421,17.34789474,2.6,Front-Wheel Drive,Automatic 3-spd
1352,Chrysler,Newport/Fifth Avenue,1985,8,Premium,15,19,16,555.4375,20.600625,5.2,Rear-Wheel Drive,Automatic 3-spd
13550,Chrysler,Cirrus,1997,4,Regular,18,28,21,423.1904762,15.69571429,2.4,Front-Wheel Drive,Automatic 4-spd
13551,Chrysler,Cirrus,1997,6,Regular,18,26,21,423.1904762,15.69571429,2.5,Front-Wheel Drive,Automatic 4-spd
13552,Chrysler,Cirrus,1997,6,Regular,18,26,21,423.1904762,15.69571429,2.5,Front-Wheel Drive,Automatic 4-spd
13622,Chrysler,Concorde,1997,6,Regular,17,25,20,444.35,16.4805,3.3,Front-Wheel Drive,Automatic 4-spd
13623,Chrysler,Concorde,1997,6,Regular,16,24,19,467.7368421,17.34789474,3.5,Front-Wheel Drive,Automatic 4-spd
13624,Chrysler,New Yorker/LHS,1997,6,Regular,16,24,19,467.7368421,17.34789474,3.5,Front-Wheel Drive,Automatic 4-spd
13863,Chrysler,Town and Country 2WD,1997,6,Regular,15,22,18,493.7222222,18.31166667,3.3,Front-Wheel Drive,Automatic 4-spd
13864,Chrysler,Town and Country 2WD,1997,6,Regular,15,22,18,493.7222222,18.31166667,3.8,Front-Wheel Drive,Automatic 4-spd
13929,Chrysler,Town and Country 4WD,1997,6,Regular,14,20,16,555.4375,20.600625,3.8,4-Wheel or All-Wheel Drive,Automatic 4-spd
14185,Chrysler,Sebring,1998,4,Regular,19,27,22,403.9545455,14.98227273,2,Front-Wheel Drive,Automatic 4-spd
14186,Chrysler,Sebring,1998,4,Regular,19,27,22,403.9545455,14.98227273,2,Front-Wheel Drive,Automatic 4-spd
14187,Chrysler,Sebring,1998,4,Regular,19,29,23,386.3913043,14.33086957,2,Front-Wheel Drive,Manual 5-spd
14188,Chrysler,Sebring,1998,4,Regular,19,29,23,386.3913043,14.33086957,2,Front-Wheel Drive,Manual 5-spd
14189,Chrysler,Sebring,1998,6,Regular,17,25,20,444.35,16.4805,2.5,Front-Wheel Drive,Automatic 4-spd
14190,Chrysler,Sebring,1998,6,Regular,17,25,20,444.35,16.4805,2.5,Front-Wheel Drive,Automatic 4-spd
14191,Chrysler,JX/JXI/Limited Convertible,1998,4,Regular,18,28,22,403.9545455,14.98227273,2.4,Front-Wheel Drive,Automatic 4-spd
14192,Chrysler,JX/JXI/Limited Convertible,1998,6,Regular,17,26,20,444.35,16.4805,2.5,Front-Wheel Drive,Automatic 4-spd
14193,Chrysler,JX/JXI/Limited Convertible,1998,6,Regular,17,25,20,444.35,16.4805,2.5,Front-Wheel Drive,Automatic 4-spd
14298,Chrysler,Cirrus,1998,4,Regular,18,28,22,403.9545455,14.98227273,2.4,Front-Wheel Drive,Automatic 4-spd
14299,Chrysler,Cirrus,1998,6,Regular,17,25,20,444.35,16.4805,2.5,Front-Wheel Drive,Automatic 4-spd
14384,Chrysler,Concorde,1998,6,Regular,18,28,22,403.9545455,14.98227273,2.7,Front-Wheel Drive,Automatic 4-spd
14385,Chrysler,Concorde,1998,6,Regular,17,26,20,444.35,16.4805,3.2,Front-Wheel Drive,Automatic 4-spd
1449,Chrysler,Town and Country Wagon,1985,4,Premium,17,22,19,467.7368421,17.34789474,2.2,Front-Wheel Drive,Automatic 3-spd
1450,Chrysler,Town and Country Wagon,1985,4,Regular,18,21,19,467.7368421,17.34789474,2.6,Front-Wheel Drive,Automatic 3-spd
14632,Chrysler,Town and Country 2WD,1998,6,Regular,16,22,18,493.7222222,18.31166667,3.3,Front-Wheel Drive,Automatic 4-spd
14633,Chrysler,Town and Country 2WD,1998,6,Regular,16,22,18,493.7222222,18.31166667,3.3,Front-Wheel Drive,Automatic 4-spd
14634,Chrysler,Town and Country 2WD,1998,6,Regular,15,22,18,493.7222222,18.31166667,3.8,Front-Wheel Drive,Automatic 4-spd
14715,Chrysler,Town and Country AWD,1998,6,Regular,14,22,17,522.7647059,19.38882353,3.8,4-Wheel or All-Wheel Drive,Automatic 4-spd
14967,Chrysler,Sebring,1999,4,Regular,19,27,22,403.9545455,14.98227273,2,Front-Wheel Drive,Automatic 4-spd
14968,Chrysler,Sebring,1999,4,Regular,19,29,23,386.3913043,14.33086957,2,Front-Wheel Drive,Manual 5-spd
14969,Chrysler,Sebring,1999,6,Regular,17,25,20,444.35,16.4805,2.5,Front-Wheel Drive,Automatic 4-spd
14970,Chrysler,Sebring Convertible,1999,4,Regular,18,28,22,403.9545455,14.98227273,2.4,Front-Wheel Drive,Automatic 4-spd
14971,Chrysler,Sebring Convertible,1999,6,Regular,17,25,20,444.35,16.4805,2.5,Front-Wheel Drive,Automatic 4-spd
14972,Chrysler,Sebring Convertible,1999,6,Regular,17,25,20,444.35,16.4805,2.5,Front-Wheel Drive,Automatic 4-spd
15090,Chrysler,Cirrus,1999,6,Regular,17,25,20,444.35,16.4805,2.5,Front-Wheel Drive,Automatic 4-spd
15091,Chrysler,Cirrus,1999,6,Regular,17,25,20,444.35,16.4805,2.5,Front-Wheel Drive,Automatic 4-spd
15182,Chrysler,300 M,1999,6,Regular,16,24,19,467.7368421,17.34789474,3.5,Front-Wheel Drive,Automatic 4-spd
15183,Chrysler,Concorde,1999,6,Regular,18,28,22,403.9545455,14.98227273,2.7,Front-Wheel Drive,Automatic 4-spd
15184,Chrysler,Concorde,1999,6,Regular,17,26,20,444.35,16.4805,3.2,Front-Wheel Drive,Automatic 4-spd
15185,Chrysler,LHS,1999,6,Regular,16,24,19,467.7368421,17.34789474,3.5,Front-Wheel Drive,Automatic 4-spd
15414,Chrysler,Town and Country 2WD,1999,6,Regular,16,22,18,493.7222222,18.31166667,3.3,Front-Wheel Drive,Automatic 4-spd
15415,Chrysler,Town and Country 2WD,1999,6,Regular,16,22,18,493.7222222,18.31166667,3.3,Front-Wheel Drive,Automatic 4-spd
15416,Chrysler,Town and Country 2WD,1999,6,Regular,15,22,18,493.7222222,18.31166667,3.8,Front-Wheel Drive,Automatic 4-spd
15439,Chrysler,Town and Country AWD,1999,6,Regular,14,21,17,522.7647059,19.38882353,3.8,4-Wheel or All-Wheel Drive,Automatic 4-spd
15769,Chrysler,Sebring,2000,6,Regular,17,25,20,444.35,16.4805,2.5,Front-Wheel Drive,Automatic 4-spd
15770,Chrysler,Sebring Convertible,2000,6,Regular,17,25,20,444.35,16.4805,2.5,Front-Wheel Drive,Automatic 4-spd
15771,Chrysler,Sebring Convertible,2000,6,Regular,16,24,19,467.7368421,17.34789474,2.5,Front-Wheel Drive,Automatic 4-spd
15895,Chrysler,Cirrus,2000,4,Regular,17,26,20,444.35,16.4805,2.4,Front-Wheel Drive,Automatic 4-spd
15896,Chrysler,Cirrus,2000,6,Regular,17,25,20,444.35,16.4805,2.5,Front-Wheel Drive,Automatic 4-spd
15897,Chrysler,Cirrus,2000,6,Regular,16,24,19,467.7368421,17.34789474,2.5,Front-Wheel Drive,Automatic 4-spd
15991,Chrysler,300 M,2000,6,Regular,16,24,19,467.7368421,17.34789474,3.5,Front-Wheel Drive,Automatic 4-spd
15992,Chrysler,Concorde,2000,6,Regular,18,27,21,423.1904762,15.69571429,2.7,Front-Wheel Drive,Automatic 4-spd
15993,Chrysler,Concorde,2000,6,Regular,17,25,20,444.35,16.4805,3.2,Front-Wheel Drive,Automatic 4-spd
15994,Chrysler,LHS,2000,6,Regular,16,24,19,467.7368421,17.34789474,3.5,Front-Wheel Drive,Automatic 4-spd
16216,Chrysler,Town and Country/Voyager/Grand Voy. 2WD,2000,6,Regular,16,22,18,493.7222222,18.31166667,3.3,Front-Wheel Drive,Automatic 4-spd
16217,Chrysler,Town and Country/Voyager/Grand Voy. 2WD,2000,6,Regular,15,22,18,493.7222222,18.31166667,3.8,Front-Wheel Drive,Automatic 4-spd
16239,Chrysler,Town and Country/Voyager/Grand Voy. AWD,2000,6,Regular,15,21,17,522.7647059,19.38882353,3.8,4-Wheel or All-Wheel Drive,Automatic 4-spd
16422,Chrysler,Town and Country/Voyager/Grand Voy. 2WD,2000,6,Gasoline or E85,16,22,18,493.7222222,18.31166667,3.3,Front-Wheel Drive,Automatic 4-spd
16608,Chrysler,Sebring,2001,4,Regular,18,25,21,423.1904762,15.69571429,2.4,Front-Wheel Drive,Automatic 4-spd
16609,Chrysler,Sebring,2001,4,Regular,20,27,23,386.3913043,14.33086957,2.4,Front-Wheel Drive,Manual 5-spd
16610,Chrysler,Sebring,2001,6,Regular,17,25,20,444.35,16.4805,3,Front-Wheel Drive,Automatic 4-spd
16611,Chrysler,Sebring,2001,6,Regular,18,26,21,423.1904762,15.69571429,3,Front-Wheel Drive,Manual 5-spd
16612,Chrysler,Sebring,2001,6,Regular,17,25,20,444.35,16.4805,3,Front-Wheel Drive,Automatic (S4)
16613,Chrysler,Sebring Convertible,2001,6,Regular,17,25,20,444.35,16.4805,2.7,Front-Wheel Drive,Automatic 4-spd
16614,Chrysler,Sebring Convertible,2001,6,Regular,18,26,21,423.1904762,15.69571429,2.7,Front-Wheel Drive,Automatic (S4)
16756,Chrysler,Sebring 4 Door,2001,4,Regular,18,28,21,423.1904762,15.69571429,2.4,Front-Wheel Drive,Automatic 4-spd
16757,Chrysler,Sebring 4 Door,2001,6,Regular,17,25,20,444.35,16.4805,2.7,Front-Wheel Drive,Automatic 4-spd
16758,Chrysler,Sebring 4 Door,2001,6,Regular,18,26,21,423.1904762,15.69571429,2.7,Front-Wheel Drive,Automatic (S4)
16847,Chrysler,300 M,2001,6,Regular,16,24,19,467.7368421,17.34789474,3.5,Front-Wheel Drive,Automatic (S4)
16848,Chrysler,Concorde,2001,6,Regular,17,25,20,444.35,16.4805,2.7,Front-Wheel Drive,Automatic 4-spd
16849,Chrysler,Concorde,2001,6,Regular,17,25,20,444.35,16.4805,3.2,Front-Wheel Drive,Automatic 4-spd
16850,Chrysler,LHS,2001,6,Regular,16,24,19,467.7368421,17.34789474,3.5,Front-Wheel Drive,Automatic 4-spd
17087,Chrysler,Town and Country/Voyager/Grand Voy. 2WD,2001,4,Regular,18,22,19,467.7368421,17.34789474,2.4,Front-Wheel Drive,Automatic 3-spd
17088,Chrysler,Town and Country/Voyager/Grand Voy. 2WD,2001,6,Regular,16,22,18,493.7222222,18.31166667,3.3,Front-Wheel Drive,Automatic 4-spd
17089,Chrysler,Town and Country/Voyager/Grand Voy. 2WD,2001,6,Regular,16,22,18,493.7222222,18.31166667,3.8,Front-Wheel Drive,Automatic 4-spd
17104,Chrysler,Town and Country/Voyager/Grand Voy. AWD,2001,6,Regular,15,21,17,522.7647059,19.38882353,3.8,4-Wheel or All-Wheel Drive,Automatic 4-spd
17117,Chrysler,PT Cruiser,2001,4,Regular,17,23,20,444.35,16.4805,2.4,Front-Wheel Drive,Automatic 4-spd
17118,Chrysler,PT Cruiser,2001,4,Regular,18,24,20,444.35,16.4805,2.4,Front-Wheel Drive,Manual 5-spd
17326,Chrysler,Town and Country/Voyager/Grand Voy. 2WD,2001,6,Gasoline or E85,16,22,18,493.7222222,18.31166667,3.3,Front-Wheel Drive,Automatic 4-spd
17346,Chrysler,Prowler,2002,6,Regular,16,21,18,493.7222222,18.31166667,3.5,Rear-Wheel Drive,Automatic (S4)
17524,Chrysler,Sebring,2002,4,Regular,19,26,21,423.1904762,15.69571429,2.4,Front-Wheel Drive,Automatic 4-spd
17525,Chrysler,Sebring,2002,4,Regular,19,27,22,403.9545455,14.98227273,2.4,Front-Wheel Drive,Manual 5-spd
17526,Chrysler,Sebring,2002,6,Regular,18,26,20,444.35,16.4805,3,Front-Wheel Drive,Automatic 4-spd
17527,Chrysler,Sebring,2002,6,Regular,18,26,21,423.1904762,15.69571429,3,Front-Wheel Drive,Manual 5-spd
17528,Chrysler,Sebring,2002,6,Regular,17,26,20,444.35,16.4805,3,Front-Wheel Drive,Automatic (S4)
17529,Chrysler,Sebring Convertible,2002,4,Regular,19,27,22,403.9545455,14.98227273,2.4,Front-Wheel Drive,Automatic 4-spd
17530,Chrysler,Sebring Convertible,2002,6,Regular,17,24,20,444.35,16.4805,2.7,Front-Wheel Drive,Automatic 4-spd
17531,Chrysler,Sebring Convertible,2002,6,Regular,17,25,20,444.35,16.4805,2.7,Front-Wheel Drive,Manual 5-spd
17532,Chrysler,Sebring Convertible,2002,6,Regular,17,24,20,444.35,16.4805,2.7,Front-Wheel Drive,Automatic (S4)
17682,Chrysler,Sebring 4 Door,2002,4,Regular,19,27,22,403.9545455,14.98227273,2.4,Front-Wheel Drive,Automatic 4-spd
17683,Chrysler,Sebring 4 Door,2002,6,Regular,18,26,21,423.1904762,15.69571429,2.7,Front-Wheel Drive,Automatic 4-spd
17684,Chrysler,Sebring 4 Door,2002,6,Regular,18,25,21,423.1904762,15.69571429,2.7,Front-Wheel Drive,Automatic (S4)
1774,Chrysler,Laser/Daytona,1986,4,Regular,21,24,22,403.9545455,14.98227273,2.2,Front-Wheel Drive,Automatic 3-spd
1775,Chrysler,Laser/Daytona,1986,4,Premium,18,22,19,467.7368421,17.34789474,2.2,Front-Wheel Drive,Automatic 3-spd
1776,Chrysler,Laser/Daytona,1986,4,Regular,22,32,26,341.8076923,12.67730769,2.2,Front-Wheel Drive,Manual 5-spd
1777,Chrysler,Laser/Daytona,1986,4,Premium,17,26,20,444.35,16.4805,2.2,Front-Wheel Drive,Manual 5-spd
17779,Chrysler,300 M,2002,6,Regular,16,24,19,467.7368421,17.34789474,3.5,Front-Wheel Drive,Automatic (S4)
1778,Chrysler,Laser/Daytona,1986,4,Regular,20,23,21,423.1904762,15.69571429,2.5,Front-Wheel Drive,Automatic 3-spd
17780,Chrysler,Concorde,2002,6,Regular,18,26,21,423.1904762,15.69571429,2.7,Front-Wheel Drive,Automatic 4-spd
17781,Chrysler,Concorde,2002,6,Regular,16,24,19,467.7368421,17.34789474,3.5,Front-Wheel Drive,Automatic 4-spd
1779,Chrysler,Laser/Daytona,1986,4,Regular,21,29,24,370.2916667,13.73375,2.5,Front-Wheel Drive,Manual 5-spd
1780,Chrysler,LeBaron Convertible,1986,4,Regular,21,24,22,403.9545455,14.98227273,2.2,Front-Wheel Drive,Automatic 3-spd
1781,Chrysler,LeBaron Convertible,1986,4,Premium,18,22,19,467.7368421,17.34789474,2.2,Front-Wheel Drive,Automatic 3-spd
1782,Chrysler,LeBaron Convertible,1986,4,Premium,18,26,21,423.1904762,15.69571429,2.2,Front-Wheel Drive,Manual 5-spd
1783,Chrysler,LeBaron Convertible,1986,4,Regular,20,23,21,423.1904762,15.69571429,2.5,Front-Wheel Drive,Automatic 3-spd
18019,Chrysler,Town and Country/Voyager/Grand Voy. 2WD,2002,4,Regular,17,23,19,467.7368421,17.34789474,2.4,Front-Wheel Drive,Automatic 3-spd
18020,Chrysler,Town and Country/Voyager/Grand Voy. 2WD,2002,4,Regular,17,24,20,444.35,16.4805,2.4,Front-Wheel Drive,Automatic 4-spd
18021,Chrysler,Town and Country/Voyager/Grand Voy. 2WD,2002,6,Regular,16,22,18,493.7222222,18.31166667,3.8,Front-Wheel Drive,Automatic 4-spd
18038,Chrysler,Town and Country/Voyager/Grand Voy. AWD,2002,6,Regular,15,21,17,522.7647059,19.38882353,3.8,4-Wheel or All-Wheel Drive,Automatic 4-spd
18058,Chrysler,PT Cruiser,2002,4,Regular,17,23,20,444.35,16.4805,2.4,Front-Wheel Drive,Automatic 4-spd
18059,Chrysler,PT Cruiser,2002,4,Regular,19,27,22,403.9545455,14.98227273,2.4,Front-Wheel Drive,Manual 5-spd
18269,Chrysler,Town and Country/Voyager/Grand Voy. 2WD,2002,6,Gasoline or E85,16,22,18,493.7222222,18.31166667,3.3,Front-Wheel Drive,Automatic 4-spd
18271,Chrysler,Town and Country/Voyager/Grand Voy. 2WD,2002,6,Gasoline or E85,16,22,18,493.7222222,18.31166667,3.3,Front-Wheel Drive,Automatic 4-spd
18486,Chrysler,Sebring,2003,4,Regular,19,26,21,423.1904762,15.69571429,2.4,Front-Wheel Drive,Automatic 4-spd
18487,Chrysler,Sebring,2003,4,Regular,19,26,21,423.1904762,15.69571429,2.4,Front-Wheel Drive,Automatic 4-spd
18488,Chrysler,Sebring,2003,4,Regular,21,29,24,370.2916667,13.73375,2.4,Front-Wheel Drive,Manual 5-spd
18489,Chrysler,Sebring,2003,4,Regular,21,30,24,370.2916667,13.73375,2.4,Front-Wheel Drive,Manual 5-spd
18490,Chrysler,Sebring,2003,6,Regular,18,25,20,444.35,16.4805,3,Front-Wheel Drive,Automatic 4-spd
18491,Chrysler,Sebring,2003,6,Regular,18,26,21,423.1904762,15.69571429,3,Front-Wheel Drive,Manual 5-spd
18492,Chrysler,Sebring,2003,6,Regular,18,25,20,444.35,16.4805,3,Front-Wheel Drive,Automatic (S4)
18493,Chrysler,Sebring Convertible,2003,4,Regular,20,27,22,403.9545455,14.98227273,2.4,Front-Wheel Drive,Automatic 4-spd
18494,Chrysler,Sebring Convertible,2003,6,Regular,19,25,21,423.1904762,15.69571429,2.7,Front-Wheel Drive,Automatic 4-spd
18495,Chrysler,Sebring Convertible,2003,6,Regular,17,25,20,444.35,16.4805,2.7,Front-Wheel Drive,Manual 5-spd
18496,Chrysler,Sebring Convertible,2003,6,Regular,19,26,21,423.1904762,15.69571429,2.7,Front-Wheel Drive,Automatic (S4)
18648,Chrysler,Sebring 4 Door,2003,4,Regular,20,27,22,403.9545455,14.98227273,2.4,Front-Wheel Drive,Automatic 4-spd
18649,Chrysler,Sebring 4 Door,2003,6,Regular,19,25,21,423.1904762,15.69571429,2.7,Front-Wheel Drive,Automatic 4-spd
18650,Chrysler,Sebring 4 Door,2003,6,Regular,19,26,21,423.1904762,15.69571429,2.7,Front-Wheel Drive,Automatic (S4)
18733,Chrysler,300 M,2003,6,Regular,16,25,19,467.7368421,17.34789474,3.5,Front-Wheel Drive,Automatic (S4)
18734,Chrysler,Concorde/LHS,2003,6,Regular,19,27,22,403.9545455,14.98227273,2.7,Front-Wheel Drive,Automatic 4-spd
18735,Chrysler,Concorde/LHS,2003,6,Regular,17,25,20,444.35,16.4805,3.5,Front-Wheel Drive,Automatic 4-spd
19000,Chrysler,Town and Country/Voyager/Grand Voy. 2WD,2003,4,Regular,18,25,21,423.1904762,15.69571429,2.4,Front-Wheel Drive,Automatic 4-spd
19001,Chrysler,Town and Country/Voyager/Grand Voy. 2WD,2003,6,Regular,16,23,19,467.7368421,17.34789474,3.8,Front-Wheel Drive,Automatic 4-spd
19014,Chrysler,Town and Country/Voyager/Grand Voy. AWD,2003,6,Regular,14,21,17,522.7647059,19.38882353,3.8,4-Wheel or All-Wheel Drive,Automatic 4-spd
19035,Chrysler,PT Cruiser,2003,4,Premium,17,23,19,467.7368421,17.34789474,2.4,Front-Wheel Drive,Automatic 4-spd
19036,Chrysler,PT Cruiser,2003,4,Regular,17,23,20,444.35,16.4805,2.4,Front-Wheel Drive,Automatic 4-spd
19037,Chrysler,PT Cruiser,2003,4,Premium,18,25,21,423.1904762,15.69571429,2.4,Front-Wheel Drive,Manual 5-spd
19038,Chrysler,PT Cruiser,2003,4,Regular,19,26,22,403.9545455,14.98227273,2.4,Front-Wheel Drive,Manual 5-spd
19255,Chrysler,Town and Country/Voyager/Grand Voy. 2WD,2003,6,Gasoline or E85,17,24,20,444.35,16.4805,3.3,Front-Wheel Drive,Automatic 4-spd
19270,Chrysler,Sebring Convertible,2003,6,Gasoline or E85,19,25,21,423.1904762,15.69571429,2.7,Front-Wheel Drive,Automatic 4-spd
19271,Chrysler,Sebring 4 Door,2003,6,Gasoline or E85,19,25,21,423.1904762,15.69571429,2.7,Front-Wheel Drive,Automatic 4-spd
19274,Chrysler,Town and Country/Voyager/Grand Voy. 2WD,2003,6,Gasoline or E85,16,23,19,467.7368421,17.34789474,3.3,Front-Wheel Drive,Automatic 4-spd
19346,Chrysler,Crossfire,2004,6,Premium,19,25,21,423.1904762,15.69571429,3.2,Rear-Wheel Drive,Automatic 5-spd
19347,Chrysler,Crossfire,2004,6,Premium,15,23,18,493.7222222,18.31166667,3.2,Rear-Wheel Drive,Manual 6-spd
19555,Chrysler,Sebring,2004,4,Regular,19,26,21,423.1904762,15.69571429,2.4,Front-Wheel Drive,Automatic 4-spd
19556,Chrysler,Sebring,2004,4,Regular,21,29,24,370.2916667,13.73375,2.4,Front-Wheel Drive,Manual 5-spd
19557,Chrysler,Sebring,2004,6,Premium,18,25,21,423.1904762,15.69571429,3,Front-Wheel Drive,Automatic 4-spd
19558,Chrysler,Sebring,2004,6,Premium,18,26,21,423.1904762,15.69571429,3,Front-Wheel Drive,Manual 5-spd
19559,Chrysler,Sebring,2004,6,Premium,18,25,21,423.1904762,15.69571429,3,Front-Wheel Drive,Automatic (S4)
19560,Chrysler,Sebring Convertible,2004,4,Regular,20,27,22,403.9545455,14.98227273,2.4,Front-Wheel Drive,Automatic 4-spd
19561,Chrysler,Sebring Convertible,2004,6,Regular,17,25,20,444.35,16.4805,2.7,Front-Wheel Drive,Manual 5-spd
19743,Chrysler,Sebring 4 Door,2004,4,Regular,20,27,22,403.9545455,14.98227273,2.4,Front-Wheel Drive,Automatic 4-spd
19839,Chrysler,300 M,2004,6,Regular,16,25,19,467.7368421,17.34789474,3.5,Front-Wheel Drive,Automatic 4-spd
19840,Chrysler,Concorde/LHS,2004,6,Regular,19,27,22,403.9545455,14.98227273,2.7,Front-Wheel Drive,Automatic 4-spd
19841,Chrysler,Concorde/LHS,2004,6,Regular,17,25,20,444.35,16.4805,3.5,Front-Wheel Drive,Automatic 4-spd
20122,Chrysler,Town and Country/Voyager/Grand Voy. 2WD,2004,4,Regular,17,24,20,444.35,16.4805,2.4,Front-Wheel Drive,Automatic 4-spd
20123,Chrysler,Town and Country/Voyager/Grand Voy. 2WD,2004,6,Regular,17,24,19,467.7368421,17.34789474,3.3,Front-Wheel Drive,Automatic 4-spd
20124,Chrysler,Town and Country/Voyager/Grand Voy. 2WD,2004,6,Regular,16,23,18,493.7222222,18.31166667,3.8,Front-Wheel Drive,Automatic 4-spd
20141,Chrysler,Town and Country/Voyager/Grand Voy. AWD,2004,6,Regular,15,21,17,522.7647059,19.38882353,3.8,4-Wheel or All-Wheel Drive,Automatic 4-spd
20163,Chrysler,Pacifica 2WD,2004,6,Regular,15,21,17,522.7647059,19.38882353,3.5,Front-Wheel Drive,Automatic 4-spd
20164,Chrysler,PT Cruiser,2004,4,Premium,17,24,19,467.7368421,17.34789474,2.4,Front-Wheel Drive,Automatic 4-spd
20165,Chrysler,PT Cruiser,2004,4,Regular,19,24,21,423.1904762,15.69571429,2.4,Front-Wheel Drive,Automatic 4-spd
20166,Chrysler,PT Cruiser,2004,4,Premium,19,25,21,423.1904762,15.69571429,2.4,Front-Wheel Drive,Manual 5-spd
20167,Chrysler,PT Cruiser,2004,4,Regular,19,26,22,403.9545455,14.98227273,2.4,Front-Wheel Drive,Manual 5-spd
20277,Chrysler,Pacifica AWD,2004,6,Regular,15,20,17,522.7647059,19.38882353,3.5,4-Wheel or All-Wheel Drive,Automatic 4-spd
20408,Chrysler,Sebring Convertible,2004,6,Gasoline or E85,19,26,21,423.1904762,15.69571429,2.7,Front-Wheel Drive,Automatic 4-spd
20409,Chrysler,Sebring Convertible,2004,6,Gasoline or E85,19,25,21,423.1904762,15.69571429,2.7,Front-Wheel Drive,Automatic 4-spd
20410,Chrysler,Sebring 4 Door,2004,6,Gasoline or E85,19,25,21,423.1904762,15.69571429,2.7,Front-Wheel Drive,Automatic 4-spd
20412,Chrysler,Sebring 4 Door,2004,6,Gasoline or E85,19,26,21,423.1904762,15.69571429,2.7,Front-Wheel Drive,Automatic 4-spd
20464,Chrysler,Crossfire Coupe,2005,6,Premium,19,25,21,423.1904762,15.69571429,3.2,Rear-Wheel Drive,Automatic 5-spd
20465,Chrysler,Crossfire Coupe,2005,6,Premium,15,22,18,493.7222222,18.31166667,3.2,Rear-Wheel Drive,Automatic 5-spd
20466,Chrysler,Crossfire Coupe,2005,6,Premium,15,23,18,493.7222222,18.31166667,3.2,Rear-Wheel Drive,Manual 6-spd
20467,Chrysler,Crossfire Roadster,2005,6,Premium,19,25,21,423.1904762,15.69571429,3.2,Rear-Wheel Drive,Automatic 5-spd
20468,Chrysler,Crossfire Roadster,2005,6,Premium,15,22,18,493.7222222,18.31166667,3.2,Rear-Wheel Drive,Automatic 5-spd
20469,Chrysler,Crossfire Roadster,2005,6,Premium,15,23,18,493.7222222,18.31166667,3.2,Rear-Wheel Drive,Manual 6-spd
20688,Chrysler,Sebring,2005,4,Regular,19,26,21,423.1904762,15.69571429,2.4,Front-Wheel Drive,Automatic 4-spd
20689,Chrysler,Sebring,2005,4,Regular,21,29,24,370.2916667,13.73375,2.4,Front-Wheel Drive,Manual 5-spd
20690,Chrysler,Sebring,2005,6,Premium,18,25,21,423.1904762,15.69571429,3,Front-Wheel Drive,Automatic 4-spd
20691,Chrysler,Sebring,2005,6,Premium,18,27,21,423.1904762,15.69571429,3,Front-Wheel Drive,Manual 5-spd
20692,Chrysler,Sebring,2005,6,Premium,18,25,21,423.1904762,15.69571429,3,Front-Wheel Drive,Automatic (S4)
20693,Chrysler,Sebring Convertible,2005,4,Regular,20,27,22,403.9545455,14.98227273,2.4,Front-Wheel Drive,Automatic 4-spd
20863,Chrysler,Sebring 4 Door,2005,4,Regular,20,27,22,403.9545455,14.98227273,2.4,Front-Wheel Drive,Automatic 4-spd
20962,Chrysler,300C AWD,2005,6,Regular,15,22,18,493.7222222,18.31166667,3.5,4-Wheel or All-Wheel Drive,Automatic 5-spd
20963,Chrysler,300C AWD,2005,8,Regular,15,22,18,493.7222222,18.31166667,5.7,4-Wheel or All-Wheel Drive,Automatic 5-spd
20964,Chrysler,300C/SRT-8,2005,6,Regular,18,26,21,423.1904762,15.69571429,2.7,Rear-Wheel Drive,Automatic 4-spd
20965,Chrysler,300C/SRT-8,2005,6,Regular,17,25,20,444.35,16.4805,3.5,Rear-Wheel Drive,Automatic 4-spd
20966,Chrysler,300C/SRT-8,2005,8,Regular,15,23,18,493.7222222,18.31166667,5.7,Rear-Wheel Drive,Automatic 5-spd
2116,Chrysler,LeBaron,1986,4,Premium,18,22,19,467.7368421,17.34789474,2.2,Front-Wheel Drive,Automatic 3-spd
2117,Chrysler,LeBaron,1986,4,Regular,21,24,22,403.9545455,14.98227273,2.2,Front-Wheel Drive,Automatic 3-spd
2118,Chrysler,LeBaron,1986,4,Regular,20,23,21,423.1904762,15.69571429,2.5,Front-Wheel Drive,Automatic 3-spd
2119,Chrysler,LeBaron GTS,1986,4,Regular,21,24,22,403.9545455,14.98227273,2.2,Front-Wheel Drive,Automatic 3-spd
2120,Chrysler,LeBaron GTS,1986,4,Premium,18,22,19,467.7368421,17.34789474,2.2,Front-Wheel Drive,Automatic 3-spd
2121,Chrysler,LeBaron GTS,1986,4,Regular,22,32,26,341.8076923,12.67730769,2.2,Front-Wheel Drive,Manual 5-spd
2122,Chrysler,LeBaron GTS,1986,4,Premium,17,26,20,444.35,16.4805,2.2,Front-Wheel Drive,Manual 5-spd
21226,Chrysler,Voyager/Town and Country 2WD,2005,6,Regular,17,24,19,467.7368421,17.34789474,3.3,Front-Wheel Drive,Automatic 4-spd
21227,Chrysler,Voyager/Town and Country 2WD,2005,6,Regular,16,23,18,493.7222222,18.31166667,3.8,Front-Wheel Drive,Automatic 4-spd
2123,Chrysler,LeBaron GTS,1986,4,Regular,20,23,21,423.1904762,15.69571429,2.5,Front-Wheel Drive,Automatic 3-spd
2124,Chrysler,LeBaron GTS,1986,4,Regular,21,29,24,370.2916667,13.73375,2.5,Front-Wheel Drive,Manual 5-spd
2125,Chrysler,Limousine,1986,4,Premium,17,22,19,467.7368421,17.34789474,2.2,Front-Wheel Drive,Automatic 3-spd
2126,Chrysler,New Yorker,1986,4,Premium,18,22,19,467.7368421,17.34789474,2.2,Front-Wheel Drive,Automatic 3-spd
21267,Chrysler,Pacifica 2WD,2005,6,Regular,15,21,17,522.7647059,19.38882353,3.5,Front-Wheel Drive,Automatic 4-spd
21268,Chrysler,Pacifica 2WD,2005,6,Regular,16,23,18,493.7222222,18.31166667,3.8,Front-Wheel Drive,Automatic 4-spd
21269,Chrysler,PT Cruiser,2005,4,Premium,17,24,19,467.7368421,17.34789474,2.4,Front-Wheel Drive,Automatic 4-spd
2127,Chrysler,New Yorker,1986,4,Regular,20,23,21,423.1904762,15.69571429,2.5,Front-Wheel Drive,Automatic 3-spd
21270,Chrysler,PT Cruiser,2005,4,Regular,19,24,21,423.1904762,15.69571429,2.4,Front-Wheel Drive,Automatic 4-spd
21271,Chrysler,PT Cruiser,2005,4,Premium,19,25,21,423.1904762,15.69571429,2.4,Front-Wheel Drive,Manual 5-spd
21272,Chrysler,PT Cruiser,2005,4,Regular,19,26,22,403.9545455,14.98227273,2.4,Front-Wheel Drive,Manual 5-spd
21273,Chrysler,PT Cruiser Convertible,2005,4,Premium,17,24,19,467.7368421,17.34789474,2.4,Front-Wheel Drive,Automatic 4-spd
21274,Chrysler,PT Cruiser Convertible,2005,4,Regular,19,24,21,423.1904762,15.69571429,2.4,Front-Wheel Drive,Automatic 4-spd
21275,Chrysler,PT Cruiser Convertible,2005,4,Premium,19,25,21,423.1904762,15.69571429,2.4,Front-Wheel Drive,Manual 5-spd
21276,Chrysler,PT Cruiser Convertible,2005,4,Regular,19,26,22,403.9545455,14.98227273,2.4,Front-Wheel Drive,Manual 5-spd
2128,Chrysler,Newport/Fifth Avenue,1986,8,Premium,15,20,16,555.4375,20.600625,5.2,Rear-Wheel Drive,Automatic 3-spd
21382,Chrysler,Pacifica AWD,2005,6,Regular,15,20,17,522.7647059,19.38882353,3.5,4-Wheel or All-Wheel Drive,Automatic 4-spd
21495,Chrysler,Sebring Convertible,2005,6,Gasoline or E85,19,25,21,423.1904762,15.69571429,2.7,Front-Wheel Drive,Automatic 4-spd
21496,Chrysler,Sebring Convertible,2005,6,Gasoline or E85,19,25,21,423.1904762,15.69571429,2.7,Front-Wheel Drive,Automatic 4-spd
21497,Chrysler,Sebring 4 Door,2005,6,Gasoline or E85,19,25,21,423.1904762,15.69571429,2.7,Front-Wheel Drive,Automatic 4-spd
21498,Chrysler,Sebring 4 Door,2005,6,Gasoline or E85,19,25,21,423.1904762,15.69571429,2.7,Front-Wheel Drive,Automatic 4-spd
21534,Chrysler,Voyager/Town and Country 2WD,2005,6,Gasoline or E85,16,23,19,467.7368421,17.34789474,3.3,Front-Wheel Drive,Automatic 4-spd
21601,Chrysler,300C/SRT-8,2005,8,Premium,13,18,15,592.4666667,21.974,6.1,Rear-Wheel Drive,Automatic 5-spd
21622,Chrysler,Crossfire Coupe,2006,6,Premium,19,25,21,423.1904762,15.69571429,3.2,Rear-Wheel Drive,Automatic 5-spd
21623,Chrysler,Crossfire Coupe,2006,6,Premium,15,22,18,493.7222222,18.31166667,3.2,Rear-Wheel Drive,Automatic 5-spd
21624,Chrysler,Crossfire Coupe,2006,6,Premium,15,23,18,493.7222222,18.31166667,3.2,Rear-Wheel Drive,Manual 6-spd
21625,Chrysler,Crossfire Roadster,2006,6,Premium,19,25,21,423.1904762,15.69571429,3.2,Rear-Wheel Drive,Automatic 5-spd
21626,Chrysler,Crossfire Roadster,2006,6,Premium,15,22,18,493.7222222,18.31166667,3.2,Rear-Wheel Drive,Automatic 5-spd
21627,Chrysler,Crossfire Roadster,2006,6,Premium,15,23,18,493.7222222,18.31166667,3.2,Rear-Wheel Drive,Manual 6-spd
21806,Chrysler,Sebring Convertible,2006,4,Regular,20,27,22,403.9545455,14.98227273,2.4,Front-Wheel Drive,Automatic 4-spd
21953,Chrysler,Sebring 4 Door,2006,4,Regular,20,27,22,403.9545455,14.98227273,2.4,Front-Wheel Drive,Automatic 4-spd
22041,Chrysler,300C AWD,2006,6,Regular,15,22,18,493.7222222,18.31166667,3.5,4-Wheel or All-Wheel Drive,Automatic 5-spd
22042,Chrysler,300C AWD,2006,8,Regular,15,22,18,493.7222222,18.31166667,5.7,4-Wheel or All-Wheel Drive,Automatic 5-spd
22043,Chrysler,300,2006,6,Regular,18,26,21,423.1904762,15.69571429,2.7,Rear-Wheel Drive,Automatic 4-spd
22044,Chrysler,300,2006,6,Regular,17,25,20,444.35,16.4805,3.5,Rear-Wheel Drive,Automatic 4-spd
22045,Chrysler,300,2006,6,Regular,17,24,20,444.35,16.4805,3.5,Rear-Wheel Drive,Automatic 5-spd
22046,Chrysler,300,2006,8,Regular,15,23,18,493.7222222,18.31166667,5.7,Rear-Wheel Drive,Automatic 5-spd
22047,Chrysler,300C/SRT-8,2006,8,Premium,13,18,15,592.4666667,21.974,6.1,Rear-Wheel Drive,Automatic 5-spd
22323,Chrysler,Town and Country 2WD,2006,6,Regular,16,23,18,493.7222222,18.31166667,3.8,Front-Wheel Drive,Automatic 4-spd
22368,Chrysler,Pacifica 2WD,2006,6,Regular,15,21,17,522.7647059,19.38882353,3.5,Front-Wheel Drive,Automatic 4-spd
22369,Chrysler,Pacifica 2WD,2006,6,Regular,16,23,18,493.7222222,18.31166667,3.8,Front-Wheel Drive,Automatic 4-spd
22370,Chrysler,PT Cruiser,2006,4,Premium,17,24,19,467.7368421,17.34789474,2.4,Front-Wheel Drive,Automatic 4-spd
22371,Chrysler,PT Cruiser,2006,4,Regular,19,24,21,423.1904762,15.69571429,2.4,Front-Wheel Drive,Automatic 4-spd
22372,Chrysler,PT Cruiser,2006,4,Premium,19,25,21,423.1904762,15.69571429,2.4,Front-Wheel Drive,Manual 5-spd
22373,Chrysler,PT Cruiser,2006,4,Regular,19,26,22,403.9545455,14.98227273,2.4,Front-Wheel Drive,Manual 5-spd
22374,Chrysler,PT Cruiser Convertible,2006,4,Premium,17,24,19,467.7368421,17.34789474,2.4,Front-Wheel Drive,Automatic 4-spd
22375,Chrysler,PT Cruiser Convertible,2006,4,Regular,19,24,21,423.1904762,15.69571429,2.4,Front-Wheel Drive,Automatic 4-spd
22376,Chrysler,PT Cruiser Convertible,2006,4,Premium,19,25,21,423.1904762,15.69571429,2.4,Front-Wheel Drive,Manual 5-spd
22377,Chrysler,PT Cruiser Convertible,2006,4,Regular,19,26,22,403.9545455,14.98227273,2.4,Front-Wheel Drive,Manual 5-spd
22487,Chrysler,Pacifica AWD,2006,6,Regular,15,20,17,522.7647059,19.38882353,3.5,4-Wheel or All-Wheel Drive,Automatic 4-spd
22610,Chrysler,Sebring 4 Door,2006,6,Gasoline or E85,19,25,21,423.1904762,15.69571429,2.7,Front-Wheel Drive,Automatic 4-spd
22611,Chrysler,Sebring 4 Door,2006,6,Gasoline or E85,19,25,21,423.1904762,15.69571429,2.7,Front-Wheel Drive,Automatic 4-spd
22612,Chrysler,Sebring Convertible,2006,6,Regular,19,25,21,423.1904762,15.69571429,2.7,Front-Wheel Drive,Automatic 4-spd
22613,Chrysler,Sebring Convertible,2006,6,Regular,19,25,21,423.1904762,15.69571429,2.7,Front-Wheel Drive,Automatic 4-spd
2298,Chrysler,Town and Country Wagon,1986,4,Premium,18,22,19,467.7368421,17.34789474,2.2,Front-Wheel Drive,Automatic 3-spd
2299,Chrysler,Town and Country Wagon,1986,4,Regular,20,23,21,423.1904762,15.69571429,2.5,Front-Wheel Drive,Automatic 3-spd
23471,Chrysler,Crossfire Coupe,2007,6,Premium,19,25,21,423.1904762,15.69571429,3.2,Rear-Wheel Drive,Automatic 5-spd
23472,Chrysler,Crossfire Coupe,2007,6,Premium,15,23,18,493.7222222,18.31166667,3.2,Rear-Wheel Drive,Manual 6-spd
23473,Chrysler,Crossfire Roadster,2007,6,Premium,19,25,21,423.1904762,15.69571429,3.2,Rear-Wheel Drive,Automatic 5-spd
23474,Chrysler,Crossfire Roadster,2007,6,Premium,15,23,18,493.7222222,18.31166667,3.2,Rear-Wheel Drive,Manual 6-spd
23524,Chrysler,PT Cruiser Convertible,2007,4,Premium,17,24,19,467.7368421,17.34789474,2.4,Front-Wheel Drive,Automatic 4-spd
23525,Chrysler,PT Cruiser Convertible,2007,4,Regular,19,24,21,423.1904762,15.69571429,2.4,Front-Wheel Drive,Automatic 4-spd
23526,Chrysler,PT Cruiser Convertible,2007,4,Premium,19,25,21,423.1904762,15.69571429,2.4,Front-Wheel Drive,Manual 5-spd
23527,Chrysler,PT Cruiser Convertible,2007,4,Regular,19,26,22,403.9545455,14.98227273,2.4,Front-Wheel Drive,Manual 5-spd
23560,Chrysler,Sebring,2007,4,Regular,21,29,24,370.2916667,13.73375,2.4,Front-Wheel Drive,Automatic 4-spd
23602,Chrysler,300 AWD,2007,6,Regular,15,22,18,493.7222222,18.31166667,3.5,4-Wheel or All-Wheel Drive,Automatic 5-spd
23603,Chrysler,300 AWD,2007,8,Regular,15,22,18,493.7222222,18.31166667,5.7,4-Wheel or All-Wheel Drive,Automatic 5-spd
23604,Chrysler,300/SRT-8,2007,6,Regular,18,26,21,423.1904762,15.69571429,2.7,Rear-Wheel Drive,Automatic 4-spd
23605,Chrysler,300/SRT-8,2007,6,Regular,17,24,20,444.35,16.4805,3.5,Rear-Wheel Drive,Automatic 5-spd
23606,Chrysler,300/SRT-8,2007,8,Regular,15,23,18,493.7222222,18.31166667,5.7,Rear-Wheel Drive,Automatic 5-spd
23607,Chrysler,300/SRT-8,2007,8,Premium,13,18,15,592.4666667,21.974,6.1,Rear-Wheel Drive,Automatic 5-spd
23696,Chrysler,Town and Country/Voyager/Grand Voy. 2WD,2007,6,Regular,17,24,19,467.7368421,17.34789474,3.3,Front-Wheel Drive,Automatic 4-spd
23697,Chrysler,Town and Country/Voyager/Grand Voy. 2WD,2007,6,Regular,16,23,18,493.7222222,18.31166667,3.8,Front-Wheel Drive,Automatic 4-spd
23709,Chrysler,Aspen 2WD,2007,8,Regular,13,19,15,592.4666667,21.974,5.7,Rear-Wheel Drive,Automatic 5-spd
23710,Chrysler,Pacifica 2WD,2007,6,Regular,16,23,18,493.7222222,18.31166667,3.8,Front-Wheel Drive,Automatic 4-spd
23711,Chrysler,Pacifica 2WD,2007,6,Regular,15,22,17,522.7647059,19.38882353,4,Front-Wheel Drive,Automatic 6-spd
23712,Chrysler,PT Cruiser,2007,4,Premium,17,24,19,467.7368421,17.34789474,2.4,Front-Wheel Drive,Automatic 4-spd
23713,Chrysler,PT Cruiser,2007,4,Regular,19,24,21,423.1904762,15.69571429,2.4,Front-Wheel Drive,Automatic 4-spd
23714,Chrysler,PT Cruiser,2007,4,Premium,19,25,21,423.1904762,15.69571429,2.4,Front-Wheel Drive,Manual 5-spd
23715,Chrysler,PT Cruiser,2007,4,Regular,19,26,22,403.9545455,14.98227273,2.4,Front-Wheel Drive,Manual 5-spd
23781,Chrysler,Aspen 4WD,2007,8,Regular,13,18,15,592.4666667,21.974,5.7,4-Wheel or All-Wheel Drive,Automatic 5-spd
23782,Chrysler,Pacifica AWD,2007,6,Regular,14,22,17,522.7647059,19.38882353,4,4-Wheel or All-Wheel Drive,Automatic 6-spd
23842,Chrysler,Sebring,2007,6,Gasoline or E85,19,27,22,403.9545455,14.98227273,2.7,Front-Wheel Drive,Automatic 4-spd
23844,Chrysler,Aspen 2WD,2007,8,Gasoline or E85,13,17,14,634.7857143,23.54357143,4.7,Rear-Wheel Drive,Automatic 5-spd
23845,Chrysler,Aspen 4WD,2007,8,Gasoline or E85,12,17,14,634.7857143,23.54357143,4.7,4-Wheel or All-Wheel Drive,Automatic 5-spd
23961,Chrysler,Sebring,2007,4,Regular,16,26,19,467.7368421,17.34789474,3.5,Front-Wheel Drive,Automatic 6-spd
24006,Chrysler,Sebring Convertible,2008,4,Regular,20,29,23,386.3913043,14.33086957,2.4,Front-Wheel Drive,Automatic 4-spd
24007,Chrysler,Sebring Convertible,2008,6,Gasoline or E85,18,26,21,423.1904762,15.69571429,2.7,Front-Wheel Drive,Automatic 4-spd
24008,Chrysler,Sebring Convertible,2008,6,Regular,16,26,19,467.7368421,17.34789474,3.5,Front-Wheel Drive,Automatic 6-spd
24040,Chrysler,Sebring,2008,4,Regular,21,30,24,370.2916667,13.73375,2.4,Front-Wheel Drive,Automatic 4-spd
24041,Chrysler,Sebring,2008,6,Regular,16,26,19,467.7368421,17.34789474,3.5,Front-Wheel Drive,Automatic 6-spd
24042,Chrysler,Sebring AWD,2008,6,Regular,15,24,18,493.7222222,18.31166667,3.5,4-Wheel or All-Wheel Drive,Automatic 6-spd
24157,Chrysler,Sebring,2008,6,Gasoline or E85,19,27,22,403.9545455,14.98227273,2.7,Front-Wheel Drive,Automatic 4-spd
24175,Chrysler,Crossfire Coupe,2008,6,Premium,19,25,21,423.1904762,15.69571429,3.2,Rear-Wheel Drive,Automatic 5-spd
24176,Chrysler,Crossfire Coupe,2008,6,Premium,15,23,18,493.7222222,18.31166667,3.2,Rear-Wheel Drive,Manual 6-spd
24177,Chrysler,Crossfire Roadster,2008,6,Premium,19,25,21,423.1904762,15.69571429,3.2,Rear-Wheel Drive,Automatic 5-spd
24178,Chrysler,Crossfire Roadster,2008,6,Premium,15,23,18,493.7222222,18.31166667,3.2,Rear-Wheel Drive,Manual 6-spd
24289,Chrysler,PT Cruiser Convertible,2008,4,Premium,18,24,21,423.1904762,15.69571429,2.4,Front-Wheel Drive,Automatic 4-spd
24290,Chrysler,PT Cruiser Convertible,2008,4,Regular,19,24,21,423.1904762,15.69571429,2.4,Front-Wheel Drive,Automatic 4-spd
24291,Chrysler,PT Cruiser Convertible,2008,4,Premium,20,25,22,403.9545455,14.98227273,2.4,Front-Wheel Drive,Manual 5-spd
24292,Chrysler,PT Cruiser Convertible,2008,4,Regular,21,26,23,386.3913043,14.33086957,2.4,Front-Wheel Drive,Manual 5-spd
24560,Chrysler,Town and Country/Voyager/Grand Voy. 2WD,2008,6,Regular,16,23,18,493.7222222,18.31166667,3.8,Front-Wheel Drive,Automatic 6-spd
24561,Chrysler,Town and Country/Voyager/Grand Voy. 2WD,2008,6,Regular,16,23,18,493.7222222,18.31166667,4,Front-Wheel Drive,Automatic 6-spd
24585,Chrysler,Aspen 2WD,2008,8,Regular,13,19,15,592.4666667,21.974,5.7,Rear-Wheel Drive,Automatic 5-spd
24586,Chrysler,Pacifica FWD,2008,6,Regular,15,22,18,493.7222222,18.31166667,3.8,Front-Wheel Drive,Automatic 4-spd
24587,Chrysler,Pacifica FWD,2008,6,Regular,15,23,17,522.7647059,19.38882353,4,Front-Wheel Drive,Automatic 6-spd
24588,Chrysler,PT Cruiser,2008,4,Premium,18,24,21,423.1904762,15.69571429,2.4,Front-Wheel Drive,Automatic 4-spd
24589,Chrysler,PT Cruiser,2008,4,Regular,19,24,21,423.1904762,15.69571429,2.4,Front-Wheel Drive,Automatic 4-spd
24590,Chrysler,PT Cruiser,2008,4,Premium,20,25,22,403.9545455,14.98227273,2.4,Front-Wheel Drive,Manual 5-spd
24591,Chrysler,PT Cruiser,2008,4,Regular,21,26,23,386.3913043,14.33086957,2.4,Front-Wheel Drive,Manual 5-spd
24641,Chrysler,Aspen 4WD,2008,8,Regular,13,18,15,592.4666667,21.974,5.7,4-Wheel or All-Wheel Drive,Automatic 5-spd
24642,Chrysler,Pacifica AWD,2008,6,Regular,14,22,17,522.7647059,19.38882353,4,4-Wheel or All-Wheel Drive,Automatic 6-spd
24848,Chrysler,Sebring,2008,6,Regular,19,27,22,403.9545455,14.98227273,2.7,Front-Wheel Drive,Automatic 4-spd
24888,Chrysler,300 AWD,2008,6,Regular,15,22,18,493.7222222,18.31166667,3.5,4-Wheel or All-Wheel Drive,Automatic 5-spd
24889,Chrysler,300 AWD,2008,8,Regular,15,22,18,493.7222222,18.31166667,5.7,4-Wheel or All-Wheel Drive,Automatic 5-spd
24890,Chrysler,300/SRT-8,2008,6,Regular,18,26,21,423.1904762,15.69571429,2.7,Rear-Wheel Drive,Automatic 4-spd
24891,Chrysler,300/SRT-8,2008,6,Regular,17,24,20,444.35,16.4805,3.5,Rear-Wheel Drive,Automatic 4-spd
24892,Chrysler,300/SRT-8,2008,6,Regular,17,24,20,444.35,16.4805,3.5,Rear-Wheel Drive,Automatic 5-spd
24893,Chrysler,300/SRT-8,2008,8,Regular,15,23,18,493.7222222,18.31166667,5.7,Rear-Wheel Drive,Automatic 5-spd
24967,Chrysler,Town and Country/Voyager/Grand Voy. 2WD,2008,6,Regular,17,24,19,467.7368421,17.34789474,3.3,Front-Wheel Drive,Automatic 4-spd
24974,Chrysler,Aspen 2WD,2008,8,Regular,14,19,15,592.4666667,21.974,4.7,Rear-Wheel Drive,Automatic 5-spd
25018,Chrysler,Aspen 4WD,2008,8,Regular,13,17,15,592.4666667,21.974,4.7,4-Wheel or All-Wheel Drive,Automatic 5-spd
25072,Chrysler,Town and Country/Voyager/Grand Voy. 2WD,2008,6,Gasoline or E85,17,24,19,467.7368421,17.34789474,3.3,Front-Wheel Drive,Automatic 4-spd
25074,Chrysler,Aspen 2WD,2008,8,Gasoline or E85,14,19,15,592.4666667,21.974,4.7,Rear-Wheel Drive,Automatic 5-spd
25076,Chrysler,Aspen 4WD,2008,8,Gasoline or E85,13,17,15,592.4666667,21.974,4.7,4-Wheel or All-Wheel Drive,Automatic 5-spd
25081,Chrysler,Sebring Convertible,2008,6,Regular,18,26,21,423.1904762,15.69571429,2.7,Front-Wheel Drive,Automatic 4-spd
25110,Chrysler,300/SRT-8,2008,8,Premium,13,18,15,592.4666667,21.974,6.1,Rear-Wheel Drive,Automatic 5-spd
25908,Chrysler,Sebring Convertible,2009,4,Regular,20,29,23,386.3913043,14.33086957,2.4,Front-Wheel Drive,Automatic 4-spd
25909,Chrysler,Sebring Convertible,2009,6,Regular,16,27,20,444.35,16.4805,3.5,Front-Wheel Drive,Automatic 6-spd
25964,Chrysler,Sebring,2009,4,Regular,21,30,24,370.2916667,13.73375,2.4,Front-Wheel Drive,Automatic 4-spd
25965,Chrysler,Sebring,2009,6,Regular,16,27,20,444.35,16.4805,3.5,Front-Wheel Drive,Automatic 6-spd
25990,Chrysler,300 AWD,2009,8,Regular,16,23,18,493.7222222,18.31166667,5.7,4-Wheel or All-Wheel Drive,Automatic 5-spd
25991,Chrysler,300 AWD,2009,6,Regular,17,23,19,467.7368421,17.34789474,3.5,4-Wheel or All-Wheel Drive,Automatic 5-spd
25992,Chrysler,300/SRT-8,2009,8,Regular,13,19,15,592.4666667,21.974,6.1,Rear-Wheel Drive,Automatic 5-spd
25993,Chrysler,300/SRT-8,2009,6,Regular,17,25,20,444.35,16.4805,3.5,Rear-Wheel Drive,Automatic 4-spd
25994,Chrysler,300/SRT-8,2009,6,Regular,18,26,21,423.1904762,15.69571429,2.7,Rear-Wheel Drive,Automatic 4-spd
25995,Chrysler,300/SRT-8,2009,8,Regular,16,25,19,467.7368421,17.34789474,5.7,Rear-Wheel Drive,Automatic 5-spd
26110,Chrysler,Town and Country,2009,6,Regular,16,23,18,493.7222222,18.31166667,3.8,Front-Wheel Drive,Automatic 6-spd
26111,Chrysler,Town and Country,2009,6,Regular,17,25,20,444.35,16.4805,4,Front-Wheel Drive,Automatic 6-spd
26119,Chrysler,Aspen 2WD,2009,8,Regular,14,20,16,555.4375,20.600625,5.7,Rear-Wheel Drive,Automatic 5-spd
26120,Chrysler,PT Cruiser,2009,4,Regular,21,26,23,386.3913043,14.33086957,2.4,Front-Wheel Drive,Manual 5-spd
26121,Chrysler,PT Cruiser,2009,4,Regular,19,24,21,423.1904762,15.69571429,2.4,Front-Wheel Drive,Automatic 4-spd
26122,Chrysler,PT Cruiser,2009,4,Regular,18,24,21,423.1904762,15.69571429,2.4,Front-Wheel Drive,Automatic 4-spd
26168,Chrysler,Aspen 4WD,2009,8,Regular,13,19,15,592.4666667,21.974,5.7,4-Wheel or All-Wheel Drive,Automatic 5-spd
26219,Chrysler,Aspen 2WD,2009,8,Gasoline or E85,14,19,15,592.4666667,21.974,4.7,Rear-Wheel Drive,Automatic 5-spd
26220,Chrysler,Aspen 4WD,2009,8,Gasoline or E85,13,18,15,592.4666667,21.974,4.7,4-Wheel or All-Wheel Drive,Automatic 5-spd
26221,Chrysler,Sebring,2009,6,Gasoline or E85,19,27,22,403.9545455,14.98227273,2.7,Front-Wheel Drive,Automatic 4-spd
26222,Chrysler,Sebring Convertible,2009,6,Gasoline or E85,18,26,21,423.1904762,15.69571429,2.7,Front-Wheel Drive,Automatic 4-spd
26223,Chrysler,Town and Country,2009,6,Gasoline or E85,17,24,19,467.7368421,17.34789474,3.3,Front-Wheel Drive,Automatic 4-spd
26322,Chrysler,Aspen HEV,2009,8,Regular,20,22,21,423.1904762,15.69571429,5.7,4-Wheel or All-Wheel Drive,Automatic 4-spd
26630,Chrysler,Laser/Daytona,1984,4,Regular,20,25,22,403.9545455,14.98227273,2.2,,Automatic 3-spd
26631,Chrysler,Laser/Daytona,1984,4,Regular,18,22,19,467.7368421,17.34789474,2.2,,Automatic 3-spd
26632,Chrysler,Laser/Daytona,1984,4,Regular,19,29,22,403.9545455,14.98227273,2.2,,Manual 5-spd
26633,Chrysler,Laser/Daytona,1984,4,Regular,18,25,20,444.35,16.4805,2.2,,Manual 5-spd
26634,Chrysler,LeBaron Convertible,1984,4,Regular,19,24,21,423.1904762,15.69571429,2.2,,Automatic 3-spd
26635,Chrysler,LeBaron Convertible,1984,4,Regular,20,25,22,403.9545455,14.98227273,2.2,,Automatic 3-spd
26636,Chrysler,LeBaron Convertible,1984,4,Regular,18,22,19,467.7368421,17.34789474,2.2,,Automatic 3-spd
26637,Chrysler,LeBaron Convertible,1984,4,Regular,18,22,20,444.35,16.4805,2.6,,Automatic 3-spd
26966,Chrysler,E Class/New Yorker,1984,4,Regular,20,25,22,403.9545455,14.98227273,2.2,,Automatic 3-spd
26967,Chrysler,E Class/New Yorker,1984,4,Regular,18,22,19,467.7368421,17.34789474,2.2,,Automatic 3-spd
26968,Chrysler,E Class/New Yorker,1984,4,Regular,18,22,20,444.35,16.4805,2.6,,Automatic 3-spd
26969,Chrysler,Executive Sedan/Limousine,1984,4,Regular,17,21,18,493.7222222,18.31166667,2.6,,Automatic 3-spd
26970,Chrysler,LeBaron,1984,4,Regular,20,24,22,403.9545455,14.98227273,2.2,,Automatic 3-spd
26971,Chrysler,LeBaron,1984,4,Regular,21,29,24,370.2916667,13.73375,2.2,,Manual 5-spd
26972,Chrysler,LeBaron,1984,4,Regular,20,24,22,403.9545455,14.98227273,2.2,,Automatic 3-spd
26973,Chrysler,LeBaron,1984,4,Regular,18,22,19,467.7368421,17.34789474,2.2,,Automatic 3-spd
26974,Chrysler,LeBaron,1984,4,Regular,19,31,23,386.3913043,14.33086957,2.2,,Manual 5-spd
26975,Chrysler,LeBaron,1984,4,Regular,18,22,20,444.35,16.4805,2.6,,Automatic 3-spd
26976,Chrysler,Newport/Fifth Avenue,1984,8,Regular,14,18,15,592.4666667,21.974,5.2,,Automatic 3-spd
27154,Chrysler,Town and Country Wagon,1984,4,Regular,19,24,21,423.1904762,15.69571429,2.2,,Automatic 3-spd
27155,Chrysler,Town and Country Wagon,1984,4,Regular,18,22,20,444.35,16.4805,2.6,,Automatic 3-spd
27745,Chrysler,Laser/Daytona,1984,4,Regular,19,24,21,423.1904762,15.69571429,2.2,,Automatic 3-spd
27746,Chrysler,Laser/Daytona,1984,4,Regular,18,22,19,467.7368421,17.34789474,2.2,,Automatic 3-spd
27747,Chrysler,Laser/Daytona,1984,4,Regular,19,29,23,386.3913043,14.33086957,2.2,,Manual 5-spd
27748,Chrysler,Laser/Daytona,1984,4,Regular,18,25,20,444.35,16.4805,2.2,,Manual 5-spd
27749,Chrysler,LeBaron Convertible,1984,4,Regular,20,24,21,423.1904762,15.69571429,2.2,,Automatic 3-spd
27750,Chrysler,LeBaron Convertible,1984,4,Regular,18,22,19,467.7368421,17.34789474,2.2,,Automatic 3-spd
27751,Chrysler,LeBaron Convertible,1984,4,Regular,19,24,21,423.1904762,15.69571429,2.2,,Automatic 3-spd
27752,Chrysler,LeBaron Convertible,1984,4,Regular,18,21,19,467.7368421,17.34789474,2.6,,Automatic 3-spd
28028,Chrysler,E Class/New Yorker,1984,4,Regular,19,24,21,423.1904762,15.69571429,2.2,,Automatic 3-spd
28029,Chrysler,E Class/New Yorker,1984,4,Regular,18,22,19,467.7368421,17.34789474,2.2,,Automatic 3-spd
28030,Chrysler,E Class/New Yorker,1984,4,Regular,18,21,19,467.7368421,17.34789474,2.6,,Automatic 3-spd
28031,Chrysler,Executive Sedan/Limousine,1984,4,Regular,16,20,17,522.7647059,19.38882353,2.6,,Automatic 3-spd
28032,Chrysler,LeBaron,1984,4,Regular,20,24,21,423.1904762,15.69571429,2.2,,Automatic 3-spd
28033,Chrysler,LeBaron,1984,4,Regular,21,31,25,355.48,13.1844,2.2,,Manual 5-spd
28034,Chrysler,LeBaron,1984,4,Regular,18,22,19,467.7368421,17.34789474,2.2,,Automatic 3-spd
28035,Chrysler,LeBaron,1984,4,Regular,19,23,21,423.1904762,15.69571429,2.2,,Automatic 3-spd
28036,Chrysler,LeBaron,1984,4,Regular,18,30,22,403.9545455,14.98227273,2.2,,Manual 5-spd
28037,Chrysler,LeBaron,1984,4,Regular,18,21,19,467.7368421,17.34789474,2.6,,Automatic 3-spd
28038,Chrysler,Newport/Fifth Avenue,1984,8,Regular,14,18,15,592.4666667,21.974,5.2,,Automatic 3-spd
28184,Chrysler,Town and Country Wagon,1984,4,Regular,20,24,21,423.1904762,15.69571429,2.2,,Automatic 3-spd
28185,Chrysler,Town and Country Wagon,1984,4,Regular,18,21,19,467.7368421,17.34789474,2.6,,Automatic 3-spd
28663,Chrysler,300 AWD,2010,8,Regular,16,23,18,493.7222222,18.31166667,5.7,All-Wheel Drive,Automatic 5-spd
28664,Chrysler,300/SRT-8,2010,8,Regular,16,25,19,467.7368421,17.34789474,5.7,Rear-Wheel Drive,Automatic 5-spd
28725,Chrysler,Town and Country,2010,6,Regular,17,25,20,444.35,16.4805,4,Front-Wheel Drive,Automatic 6-spd
28726,Chrysler,Town and Country FFV,2010,6,Gasoline or E85,17,24,19,467.7368421,17.34789474,3.3,Front-Wheel Drive,Automatic 4-spd
28727,Chrysler,Town and Country,2010,6,Regular,16,23,18,493.7222222,18.31166667,3.8,Front-Wheel Drive,Automatic 6-spd
28854,Chrysler,QC Car,1988,4,Premium,17,21,19,467.7368421,17.34789474,2.2,Front-Wheel Drive,Automatic 3-spd
29076,Chrysler,Concorde,1994,6,Regular,16,24,19,467.7368421,17.34789474,3.3,Front-Wheel Drive,Automatic 4-spd
29214,Chrysler,Sebring,2002,6,Regular,18,26,21,423.1904762,15.69571429,3,Front-Wheel Drive,Manual 5-spd
29215,Chrysler,Sebring,2002,6,Regular,18,25,20,444.35,16.4805,3,Front-Wheel Drive,Automatic (S4)
29216,Chrysler,Sebring,2002,6,Regular,18,25,20,444.35,16.4805,3,Front-Wheel Drive,Automatic 4-spd
29245,Chrysler,Town and Country 2WD,2006,6,Regular,17,24,19,467.7368421,17.34789474,3.3,2-Wheel Drive,Automatic 4-spd
29319,Chrysler,300 AWD,2010,6,Regular,17,23,19,467.7368421,17.34789474,3.5,All-Wheel Drive,Automatic 5-spd
29320,Chrysler,300/SRT-8,2010,6,Regular,18,26,21,423.1904762,15.69571429,2.7,Rear-Wheel Drive,Automatic 4-spd
29321,Chrysler,300/SRT-8,2010,6,Regular,17,25,20,444.35,16.4805,3.5,Rear-Wheel Drive,Automatic 4-spd
29487,Chrysler,Sebring Convertible,2010,4,Regular,20,29,23,386.3913043,14.33086957,2.4,Front-Wheel Drive,Automatic 4-spd
29488,Chrysler,Sebring Convertible,2010,6,Regular,16,27,20,444.35,16.4805,3.5,Front-Wheel Drive,Automatic 6-spd
29498,Chrysler,Sebring,2010,4,Regular,21,30,24,370.2916667,13.73375,2.4,Front-Wheel Drive,Automatic 4-spd
29499,Chrysler,Sebring,2010,6,Regular,16,27,20,444.35,16.4805,3.5,Front-Wheel Drive,Automatic 6-spd
29711,Chrysler,Sebring Convertible FFV,2010,6,Gasoline or E85,18,26,21,423.1904762,15.69571429,2.7,Front-Wheel Drive,Automatic 4-spd
29719,Chrysler,Sebring FFV,2010,6,Gasoline or E85,19,27,22,403.9545455,14.98227273,2.7,Front-Wheel Drive,Automatic 4-spd
29894,Chrysler,PT Cruiser,2010,4,Regular,19,24,21,423.1904762,15.69571429,2.4,Front-Wheel Drive,Automatic 4-spd
2993,Chrysler,Conquest,1987,4,Premium,16,22,18,493.7222222,18.31166667,2.6,Rear-Wheel Drive,Automatic 4-spd
2994,Chrysler,Conquest,1987,4,Premium,16,22,18,493.7222222,18.31166667,2.6,Rear-Wheel Drive,Manual 5-spd
2995,Chrysler,Laser/Daytona,1987,4,Premium,17,22,19,467.7368421,17.34789474,2.2,Front-Wheel Drive,Automatic 3-spd
2996,Chrysler,Laser/Daytona,1987,4,Premium,18,26,21,423.1904762,15.69571429,2.2,Front-Wheel Drive,Manual 5-spd
2997,Chrysler,LeBaron Convertible,1987,4,Premium,17,22,19,467.7368421,17.34789474,2.2,Front-Wheel Drive,Automatic 3-spd
2998,Chrysler,LeBaron Convertible,1987,4,Premium,18,26,21,423.1904762,15.69571429,2.2,Front-Wheel Drive,Manual 5-spd
2999,Chrysler,LeBaron Convertible,1987,4,Regular,19,25,21,423.1904762,15.69571429,2.5,Front-Wheel Drive,Automatic 3-spd
3000,Chrysler,LeBaron Convertible,1987,4,Regular,19,29,23,386.3913043,14.33086957,2.5,Front-Wheel Drive,Manual 5-spd
30990,Chrysler,200 Convertible,2011,4,Regular,20,28,23,386.3913043,14.33086957,2.4,Front-Wheel Drive,Automatic 4-spd
30991,Chrysler,200 Convertible,2011,4,Regular,18,29,22,403.9545455,14.98227273,2.4,Front-Wheel Drive,Automatic 6-spd
30992,Chrysler,200 Convertible,2011,6,Gasoline or E85,19,28,22,403.9545455,14.98227273,3.6,Front-Wheel Drive,Automatic 6-spd
31010,Chrysler,200,2011,4,Regular,21,29,24,370.2916667,13.73375,2.4,Front-Wheel Drive,Automatic 4-spd
31011,Chrysler,200,2011,4,Regular,20,30,23,386.3913043,14.33086957,2.4,Front-Wheel Drive,Automatic 6-spd
31012,Chrysler,200,2011,6,Gasoline or E85,19,28,22,403.9545455,14.98227273,3.6,Front-Wheel Drive,Automatic 6-spd
31018,Chrysler,300,2011,6,Gasoline or E85,18,27,21,423.1904762,15.69571429,3.6,Rear-Wheel Drive,Automatic 5-spd
31019,Chrysler,300,2011,8,Midgrade,16,25,19,467.7368421,17.34789474,5.7,Rear-Wheel Drive,Automatic 5-spd
31020,Chrysler,300 AWD,2011,8,Regular,15,23,18,493.7222222,18.31166667,5.7,All-Wheel Drive,Automatic 5-spd
31045,Chrysler,Town and Country,2011,6,Gasoline or E85,17,25,20,444.35,16.4805,3.6,Front-Wheel Drive,Automatic 6-spd
31321,Chrysler,300/SRT-8,2010,8,Premium,13,19,15,592.4666667,21.974,6.1,Rear-Wheel Drive,Automatic 5-spd
31350,Chrysler,200 Convertible,2012,4,Regular,18,29,22,403.9545455,14.98227273,2.4,Front-Wheel Drive,Automatic 6-spd
31351,Chrysler,200 Convertible,2012,6,Gasoline or E85,19,28,22,403.9545455,14.98227273,3.6,Front-Wheel Drive,Automatic 6-spd
31378,Chrysler,200,2012,4,Regular,21,29,24,370.2916667,13.73375,2.4,Front-Wheel Drive,Automatic 4-spd
31379,Chrysler,200,2012,4,Regular,20,30,23,386.3913043,14.33086957,2.4,Front-Wheel Drive,Automatic 6-spd
31380,Chrysler,200,2012,6,Gasoline or E85,19,28,22,403.9545455,14.98227273,3.6,Front-Wheel Drive,Automatic 6-spd
31461,Chrysler,Town and Country,2012,6,Gasoline or E85,17,25,20,444.35,16.4805,3.6,Front-Wheel Drive,Automatic 6-spd
31771,Chrysler,300,2012,6,Regular,18,27,21,423.1904762,15.69571429,3.6,Rear-Wheel Drive,Automatic 5-spd
31772,Chrysler,300,2012,8,Midgrade,16,25,19,467.7368421,17.34789474,5.7,Rear-Wheel Drive,Automatic 5-spd
31773,Chrysler,300 AWD,2012,8,Midgrade,15,23,18,493.7222222,18.31166667,5.7,All-Wheel Drive,Automatic 5-spd
31774,Chrysler,300,2012,6,Gasoline or E85,19,30,23,386.3913043,14.33086957,3.6,Rear-Wheel Drive,Automatic 8-spd
31775,Chrysler,300 AWD,2012,6,Gasoline or E85,18,27,21,423.1904762,15.69571429,3.6,All-Wheel Drive,Automatic 8-spd
31776,Chrysler,300 SRT8,2012,8,Premium,14,23,17,522.7647059,19.38882353,6.4,Rear-Wheel Drive,Automatic 5-spd
32808,Chrysler,Town and Country,2013,6,Gasoline or E85,17,25,20,454,16.4805,3.6,Front-Wheel Drive,Automatic 6-spd
32913,Chrysler,200 Convertible,2013,6,Gasoline or E85,19,28,22,399,14.98227273,3.6,Front-Wheel Drive,Automatic 6-spd
32914,Chrysler,200 Convertible,2013,4,Regular,18,27,21,425,15.69571429,2.4,Front-Wheel Drive,Automatic 6-spd
32971,Chrysler,200,2013,6,Gasoline or E85,19,28,22,399,14.98227273,3.6,Front-Wheel Drive,Automatic 6-spd
32972,Chrysler,200,2013,4,Regular,20,30,23,383,14.33086957,2.4,Front-Wheel Drive,Automatic 6-spd
32973,Chrysler,200,2013,4,Regular,21,28,23,378,14.33086957,2.4,Front-Wheel Drive,Automatic 4-spd
32994,Chrysler,300 SRT8,2013,8,Premium,14,23,17,520,19.38882353,6.4,Rear-Wheel Drive,Automatic 5-spd
32995,Chrysler,300 AWD,2013,8,Midgrade,15,23,18,503,18.31166667,5.7,All-Wheel Drive,Automatic 5-spd
32996,Chrysler,300,2013,8,Midgrade,16,25,19,477,17.34789474,5.7,Rear-Wheel Drive,Automatic 5-spd
32997,Chrysler,300 AWD,2013,6,Regular,18,27,21,415,15.69571429,3.6,All-Wheel Drive,Automatic 8-spd
32998,Chrysler,300,2013,6,Regular,19,30,23,389,14.33086957,3.6,Rear-Wheel Drive,Automatic 8-spd
32999,Chrysler,300 AWD,2013,6,Gasoline or E85,18,27,21,415,15.69571429,3.6,All-Wheel Drive,Automatic 8-spd
33000,Chrysler,300,2013,6,Gasoline or E85,19,30,23,389,14.33086957,3.6,Rear-Wheel Drive,Automatic 8-spd
3374,Chrysler,LeBaron,1987,4,Premium,17,22,19,467.7368421,17.34789474,2.2,Front-Wheel Drive,Automatic 3-spd
3375,Chrysler,LeBaron,1987,4,Regular,20,24,21,423.1904762,15.69571429,2.2,Front-Wheel Drive,Automatic 3-spd
3376,Chrysler,LeBaron,1987,4,Premium,18,26,21,423.1904762,15.69571429,2.2,Front-Wheel Drive,Manual 5-spd
3377,Chrysler,LeBaron,1987,4,Regular,19,25,21,423.1904762,15.69571429,2.5,Front-Wheel Drive,Automatic 3-spd
3378,Chrysler,LeBaron,1987,4,Regular,19,29,23,386.3913043,14.33086957,2.5,Front-Wheel Drive,Manual 5-spd
3379,Chrysler,LeBaron GTS,1987,4,Regular,20,24,21,423.1904762,15.69571429,2.2,Front-Wheel Drive,Automatic 3-spd
3380,Chrysler,LeBaron GTS,1987,4,Premium,17,22,19,467.7368421,17.34789474,2.2,Front-Wheel Drive,Automatic 3-spd
3381,Chrysler,LeBaron GTS,1987,4,Regular,21,29,24,370.2916667,13.73375,2.2,Front-Wheel Drive,Manual 5-spd
3382,Chrysler,LeBaron GTS,1987,4,Premium,18,26,21,423.1904762,15.69571429,2.2,Front-Wheel Drive,Manual 5-spd
3383,Chrysler,LeBaron GTS,1987,4,Regular,19,25,21,423.1904762,15.69571429,2.5,Front-Wheel Drive,Automatic 3-spd
3384,Chrysler,LeBaron GTS,1987,4,Regular,19,29,23,386.3913043,14.33086957,2.5,Front-Wheel Drive,Manual 5-spd
3385,Chrysler,New Yorker,1987,4,Premium,17,22,19,467.7368421,17.34789474,2.2,Front-Wheel Drive,Automatic 3-spd
3386,Chrysler,New Yorker,1987,4,Regular,19,25,21,423.1904762,15.69571429,2.5,Front-Wheel Drive,Automatic 3-spd
3387,Chrysler,Newport/Fifth Avenue,1987,8,Premium,15,20,17,522.7647059,19.38882353,5.2,Rear-Wheel Drive,Automatic 3-spd
33959,Chrysler,Town and Country,2014,6,Gasoline or E85,17,25,20,445,16.4805,3.6,Front-Wheel Drive,Automatic 6-spd
34116,Chrysler,Town and Country,2014,6,Regular,17,25,20,445,16.4805,3.6,Front-Wheel Drive,Automatic 6-spd
34160,Chrysler,200 Convertible,2014,4,Regular,18,29,22,407,14.98227273,2.4,Front-Wheel Drive,Automatic 6-spd
34161,Chrysler,200 Convertible,2014,6,Gasoline or E85,19,28,22,399,14.98227273,3.6,Front-Wheel Drive,Automatic 6-spd
34180,Chrysler,200,2014,4,Regular,21,29,24,371,13.73375,2.4,Front-Wheel Drive,Automatic 4-spd
34181,Chrysler,200,2014,4,Regular,20,30,23,380,14.33086957,2.4,Front-Wheel Drive,Automatic 6-spd
34182,Chrysler,200,2014,6,Gasoline or E85,19,28,22,399,14.98227273,3.6,Front-Wheel Drive,Automatic 6-spd
34206,Chrysler,300,2014,8,Midgrade,15,24,18,487,18.31166667,5.7,Rear-Wheel Drive,Automatic 5-spd
34207,Chrysler,300 AWD,2014,6,Regular,18,27,21,415,15.69571429,3.6,All-Wheel Drive,Automatic 8-spd
34208,Chrysler,300 AWD,2014,6,Gasoline or E85,18,27,21,415,15.69571429,3.6,All-Wheel Drive,Automatic 8-spd
34209,Chrysler,300 AWD,2014,8,Midgrade,15,23,18,503,18.31166667,5.7,All-Wheel Drive,Automatic 5-spd
34294,Chrysler,300,2014,6,Regular,19,30,23,389,14.33086957,3.6,Rear-Wheel Drive,Automatic 8-spd
34295,Chrysler,300,2014,6,Gasoline or E85,19,30,23,389,14.33086957,3.6,Rear-Wheel Drive,Automatic 8-spd
34296,Chrysler,300 SRT8,2014,8,Premium,14,23,17,521,19.38882353,6.4,Rear-Wheel Drive,Automatic 5-spd
34751,Chrysler,300,2011,6,Regular,18,27,21,423.1904762,15.69571429,3.6,Rear-Wheel Drive,Automatic 5-spd
34777,Chrysler,200 AWD,2015,6,Regular,18,28,22,405,14.98227273,3.6,All-Wheel Drive,Automatic 9-spd
34830,Chrysler,200,2015,4,Regular,23,36,27,326,12.20777778,2.4,Front-Wheel Drive,Automatic 9-spd
34831,Chrysler,200,2015,6,Regular,19,31,23,388,14.33086957,3.6,Front-Wheel Drive,Automatic 9-spd
35359,Chrysler,200,2015,4,Gasoline or E85,23,36,27,326,12.20777778,2.4,Front-Wheel Drive,Automatic 9-spd
35360,Chrysler,200,2015,6,Gasoline or E85,19,31,23,388,14.33086957,3.6,Front-Wheel Drive,Automatic 9-spd
35361,Chrysler,200 AWD,2015,6,Gasoline or E85,18,28,22,405,14.98227273,3.6,All-Wheel Drive,Automatic 9-spd
35367,Chrysler,300,2015,6,Regular,19,30,23,389,14.33086957,3.6,Rear-Wheel Drive,Automatic 8-spd
35368,Chrysler,300,2015,8,Midgrade,16,25,19,466,17.34789474,5.7,Rear-Wheel Drive,Automatic 8-spd
35461,Chrysler,Town and Country,2015,6,Regular,17,25,20,445,16.4805,3.6,Front-Wheel Drive,Automatic 6-spd
35508,Chrysler,Town and Country,2015,6,Gasoline or E85,17,25,20,445,16.4805,3.6,Front-Wheel Drive,Automatic 6-spd
3553,Chrysler,Town and Country Wagon,1987,4,Premium,17,22,19,467.7368421,17.34789474,2.2,Front-Wheel Drive,Automatic 3-spd
3554,Chrysler,Town and Country Wagon,1987,4,Regular,19,25,21,423.1904762,15.69571429,2.5,Front-Wheel Drive,Automatic 3-spd
35871,Chrysler,300,2015,6,Gasoline or E85,19,30,23,389,14.33086957,3.6,Rear-Wheel Drive,Automatic 8-spd
35872,Chrysler,300 AWD,2015,6,Regular,18,27,21,415,15.69571429,3.6,All-Wheel Drive,Automatic 8-spd
35873,Chrysler,300 AWD,2015,6,Gasoline or E85,18,27,21,415,15.69571429,3.6,All-Wheel Drive,Automatic 8-spd
36412,Chrysler,Town and Country,2016,6,Gasoline or E85,17,25,20,445,16.4805,3.6,Front-Wheel Drive,Automatic 6-spd
36488,Chrysler,Town and Country,2016,6,Regular,17,25,20,445,16.4805,3.6,Front-Wheel Drive,Automatic 6-spd
36581,Chrysler,200,2016,4,Regular,23,36,27,326,12.20777778,2.4,Front-Wheel Drive,Automatic 9-spd
36582,Chrysler,200,2016,4,Gasoline or E85,23,36,27,326,12.20777778,2.4,Front-Wheel Drive,Automatic 9-spd
36583,Chrysler,200 AWD,2016,6,Gasoline or E85,18,28,22,405,14.98227273,3.6,All-Wheel Drive,Automatic 9-spd
36684,Chrysler,200,2016,6,Gasoline or E85,19,31,23,388,14.33086957,3.6,Front-Wheel Drive,Automatic 9-spd
36964,Chrysler,300,2016,6,Regular,19,30,23,389,14.33086957,3.6,Rear-Wheel Drive,Automatic 8-spd
36965,Chrysler,300,2016,6,Gasoline or E85,19,30,23,389,14.33086957,3.6,Rear-Wheel Drive,Automatic 8-spd
36966,Chrysler,300,2016,8,Midgrade,16,25,19,466,17.34789474,5.7,Rear-Wheel Drive,Automatic 8-spd
36967,Chrysler,300 AWD,2016,6,Regular,18,27,21,415,15.69571429,3.6,All-Wheel Drive,Automatic 8-spd
36968,Chrysler,300 AWD,2016,6,Gasoline or E85,18,27,21,415,15.69571429,3.6,All-Wheel Drive,Automatic 8-spd
37292,Chrysler,Pacifica,2017,6,Regular,18,28,22,416,14.98227273,3.6,Front-Wheel Drive,Automatic 9-spd
38098,Chrysler,200,2017,4,Regular,23,36,27,323,12.20777778,2.4,Front-Wheel Drive,Automatic 9-spd
38099,Chrysler,200,2017,4,Gasoline or E85,23,36,27,323,12.20777778,2.4,Front-Wheel Drive,Automatic 9-spd
38100,Chrysler,200,2017,6,Gasoline or E85,19,31,23,388,14.33086957,3.6,Front-Wheel Drive,Automatic 9-spd
38101,Chrysler,200 AWD,2017,6,Gasoline or E85,18,28,22,405,14.98227273,3.6,All-Wheel Drive,Automatic 9-spd
38331,Chrysler,300,2017,6,Regular,19,30,23,389,14.33086957,3.6,Rear-Wheel Drive,Automatic 8-spd
38332,Chrysler,300 AWD,2017,6,Regular,18,27,21,415,15.69571429,3.6,All-Wheel Drive,Automatic 8-spd
38333,Chrysler,300,2017,8,Midgrade,16,25,19,466,17.34789474,5.7,Rear-Wheel Drive,Automatic 8-spd
38444,Chrysler,300 AWD,2017,6,Gasoline or E85,18,27,21,415,15.69571429,3.6,All-Wheel Drive,Automatic 8-spd
38491,Chrysler,Pacifica Plug-in Hybrid,2017,6,Regular Gas and Electricity,32,33,32,106,4.048550748,3.6,Front-Wheel Drive,Automatic (variable gear ratios)
38493,Chrysler,300,2017,6,Gasoline or E85,19,30,23,389,14.33086957,3.6,Rear-Wheel Drive,Automatic 8-spd
38542,Chrysler,Pacifica,2017,6,Regular,19,28,22,401,14.98227273,3.6,Front-Wheel Drive,Automatic 9-spd
4220,Chrysler,Conquest,1988,4,Premium,16,22,18,493.7222222,18.31166667,2.6,Rear-Wheel Drive,Automatic 4-spd
4221,Chrysler,Conquest,1988,4,Premium,16,20,18,493.7222222,18.31166667,2.6,Rear-Wheel Drive,Manual 5-spd
4222,Chrysler,LeBaron Convertible,1988,4,Premium,18,23,20,444.35,16.4805,2.2,Front-Wheel Drive,Automatic 3-spd
4223,Chrysler,LeBaron Convertible,1988,4,Premium,18,26,21,423.1904762,15.69571429,2.2,Front-Wheel Drive,Manual 5-spd
4224,Chrysler,LeBaron Convertible,1988,4,Regular,20,26,22,403.9545455,14.98227273,2.5,Front-Wheel Drive,Automatic 3-spd
4225,Chrysler,LeBaron Convertible,1988,4,Regular,19,29,23,386.3913043,14.33086957,2.5,Front-Wheel Drive,Manual 5-spd
4399,Chrysler,LeBaron,1988,4,Premium,18,23,20,444.35,16.4805,2.2,Front-Wheel Drive,Automatic 3-spd
4400,Chrysler,LeBaron,1988,4,Regular,21,26,23,386.3913043,14.33086957,2.2,Front-Wheel Drive,Automatic 3-spd
4401,Chrysler,LeBaron,1988,4,Premium,18,26,21,423.1904762,15.69571429,2.2,Front-Wheel Drive,Manual 5-spd
4402,Chrysler,LeBaron,1988,4,Regular,20,26,22,403.9545455,14.98227273,2.5,Front-Wheel Drive,Automatic 3-spd
4403,Chrysler,LeBaron,1988,4,Regular,19,29,23,386.3913043,14.33086957,2.5,Front-Wheel Drive,Manual 5-spd
454,Chrysler,Executive Sedan/Limousine,1985,4,Regular,18,21,19,467.7368421,17.34789474,2.6,Front-Wheel Drive,Automatic 3-spd
455,Chrysler,LeBaron,1985,4,Regular,21,24,22,403.9545455,14.98227273,2.2,Front-Wheel Drive,Automatic 3-spd
4550,Chrysler,LeBaron GTS,1988,4,Premium,18,23,20,444.35,16.4805,2.2,Front-Wheel Drive,Automatic 3-spd
4551,Chrysler,LeBaron GTS,1988,4,Regular,21,26,23,386.3913043,14.33086957,2.2,Front-Wheel Drive,Automatic 3-spd
4552,Chrysler,LeBaron GTS,1988,4,Premium,18,26,21,423.1904762,15.69571429,2.2,Front-Wheel Drive,Manual 5-spd
4553,Chrysler,LeBaron GTS,1988,4,Regular,22,31,25,355.48,13.1844,2.2,Front-Wheel Drive,Manual 5-spd
4554,Chrysler,LeBaron GTS,1988,4,Regular,20,26,22,403.9545455,14.98227273,2.5,Front-Wheel Drive,Automatic 3-spd
4555,Chrysler,LeBaron GTS,1988,4,Regular,19,29,23,386.3913043,14.33086957,2.5,Front-Wheel Drive,Manual 5-spd
4556,Chrysler,New Yorker Turbo,1988,4,Premium,18,23,20,444.35,16.4805,2.2,Front-Wheel Drive,Automatic 3-spd
4557,Chrysler,New Yorker/5th Avenue,1988,6,Regular,17,24,19,467.7368421,17.34789474,3,Front-Wheel Drive,Automatic 3-spd
4558,Chrysler,Newport/Fifth Avenue,1988,8,Premium,16,21,18,493.7222222,18.31166667,5.2,Rear-Wheel Drive,Automatic 3-spd
456,Chrysler,LeBaron,1985,4,Premium,18,22,19,467.7368421,17.34789474,2.2,Front-Wheel Drive,Automatic 3-spd
457,Chrysler,LeBaron,1985,4,Regular,18,21,19,467.7368421,17.34789474,2.6,Front-Wheel Drive,Automatic 3-spd
458,Chrysler,LeBaron GTS,1985,4,Premium,18,22,19,467.7368421,17.34789474,2.2,Front-Wheel Drive,Automatic 3-spd
459,Chrysler,LeBaron GTS,1985,4,Regular,20,24,21,423.1904762,15.69571429,2.2,Front-Wheel Drive,Automatic 3-spd
460,Chrysler,LeBaron GTS,1985,4,Regular,21,30,24,370.2916667,13.73375,2.2,Front-Wheel Drive,Manual 5-spd
461,Chrysler,LeBaron GTS,1985,4,Premium,17,26,20,444.35,16.4805,2.2,Front-Wheel Drive,Manual 5-spd
462,Chrysler,New Yorker,1985,4,Premium,18,22,19,467.7368421,17.34789474,2.2,Front-Wheel Drive,Automatic 3-spd
463,Chrysler,New Yorker,1985,4,Regular,18,21,19,467.7368421,17.34789474,2.6,Front-Wheel Drive,Automatic 3-spd
464,Chrysler,Newport/Fifth Avenue,1985,8,Premium,15,20,17,522.7647059,19.38882353,5.2,Rear-Wheel Drive,Automatic 3-spd
4725,Chrysler,Town and Country Wagon,1988,4,Premium,18,23,20,444.35,16.4805,2.2,Front-Wheel Drive,Automatic 3-spd
4726,Chrysler,Town and Country Wagon,1988,4,Regular,20,26,22,403.9545455,14.98227273,2.5,Front-Wheel Drive,Automatic 3-spd
5129,Chrysler,Town and Country,1988,6,Regular,16,21,18,493.7222222,18.31166667,3,Front-Wheel Drive,Automatic 3-spd
5247,Chrysler,TC By,1989,4,Premium,16,20,18,493.7222222,18.31166667,2.2,Front-Wheel Drive,Automatic 3-spd
5248,Chrysler,TC By,1989,4,Premium,16,23,19,467.7368421,17.34789474,2.2,Front-Wheel Drive,Manual 5-spd
5249,Chrysler,TC By,1989,4,Premium,15,20,17,522.7647059,19.38882353,2.5,Front-Wheel Drive,Automatic 3-spd
5250,Chrysler,TC By,1989,4,Premium,15,20,17,522.7647059,19.38882353,2.5,Front-Wheel Drive,Automatic 3-spd
5338,Chrysler,Conquest,1989,4,Premium,16,22,18,493.7222222,18.31166667,2.6,Rear-Wheel Drive,Automatic 4-spd
5339,Chrysler,Conquest,1989,4,Premium,16,20,18,493.7222222,18.31166667,2.6,Rear-Wheel Drive,Manual 5-spd
5340,Chrysler,LeBaron Convertible,1989,4,Premium,18,26,21,423.1904762,15.69571429,2.2,Front-Wheel Drive,Manual 5-spd
5341,Chrysler,LeBaron Convertible,1989,4,Premium,16,21,18,493.7222222,18.31166667,2.5,Front-Wheel Drive,Automatic 3-spd
5342,Chrysler,LeBaron Convertible,1989,4,Regular,19,26,22,403.9545455,14.98227273,2.5,Front-Wheel Drive,Automatic 3-spd
5343,Chrysler,LeBaron Convertible,1989,4,Regular,20,29,23,386.3913043,14.33086957,2.5,Front-Wheel Drive,Manual 5-spd
5344,Chrysler,LeBaron Convertible,1989,4,Premium,16,24,19,467.7368421,17.34789474,2.5,Front-Wheel Drive,Manual 5-spd
5521,Chrysler,LeBaron,1989,4,Premium,18,26,21,423.1904762,15.69571429,2.2,Front-Wheel Drive,Manual 5-spd
5522,Chrysler,LeBaron,1989,4,Premium,16,21,18,493.7222222,18.31166667,2.5,Front-Wheel Drive,Automatic 3-spd
5523,Chrysler,LeBaron,1989,4,Regular,20,26,22,403.9545455,14.98227273,2.5,Front-Wheel Drive,Automatic 3-spd
5524,Chrysler,LeBaron,1989,4,Regular,21,31,24,370.2916667,13.73375,2.5,Front-Wheel Drive,Manual 5-spd
5525,Chrysler,LeBaron,1989,4,Premium,18,26,21,423.1904762,15.69571429,2.5,Front-Wheel Drive,Manual 5-spd
5686,Chrysler,LeBaron GTS,1989,4,Regular,21,26,23,386.3913043,14.33086957,2.2,Front-Wheel Drive,Automatic 3-spd
5687,Chrysler,LeBaron GTS,1989,4,Regular,21,31,25,355.48,13.1844,2.2,Front-Wheel Drive,Manual 5-spd
5688,Chrysler,LeBaron GTS,1989,4,Premium,18,26,21,423.1904762,15.69571429,2.2,Front-Wheel Drive,Manual 5-spd
5689,Chrysler,LeBaron GTS,1989,4,Premium,17,22,19,467.7368421,17.34789474,2.5,Front-Wheel Drive,Automatic 3-spd
5690,Chrysler,LeBaron GTS,1989,4,Regular,20,26,22,403.9545455,14.98227273,2.5,Front-Wheel Drive,Automatic 3-spd
5691,Chrysler,LeBaron GTS,1989,4,Premium,18,26,21,423.1904762,15.69571429,2.5,Front-Wheel Drive,Manual 5-spd
5692,Chrysler,LeBaron GTS,1989,4,Regular,21,31,24,370.2916667,13.73375,2.5,Front-Wheel Drive,Manual 5-spd
5693,Chrysler,New Yorker,1989,6,Regular,16,24,19,467.7368421,17.34789474,3,Front-Wheel Drive,Automatic 4-spd
5694,Chrysler,Newport/Fifth Avenue,1989,8,Premium,15,20,17,522.7647059,19.38882353,5.2,Rear-Wheel Drive,Automatic 3-spd
5802,Chrysler,New Yorker Fifth Avenue/Imperial,1989,6,Regular,16,24,19,467.7368421,17.34789474,3,Front-Wheel Drive,Automatic 4-spd
6255,Chrysler,Town and Country,1989,6,Regular,15,20,17,522.7647059,19.38882353,3,Front-Wheel Drive,Automatic 4-spd
6396,Chrysler,TC By Convertible,1990,4,Premium,16,23,18,493.7222222,18.31166667,2.2,Front-Wheel Drive,Manual 5-spd
6397,Chrysler,TC By Convertible,1990,6,Premium,15,22,18,493.7222222,18.31166667,3,Front-Wheel Drive,Automatic 4-spd
646,Chrysler,Town and Country Wagon,1985,4,Premium,18,22,19,467.7368421,17.34789474,2.2,Front-Wheel Drive,Automatic 3-spd
6468,Chrysler,LeBaron Convertible,1990,4,Premium,18,26,20,444.35,16.4805,2.2,Front-Wheel Drive,Manual 5-spd
6469,Chrysler,LeBaron Convertible,1990,4,Premium,17,21,18,493.7222222,18.31166667,2.5,Front-Wheel Drive,Automatic 3-spd
647,Chrysler,Town and Country Wagon,1985,4,Regular,18,21,19,467.7368421,17.34789474,2.6,Front-Wheel Drive,Automatic 3-spd
6470,Chrysler,LeBaron Convertible,1990,4,Regular,19,25,21,423.1904762,15.69571429,2.5,Front-Wheel Drive,Automatic 3-spd
6471,Chrysler,LeBaron Convertible,1990,6,Regular,17,24,19,467.7368421,17.34789474,3,Front-Wheel Drive,Automatic 4-spd
6472,Chrysler,LeBaron Convertible,1990,6,Regular,17,25,20,444.35,16.4805,3,Front-Wheel Drive,Manual 5-spd
6656,Chrysler,LeBaron,1990,4,Premium,18,26,20,444.35,16.4805,2.2,Front-Wheel Drive,Manual 5-spd
6657,Chrysler,LeBaron,1990,4,Premium,17,21,18,493.7222222,18.31166667,2.5,Front-Wheel Drive,Automatic 3-spd
6658,Chrysler,LeBaron,1990,4,Regular,19,24,21,423.1904762,15.69571429,2.5,Front-Wheel Drive,Automatic 3-spd
6659,Chrysler,LeBaron,1990,6,Regular,17,24,19,467.7368421,17.34789474,3,Front-Wheel Drive,Automatic 4-spd
6660,Chrysler,LeBaron,1990,6,Regular,17,26,20,444.35,16.4805,3,Front-Wheel Drive,Manual 5-spd
6808,Chrysler,LeBaron Landau,1990,6,Regular,17,24,19,467.7368421,17.34789474,3,Front-Wheel Drive,Automatic 4-spd
6809,Chrysler,New Yorker,1990,6,Regular,17,24,19,467.7368421,17.34789474,3,Front-Wheel Drive,Automatic 4-spd
6810,Chrysler,New Yorker,1990,6,Regular,17,24,19,467.7368421,17.34789474,3.3,Front-Wheel Drive,Automatic 4-spd
6889,Chrysler,New Yorker Fifth Avenue/Imperial,1990,6,Regular,16,23,18,493.7222222,18.31166667,3.3,Front-Wheel Drive,Automatic 4-spd
7314,Chrysler,Town and Country 2WD,1990,6,Regular,16,22,18,493.7222222,18.31166667,3.3,Front-Wheel Drive,Automatic 4-spd
7455,Chrysler,TC by Maserati,1991,6,Premium,16,22,18,493.7222222,18.31166667,3,Front-Wheel Drive,Automatic 4-spd
7555,Chrysler,LeBaron Convertible,1991,4,Regular,18,24,20,444.35,16.4805,2.5,Front-Wheel Drive,Automatic 3-spd
7556,Chrysler,LeBaron Convertible,1991,4,Premium,17,22,19,467.7368421,17.34789474,2.5,Front-Wheel Drive,Automatic 3-spd
7557,Chrysler,LeBaron Convertible,1991,4,Premium,18,24,20,444.35,16.4805,2.5,Front-Wheel Drive,Manual 5-spd
7558,Chrysler,LeBaron Convertible,1991,6,Regular,18,24,20,444.35,16.4805,3,Front-Wheel Drive,Automatic 4-spd
7559,Chrysler,LeBaron Convertible,1991,6,Regular,16,24,19,467.7368421,17.34789474,3,Front-Wheel Drive,Manual 5-spd
7762,Chrysler,LeBaron,1991,4,Regular,20,26,22,403.9545455,14.98227273,2.5,Front-Wheel Drive,Automatic 3-spd
7763,Chrysler,LeBaron,1991,4,Premium,17,22,19,467.7368421,17.34789474,2.5,Front-Wheel Drive,Automatic 3-spd
7764,Chrysler,LeBaron,1991,4,Premium,18,24,20,444.35,16.4805,2.5,Front-Wheel Drive,Manual 5-spd
7765,Chrysler,LeBaron,1991,6,Regular,18,24,20,444.35,16.4805,3,Front-Wheel Drive,Automatic 4-spd
7766,Chrysler,LeBaron,1991,6,Regular,17,26,20,444.35,16.4805,3,Front-Wheel Drive,Manual 5-spd
79,Chrysler,Laser,1985,4,Regular,20,24,21,423.1904762,15.69571429,2.2,Front-Wheel Drive,Automatic 3-spd
7933,Chrysler,New Yorker,1991,6,Regular,17,24,19,467.7368421,17.34789474,3.3,Front-Wheel Drive,Automatic 4-spd
80,Chrysler,Laser,1985,4,Premium,18,22,19,467.7368421,17.34789474,2.2,Front-Wheel Drive,Automatic 3-spd
8021,Chrysler,New Yorker Fifth Avenue/Imperial,1991,6,Regular,16,24,19,467.7368421,17.34789474,3.3,Front-Wheel Drive,Automatic 4-spd
8022,Chrysler,New Yorker Fifth Avenue/Imperial,1991,6,Regular,15,23,18,493.7222222,18.31166667,3.8,Front-Wheel Drive,Automatic 4-spd
81,Chrysler,Laser,1985,4,Regular,21,30,24,370.2916667,13.73375,2.2,Front-Wheel Drive,Manual 5-spd
82,Chrysler,Laser,1985,4,Premium,17,26,20,444.35,16.4805,2.2,Front-Wheel Drive,Manual 5-spd
83,Chrysler,LeBaron Convertible,1985,4,Premium,18,22,19,467.7368421,17.34789474,2.2,Front-Wheel Drive,Automatic 3-spd
84,Chrysler,LeBaron Convertible,1985,4,Regular,20,24,21,423.1904762,15.69571429,2.2,Front-Wheel Drive,Automatic 3-spd
8433,Chrysler,Town and Country 2WD,1991,6,Regular,16,21,18,493.7222222,18.31166667,3.3,Front-Wheel Drive,Automatic 4-spd
85,Chrysler,LeBaron Convertible,1985,4,Regular,18,21,19,467.7368421,17.34789474,2.6,Front-Wheel Drive,Automatic 3-spd
8645,Chrysler,LeBaron Convertible,1992,4,Premium,16,22,18,493.7222222,18.31166667,2.5,Front-Wheel Drive,Automatic 3-spd
8646,Chrysler,LeBaron Convertible,1992,4,Regular,19,26,22,403.9545455,14.98227273,2.5,Front-Wheel Drive,Automatic 3-spd
8647,Chrysler,LeBaron Convertible,1992,4,Premium,18,25,21,423.1904762,15.69571429,2.5,Front-Wheel Drive,Manual 5-spd
8648,Chrysler,LeBaron Convertible,1992,6,Regular,18,24,20,444.35,16.4805,3,Front-Wheel Drive,Automatic 4-spd
8649,Chrysler,LeBaron Convertible,1992,6,Regular,16,25,19,467.7368421,17.34789474,3,Front-Wheel Drive,Manual 5-spd
8852,Chrysler,LeBaron,1992,4,Regular,20,25,22,403.9545455,14.98227273,2.5,Front-Wheel Drive,Automatic 3-spd
8853,Chrysler,LeBaron,1992,4,Premium,18,23,20,444.35,16.4805,2.5,Front-Wheel Drive,Automatic 3-spd
8854,Chrysler,LeBaron,1992,4,Premium,18,25,21,423.1904762,15.69571429,2.5,Front-Wheel Drive,Manual 5-spd
8855,Chrysler,LeBaron,1992,6,Regular,18,24,20,444.35,16.4805,3,Front-Wheel Drive,Automatic 3-spd
8856,Chrysler,LeBaron,1992,6,Regular,18,25,20,444.35,16.4805,3,Front-Wheel Drive,Automatic 4-spd
8857,Chrysler,LeBaron,1992,6,Regular,18,26,21,423.1904762,15.69571429,3,Front-Wheel Drive,Manual 5-spd
9010,Chrysler,New Yorker,1992,6,Regular,17,23,19,467.7368421,17.34789474,3.3,Front-Wheel Drive,Automatic 4-spd
9094,Chrysler,Imperial/New Yorker Fifth Avenue,1992,6,Regular,17,23,19,467.7368421,17.34789474,3.3,Front-Wheel Drive,Automatic 4-spd
9095,Chrysler,Imperial/New Yorker Fifth Avenue,1992,6,Regular,16,23,18,493.7222222,18.31166667,3.8,Front-Wheel Drive,Automatic 4-spd
9496,Chrysler,Town and Country 2WD,1992,6,Regular,16,21,18,493.7222222,18.31166667,3.3,Front-Wheel Drive,Automatic 4-spd
9553,Chrysler,Town and Country 4WD,1992,6,Regular,14,18,15,592.4666667,21.974,3.3,4-Wheel or All-Wheel Drive,Automatic 4-spd
9710,Chrysler,LeBaron Convertible,1993,4,Regular,18,24,21,423.1904762,15.69571429,2.5,Front-Wheel Drive,Automatic 3-spd
9711,Chrysler,LeBaron Convertible,1993,6,Regular,18,26,21,423.1904762,15.69571429,3,Front-Wheel Drive,Automatic 4-spd
9712,Chrysler,LeBaron Convertible,1993,6,Regular,17,24,20,444.35,16.4805,3,Front-Wheel Drive,Manual 5-spd
9904,Chrysler,LeBaron,1993,4,Regular,21,26,23,386.3913043,14.33086957,2.5,Front-Wheel Drive,Automatic 3-spd
9905,Chrysler,LeBaron,1993,6,Regular,18,24,20,444.35,16.4805,3,Front-Wheel Drive,Automatic 3-spd
9906,Chrysler,LeBaron,1993,6,Regular,18,26,21,423.1904762,15.69571429,3,Front-Wheel Drive,Automatic 4-spd
9907,Chrysler,LeBaron,1993,6,Regular,17,26,20,444.35,16.4805,3,Front-Wheel Drive,Manual 5-spd
