10055,Hyundai,Sonata,1993,4,Regular,18,25,20,444.35,16.4805,2,Front-Wheel Drive,Automatic 4-spd
10056,Hyundai,Sonata,1993,4,Regular,18,24,20,444.35,16.4805,2,Front-Wheel Drive,Manual 5-spd
10057,Hyundai,Sonata,1993,6,Regular,16,22,18,493.7222222,18.31166667,3,Front-Wheel Drive,Automatic 4-spd
10754,Hyundai,Excel,1994,4,Regular,23,32,27,329.1481481,12.20777778,1.5,Front-Wheel Drive,Automatic 4-spd
10755,Hyundai,Excel,1994,4,Regular,24,33,27,329.1481481,12.20777778,1.5,Front-Wheel Drive,Manual 5-spd
10756,Hyundai,Scoupe,1994,4,Regular,23,30,25,355.48,13.1844,1.5,Front-Wheel Drive,Automatic 4-spd
10757,Hyundai,Scoupe,1994,4,Regular,23,30,25,355.48,13.1844,1.5,Front-Wheel Drive,Manual 5-spd
10758,Hyundai,Scoupe,1994,4,Regular,23,29,25,355.48,13.1844,1.5,Front-Wheel Drive,Manual 5-spd
10907,Hyundai,Elantra,1994,4,Regular,19,26,22,403.9545455,14.98227273,1.6,Front-Wheel Drive,Manual 5-spd
10908,Hyundai,Elantra,1994,4,Regular,20,26,22,403.9545455,14.98227273,1.8,Front-Wheel Drive,Automatic 4-spd
10909,Hyundai,Elantra,1994,4,Regular,19,26,21,423.1904762,15.69571429,1.8,Front-Wheel Drive,Manual 5-spd
10910,Hyundai,Precis,1994,4,Regular,23,32,27,329.1481481,12.20777778,1.5,Front-Wheel Drive,Automatic 4-spd
11013,Hyundai,Sonata,1994,4,Regular,18,25,21,423.1904762,15.69571429,2,Front-Wheel Drive,Automatic 4-spd
11014,Hyundai,Sonata,1994,4,Regular,18,24,20,444.35,16.4805,2,Front-Wheel Drive,Manual 5-spd
11015,Hyundai,Sonata,1994,6,Regular,16,22,18,493.7222222,18.31166667,3,Front-Wheel Drive,Automatic 4-spd
11016,Hyundai,Sonata (Y-3),1994,4,Regular,18,26,21,423.1904762,15.69571429,2,Front-Wheel Drive,Automatic 4-spd
11017,Hyundai,Sonata (Y-3),1994,4,Regular,19,26,21,423.1904762,15.69571429,2,Front-Wheel Drive,Manual 5-spd
11018,Hyundai,Sonata (Y-3),1994,6,Regular,16,22,18,493.7222222,18.31166667,3,Front-Wheel Drive,Automatic 4-spd
11710,Hyundai,Scoupe,1995,4,Regular,22,31,25,355.48,13.1844,1.5,Front-Wheel Drive,Automatic 4-spd
11711,Hyundai,Scoupe,1995,4,Regular,24,33,27,329.1481481,12.20777778,1.5,Front-Wheel Drive,Manual 5-spd
11712,Hyundai,Scoupe,1995,4,Regular,23,30,26,341.8076923,12.67730769,1.5,Front-Wheel Drive,Manual 5-spd
11856,Hyundai,Accent,1995,4,Regular,24,33,27,329.1481481,12.20777778,1.5,Front-Wheel Drive,Automatic 4-spd
11857,Hyundai,Accent,1995,4,Regular,25,34,28,317.3928571,11.77178571,1.5,Front-Wheel Drive,Manual 5-spd
11858,Hyundai,Elantra,1995,4,Regular,19,27,22,403.9545455,14.98227273,1.6,Front-Wheel Drive,Manual 5-spd
11859,Hyundai,Elantra,1995,4,Regular,19,26,22,403.9545455,14.98227273,1.8,Front-Wheel Drive,Automatic 4-spd
11860,Hyundai,Elantra,1995,4,Regular,19,26,22,403.9545455,14.98227273,1.8,Front-Wheel Drive,Automatic 4-spd
11861,Hyundai,Elantra,1995,4,Regular,18,26,21,423.1904762,15.69571429,1.8,Front-Wheel Drive,Manual 5-spd
11862,Hyundai,Elantra,1995,4,Regular,19,26,21,423.1904762,15.69571429,1.8,Front-Wheel Drive,Manual 5-spd
11965,Hyundai,Sonata,1995,4,Regular,18,26,21,423.1904762,15.69571429,2,Front-Wheel Drive,Automatic 4-spd
11966,Hyundai,Sonata,1995,4,Regular,19,26,21,423.1904762,15.69571429,2,Front-Wheel Drive,Manual 5-spd
12726,Hyundai,Accent,1996,4,Regular,23,33,27,329.1481481,12.20777778,1.5,Front-Wheel Drive,Automatic 4-spd
12727,Hyundai,Accent,1996,4,Regular,23,31,26,341.8076923,12.67730769,1.5,Front-Wheel Drive,Automatic 4-spd
12728,Hyundai,Accent,1996,4,Regular,24,33,28,317.3928571,11.77178571,1.5,Front-Wheel Drive,Manual 5-spd
12729,Hyundai,Accent,1996,4,Regular,23,32,27,329.1481481,12.20777778,1.5,Front-Wheel Drive,Manual 5-spd
12730,Hyundai,Accent (Sporty),1996,4,Regular,22,30,25,355.48,13.1844,1.5,Front-Wheel Drive,Automatic 4-spd
12731,Hyundai,Accent (Sporty),1996,4,Regular,23,32,27,329.1481481,12.20777778,1.5,Front-Wheel Drive,Manual 5-spd
12732,Hyundai,Elantra,1996,4,Regular,20,29,23,386.3913043,14.33086957,1.8,Front-Wheel Drive,Automatic 4-spd
12733,Hyundai,Elantra,1996,4,Regular,21,29,24,370.2916667,13.73375,1.8,Front-Wheel Drive,Manual 5-spd
12825,Hyundai,Sonata,1996,4,Regular,18,26,21,423.1904762,15.69571429,2,Front-Wheel Drive,Automatic 4-spd
12826,Hyundai,Sonata,1996,4,Regular,19,26,22,403.9545455,14.98227273,2,Front-Wheel Drive,Manual 5-spd
12827,Hyundai,Sonata,1996,6,Regular,16,23,19,467.7368421,17.34789474,3,Front-Wheel Drive,Automatic 4-spd
12907,Hyundai,Elantra Wagon,1996,4,Regular,19,28,22,403.9545455,14.98227273,1.8,Front-Wheel Drive,Automatic 4-spd
12908,Hyundai,Elantra Wagon,1996,4,Regular,21,29,24,370.2916667,13.73375,1.8,Front-Wheel Drive,Manual 5-spd
13360,Hyundai,Tiburon (Coupe),1997,4,Regular,20,29,23,386.3913043,14.33086957,1.8,Front-Wheel Drive,Automatic 4-spd
13361,Hyundai,Tiburon (Coupe),1997,4,Regular,19,27,22,403.9545455,14.98227273,1.8,Front-Wheel Drive,Manual 5-spd
13362,Hyundai,Tiburon (Coupe),1997,4,Regular,18,26,21,423.1904762,15.69571429,2,Front-Wheel Drive,Automatic 4-spd
13363,Hyundai,Tiburon (Coupe),1997,4,Regular,19,27,22,403.9545455,14.98227273,2,Front-Wheel Drive,Manual 5-spd
13473,Hyundai,Accent (SOHC),1997,4,Regular,23,33,27,329.1481481,12.20777778,1.5,Front-Wheel Drive,Automatic 4-spd
13474,Hyundai,Accent (SOHC),1997,4,Regular,24,33,28,317.3928571,11.77178571,1.5,Front-Wheel Drive,Manual 5-spd
13475,Hyundai,Elantra,1997,4,Regular,20,29,23,386.3913043,14.33086957,1.8,Front-Wheel Drive,Automatic 4-spd
13476,Hyundai,Elantra,1997,4,Regular,21,29,24,370.2916667,13.73375,1.8,Front-Wheel Drive,Manual 5-spd
13565,Hyundai,Sonata,1997,4,Regular,18,25,20,444.35,16.4805,2,Front-Wheel Drive,Automatic 4-spd
13566,Hyundai,Sonata,1997,4,Regular,19,26,21,423.1904762,15.69571429,2,Front-Wheel Drive,Manual 5-spd
13567,Hyundai,Sonata,1997,6,Regular,16,22,18,493.7222222,18.31166667,3,Front-Wheel Drive,Automatic 4-spd
13661,Hyundai,Elantra Wagon,1997,4,Regular,19,28,22,403.9545455,14.98227273,1.8,Front-Wheel Drive,Automatic 4-spd
13662,Hyundai,Elantra Wagon,1997,4,Regular,21,29,24,370.2916667,13.73375,1.8,Front-Wheel Drive,Manual 5-spd
14097,Hyundai,Tiburon,1998,4,Regular,20,27,22,403.9545455,14.98227273,2,Front-Wheel Drive,Automatic 4-spd
14098,Hyundai,Tiburon,1998,4,Regular,20,28,23,386.3913043,14.33086957,2,Front-Wheel Drive,Manual 5-spd
14216,Hyundai,Accent,1998,4,Regular,23,32,26,341.8076923,12.67730769,1.5,Front-Wheel Drive,Automatic 4-spd
14217,Hyundai,Accent,1998,4,Regular,25,33,28,317.3928571,11.77178571,1.5,Front-Wheel Drive,Manual 5-spd
14218,Hyundai,Elantra,1998,4,Regular,20,27,22,403.9545455,14.98227273,1.8,Front-Wheel Drive,Automatic 4-spd
14219,Hyundai,Elantra,1998,4,Regular,21,29,24,370.2916667,13.73375,1.8,Front-Wheel Drive,Manual 5-spd
14318,Hyundai,Sonata,1998,4,Regular,18,25,20,444.35,16.4805,2,Front-Wheel Drive,Automatic 4-spd
14319,Hyundai,Sonata,1998,4,Regular,19,25,21,423.1904762,15.69571429,2,Front-Wheel Drive,Manual 5-spd
14320,Hyundai,Sonata,1998,6,Regular,15,22,18,493.7222222,18.31166667,3,Front-Wheel Drive,Automatic 4-spd
14417,Hyundai,Elantra Wagon,1998,4,Regular,19,27,22,403.9545455,14.98227273,1.8,Front-Wheel Drive,Automatic 4-spd
14418,Hyundai,Elantra Wagon,1998,4,Regular,21,28,24,370.2916667,13.73375,1.8,Front-Wheel Drive,Manual 5-spd
14877,Hyundai,Accent,1999,4,Regular,23,33,26,341.8076923,12.67730769,1.5,Front-Wheel Drive,Automatic 4-spd
14878,Hyundai,Accent,1999,4,Regular,24,34,28,317.3928571,11.77178571,1.5,Front-Wheel Drive,Manual 5-spd
14879,Hyundai,Tiburon,1999,4,Regular,20,27,22,403.9545455,14.98227273,2,Front-Wheel Drive,Automatic 4-spd
14880,Hyundai,Tiburon,1999,4,Regular,20,28,23,386.3913043,14.33086957,2,Front-Wheel Drive,Manual 5-spd
14990,Hyundai,Elantra,1999,4,Regular,19,28,22,403.9545455,14.98227273,2,Front-Wheel Drive,Automatic 4-spd
14991,Hyundai,Elantra,1999,4,Regular,21,30,24,370.2916667,13.73375,2,Front-Wheel Drive,Manual 5-spd
15107,Hyundai,Sonata,1999,4,Regular,18,26,21,423.1904762,15.69571429,2.4,Front-Wheel Drive,Automatic 4-spd
15108,Hyundai,Sonata,1999,4,Regular,19,27,22,403.9545455,14.98227273,2.4,Front-Wheel Drive,Manual 5-spd
15109,Hyundai,Sonata,1999,6,Regular,18,26,21,423.1904762,15.69571429,2.5,Front-Wheel Drive,Automatic 4-spd
15110,Hyundai,Sonata,1999,6,Regular,18,26,21,423.1904762,15.69571429,2.5,Front-Wheel Drive,Manual 5-spd
15215,Hyundai,Elantra Wagon,1999,4,Regular,19,27,22,403.9545455,14.98227273,2,Front-Wheel Drive,Automatic 4-spd
15216,Hyundai,Elantra Wagon,1999,4,Regular,21,29,24,370.2916667,13.73375,2,Front-Wheel Drive,Manual 5-spd
15681,Hyundai,Tiburon,2000,4,Regular,19,28,22,403.9545455,14.98227273,2,Front-Wheel Drive,Automatic 4-spd
15682,Hyundai,Tiburon,2000,4,Regular,21,29,24,370.2916667,13.73375,2,Front-Wheel Drive,Manual 5-spd
15791,Hyundai,Accent/Brio,2000,4,Regular,23,31,26,341.8076923,12.67730769,1.5,Front-Wheel Drive,Automatic 4-spd
15792,Hyundai,Accent/Brio,2000,4,Regular,24,33,28,317.3928571,11.77178571,1.5,Front-Wheel Drive,Manual 5-spd
15793,Hyundai,Elantra,2000,4,Regular,19,28,22,403.9545455,14.98227273,2,Front-Wheel Drive,Automatic 4-spd
15794,Hyundai,Elantra,2000,4,Regular,21,30,24,370.2916667,13.73375,2,Front-Wheel Drive,Manual 5-spd
15909,Hyundai,Sonata,2000,4,Regular,18,26,21,423.1904762,15.69571429,2.4,Front-Wheel Drive,Automatic 4-spd
15910,Hyundai,Sonata,2000,4,Regular,19,27,22,403.9545455,14.98227273,2.4,Front-Wheel Drive,Manual 5-spd
15911,Hyundai,Sonata,2000,6,Regular,18,25,20,444.35,16.4805,2.5,Front-Wheel Drive,Automatic 4-spd
15912,Hyundai,Sonata,2000,6,Regular,18,26,21,423.1904762,15.69571429,2.5,Front-Wheel Drive,Manual 5-spd
16023,Hyundai,Elantra Wagon,2000,4,Regular,19,27,22,403.9545455,14.98227273,2,Front-Wheel Drive,Automatic 4-spd
16024,Hyundai,Elantra Wagon,2000,4,Regular,21,29,24,370.2916667,13.73375,2,Front-Wheel Drive,Manual 5-spd
16517,Hyundai,Tiburon,2001,4,Regular,19,28,22,403.9545455,14.98227273,2,Front-Wheel Drive,Automatic 4-spd
16518,Hyundai,Tiburon,2001,4,Regular,21,29,24,370.2916667,13.73375,2,Front-Wheel Drive,Manual 5-spd
16637,Hyundai,Accent/Brio,2001,4,Regular,22,32,25,355.48,13.1844,1.5,Front-Wheel Drive,Automatic 4-spd
16638,Hyundai,Accent/Brio,2001,4,Regular,24,33,28,317.3928571,11.77178571,1.5,Front-Wheel Drive,Manual 5-spd
16639,Hyundai,Accent/Brio,2001,4,Regular,22,32,25,355.48,13.1844,1.6,Front-Wheel Drive,Automatic 4-spd
16640,Hyundai,Accent/Brio,2001,4,Regular,23,34,27,329.1481481,12.20777778,1.6,Front-Wheel Drive,Manual 5-spd
16641,Hyundai,Elantra,2001,4,Regular,21,30,25,355.48,13.1844,2,Front-Wheel Drive,Automatic 4-spd
16642,Hyundai,Elantra,2001,4,Regular,21,30,25,355.48,13.1844,2,Front-Wheel Drive,Manual 5-spd
16769,Hyundai,Sonata,2001,4,Regular,18,26,21,423.1904762,15.69571429,2.4,Front-Wheel Drive,Automatic 4-spd
16770,Hyundai,Sonata,2001,4,Regular,19,27,22,403.9545455,14.98227273,2.4,Front-Wheel Drive,Manual 5-spd
16771,Hyundai,Sonata,2001,6,Regular,18,25,20,444.35,16.4805,2.5,Front-Wheel Drive,Automatic 4-spd
16772,Hyundai,Sonata,2001,6,Regular,18,26,21,423.1904762,15.69571429,2.5,Front-Wheel Drive,Manual 5-spd
16773,Hyundai,XG300,2001,6,Regular,17,25,20,444.35,16.4805,3,Front-Wheel Drive,Automatic 5-spd
17138,Hyundai,Santa Fe 2WD,2001,4,Regular,18,25,20,444.35,16.4805,2.4,Front-Wheel Drive,Automatic 4-spd
17139,Hyundai,Santa Fe 2WD,2001,4,Regular,19,26,21,423.1904762,15.69571429,2.4,Front-Wheel Drive,Manual 5-spd
17140,Hyundai,Santa Fe 2WD,2001,6,Regular,17,24,20,444.35,16.4805,2.7,Front-Wheel Drive,Automatic 4-spd
17234,Hyundai,Santa Fe 4WD,2001,6,Regular,17,21,18,493.7222222,18.31166667,2.7,4-Wheel or All-Wheel Drive,Automatic 4-spd
17428,Hyundai,Tiburon,2002,4,Regular,20,27,23,386.3913043,14.33086957,2,Front-Wheel Drive,Automatic 4-spd
17429,Hyundai,Tiburon,2002,4,Regular,20,28,23,386.3913043,14.33086957,2,Front-Wheel Drive,Manual 5-spd
17430,Hyundai,Tiburon,2002,6,Regular,17,24,20,444.35,16.4805,2.7,Front-Wheel Drive,Automatic 4-spd
17431,Hyundai,Tiburon,2002,6,Regular,16,24,19,467.7368421,17.34789474,2.7,Front-Wheel Drive,Manual 6-spd
17557,Hyundai,Accent/Brio,2002,4,Regular,22,32,25,355.48,13.1844,1.5,Front-Wheel Drive,Automatic 4-spd
17558,Hyundai,Accent/Brio,2002,4,Regular,24,33,28,317.3928571,11.77178571,1.5,Front-Wheel Drive,Manual 5-spd
17559,Hyundai,Accent/Brio,2002,4,Regular,22,32,25,355.48,13.1844,1.6,Front-Wheel Drive,Automatic 4-spd
17560,Hyundai,Accent/Brio,2002,4,Regular,23,34,27,329.1481481,12.20777778,1.6,Front-Wheel Drive,Manual 5-spd
17561,Hyundai,Elantra,2002,4,Regular,21,30,25,355.48,13.1844,2,Front-Wheel Drive,Automatic 4-spd
17562,Hyundai,Elantra,2002,4,Regular,21,30,25,355.48,13.1844,2,Front-Wheel Drive,Manual 5-spd
17696,Hyundai,Sonata,2002,4,Regular,19,27,22,403.9545455,14.98227273,2.4,Front-Wheel Drive,Automatic 4-spd
17697,Hyundai,Sonata,2002,4,Regular,20,28,23,386.3913043,14.33086957,2.4,Front-Wheel Drive,Manual 5-spd
17698,Hyundai,Sonata,2002,6,Regular,18,25,20,444.35,16.4805,2.7,Front-Wheel Drive,Automatic 4-spd
17699,Hyundai,Sonata,2002,6,Regular,18,25,20,444.35,16.4805,2.7,Front-Wheel Drive,Manual 5-spd
17700,Hyundai,XG350,2002,6,Regular,16,24,19,467.7368421,17.34789474,3.5,Front-Wheel Drive,Automatic 5-spd
18082,Hyundai,Santa Fe 2WD,2002,4,Regular,17,24,20,444.35,16.4805,2.4,Front-Wheel Drive,Automatic 4-spd
18083,Hyundai,Santa Fe 2WD,2002,4,Regular,18,25,20,444.35,16.4805,2.4,Front-Wheel Drive,Manual 5-spd
18084,Hyundai,Santa Fe 2WD,2002,6,Regular,17,23,19,467.7368421,17.34789474,2.7,Front-Wheel Drive,Automatic 4-spd
18188,Hyundai,Santa Fe 4WD,2002,6,Regular,16,21,18,493.7222222,18.31166667,2.7,4-Wheel or All-Wheel Drive,Automatic 4-spd
1839,Hyundai,Pony Excel,1986,4,Regular,23,26,24,370.2916667,13.73375,1.5,Front-Wheel Drive,Automatic 3-spd
1840,Hyundai,Pony Excel,1986,4,Regular,24,28,26,341.8076923,12.67730769,1.5,Front-Wheel Drive,Manual 4-spd
1841,Hyundai,Pony Excel,1986,4,Regular,25,31,27,329.1481481,12.20777778,1.5,Front-Wheel Drive,Manual 5-spd
18414,Hyundai,Tiburon,2003,4,Regular,20,27,23,386.3913043,14.33086957,2,Front-Wheel Drive,Automatic 4-spd
18415,Hyundai,Tiburon,2003,4,Regular,20,28,23,386.3913043,14.33086957,2,Front-Wheel Drive,Manual 5-spd
18416,Hyundai,Tiburon,2003,4,Regular,19,27,22,403.9545455,14.98227273,2,Front-Wheel Drive,Manual 6-spd
18417,Hyundai,Tiburon,2003,6,Regular,17,24,20,444.35,16.4805,2.7,Front-Wheel Drive,Automatic 4-spd
18418,Hyundai,Tiburon,2003,6,Regular,17,24,20,444.35,16.4805,2.7,Front-Wheel Drive,Manual 5-spd
18419,Hyundai,Tiburon,2003,6,Regular,16,24,19,467.7368421,17.34789474,2.7,Front-Wheel Drive,Manual 6-spd
18527,Hyundai,Accent/Brio,2003,4,Regular,23,32,26,341.8076923,12.67730769,1.5,Front-Wheel Drive,Automatic 4-spd
18528,Hyundai,Accent/Brio,2003,4,Regular,24,33,28,317.3928571,11.77178571,1.5,Front-Wheel Drive,Manual 5-spd
18529,Hyundai,Accent/Brio,2003,4,Regular,23,32,26,341.8076923,12.67730769,1.6,Front-Wheel Drive,Automatic 4-spd
18530,Hyundai,Accent/Brio,2003,4,Regular,25,30,27,329.1481481,12.20777778,1.6,Front-Wheel Drive,Manual 5-spd
18531,Hyundai,Elantra,2003,4,Regular,22,30,25,355.48,13.1844,2,Front-Wheel Drive,Automatic 4-spd
18532,Hyundai,Elantra,2003,4,Regular,21,30,25,355.48,13.1844,2,Front-Wheel Drive,Automatic 4-spd
18533,Hyundai,Elantra,2003,4,Regular,21,30,25,355.48,13.1844,2,Front-Wheel Drive,Manual 5-spd
18659,Hyundai,Sonata,2003,4,Regular,19,28,22,403.9545455,14.98227273,2.4,Front-Wheel Drive,Automatic 4-spd
18660,Hyundai,Sonata,2003,4,Regular,20,28,23,386.3913043,14.33086957,2.4,Front-Wheel Drive,Manual 5-spd
18661,Hyundai,Sonata,2003,6,Regular,17,25,20,444.35,16.4805,2.7,Front-Wheel Drive,Automatic 4-spd
18662,Hyundai,Sonata,2003,6,Regular,18,25,20,444.35,16.4805,2.7,Front-Wheel Drive,Manual 5-spd
18663,Hyundai,XG350,2003,6,Regular,15,24,18,493.7222222,18.31166667,3.5,Front-Wheel Drive,Automatic 5-spd
19059,Hyundai,Santa Fe 2WD,2003,4,Regular,18,25,20,444.35,16.4805,2.4,Front-Wheel Drive,Automatic 4-spd
19060,Hyundai,Santa Fe 2WD,2003,4,Regular,18,25,20,444.35,16.4805,2.4,Front-Wheel Drive,Manual 5-spd
19061,Hyundai,Santa Fe 2WD,2003,6,Regular,18,24,20,444.35,16.4805,2.7,Front-Wheel Drive,Automatic 4-spd
19062,Hyundai,Santa Fe 2WD,2003,6,Regular,15,20,17,522.7647059,19.38882353,3.5,Front-Wheel Drive,Automatic 5-spd
19175,Hyundai,Santa Fe 4WD,2003,6,Regular,16,22,18,493.7222222,18.31166667,2.7,4-Wheel or All-Wheel Drive,Automatic 4-spd
19176,Hyundai,Santa Fe 4WD,2003,6,Regular,15,19,17,522.7647059,19.38882353,3.5,4-Wheel or All-Wheel Drive,Automatic 5-spd
19476,Hyundai,Tiburon,2004,4,Regular,20,27,22,403.9545455,14.98227273,2,Front-Wheel Drive,Automatic 4-spd
19477,Hyundai,Tiburon,2004,4,Regular,21,28,23,386.3913043,14.33086957,2,Front-Wheel Drive,Manual 5-spd
19478,Hyundai,Tiburon,2004,6,Regular,17,24,20,444.35,16.4805,2.7,Front-Wheel Drive,Automatic 4-spd
19479,Hyundai,Tiburon,2004,6,Regular,17,24,20,444.35,16.4805,2.7,Front-Wheel Drive,Manual 5-spd
19480,Hyundai,Tiburon,2004,6,Regular,16,24,19,467.7368421,17.34789474,2.7,Front-Wheel Drive,Manual 6-spd
19592,Hyundai,Accent/Brio,2004,4,Regular,23,32,26,341.8076923,12.67730769,1.5,Front-Wheel Drive,Automatic 4-spd
19593,Hyundai,Accent/Brio,2004,4,Regular,24,33,28,317.3928571,11.77178571,1.5,Front-Wheel Drive,Manual 5-spd
19594,Hyundai,Accent/Brio,2004,4,Regular,23,32,26,341.8076923,12.67730769,1.6,Front-Wheel Drive,Automatic 4-spd
19595,Hyundai,Accent/Brio,2004,4,Regular,25,30,27,329.1481481,12.20777778,1.6,Front-Wheel Drive,Manual 5-spd
19596,Hyundai,Elantra,2004,4,Regular,21,29,24,370.2916667,13.73375,2,Front-Wheel Drive,Automatic 4-spd
19597,Hyundai,Elantra,2004,4,Regular,23,31,26,341.8076923,12.67730769,2,Front-Wheel Drive,Manual 5-spd
19751,Hyundai,Elantra Hatchback,2004,4,Regular,24,31,26,341.8076923,12.67730769,2,Front-Wheel Drive,Manual 5-spd
19752,Hyundai,Sonata,2004,4,Regular,19,28,22,403.9545455,14.98227273,2.4,Front-Wheel Drive,Automatic 4-spd
19753,Hyundai,Sonata,2004,4,Regular,20,28,23,386.3913043,14.33086957,2.4,Front-Wheel Drive,Manual 5-spd
19754,Hyundai,Sonata,2004,6,Regular,17,25,20,444.35,16.4805,2.7,Front-Wheel Drive,Automatic 4-spd
19755,Hyundai,Sonata,2004,6,Regular,18,25,20,444.35,16.4805,2.7,Front-Wheel Drive,Manual 5-spd
19756,Hyundai,XG350,2004,6,Regular,15,24,18,493.7222222,18.31166667,3.5,Front-Wheel Drive,Automatic 5-spd
20186,Hyundai,Santa Fe 2WD,2004,4,Regular,18,25,20,444.35,16.4805,2.4,Front-Wheel Drive,Automatic 4-spd
20187,Hyundai,Santa Fe 2WD,2004,4,Regular,18,25,20,444.35,16.4805,2.4,Front-Wheel Drive,Manual 5-spd
20188,Hyundai,Santa Fe 2WD,2004,6,Regular,18,24,20,444.35,16.4805,2.7,Front-Wheel Drive,Automatic 4-spd
20189,Hyundai,Santa Fe 2WD,2004,6,Regular,15,20,17,522.7647059,19.38882353,3.5,Front-Wheel Drive,Automatic 5-spd
20300,Hyundai,Santa Fe 4WD,2004,6,Regular,16,22,18,493.7222222,18.31166667,2.7,4-Wheel or All-Wheel Drive,Automatic 4-spd
20301,Hyundai,Santa Fe 4WD,2004,6,Regular,15,19,17,522.7647059,19.38882353,3.5,4-Wheel or All-Wheel Drive,Automatic 5-spd
20612,Hyundai,Tiburon,2005,4,Regular,19,27,22,403.9545455,14.98227273,2,Front-Wheel Drive,Automatic 4-spd
20613,Hyundai,Tiburon,2005,4,Regular,21,28,23,386.3913043,14.33086957,2,Front-Wheel Drive,Manual 5-spd
20614,Hyundai,Tiburon,2005,6,Regular,17,24,19,467.7368421,17.34789474,2.7,Front-Wheel Drive,Automatic 4-spd
20615,Hyundai,Tiburon,2005,6,Regular,17,24,20,444.35,16.4805,2.7,Front-Wheel Drive,Manual 5-spd
20616,Hyundai,Tiburon,2005,6,Regular,16,24,19,467.7368421,17.34789474,2.7,Front-Wheel Drive,Manual 6-spd
20716,Hyundai,Accent/Brio,2005,4,Regular,23,32,26,341.8076923,12.67730769,1.5,Front-Wheel Drive,Automatic 4-spd
20717,Hyundai,Accent/Brio,2005,4,Regular,24,33,28,317.3928571,11.77178571,1.5,Front-Wheel Drive,Manual 5-spd
20718,Hyundai,Accent/Brio,2005,4,Regular,23,32,26,341.8076923,12.67730769,1.6,Front-Wheel Drive,Automatic 4-spd
20719,Hyundai,Accent/Brio,2005,4,Regular,25,30,27,329.1481481,12.20777778,1.6,Front-Wheel Drive,Manual 5-spd
20871,Hyundai,Elantra,2005,4,Regular,21,29,24,370.2916667,13.73375,2,Front-Wheel Drive,Automatic 4-spd
20872,Hyundai,Elantra,2005,4,Regular,23,31,26,341.8076923,12.67730769,2,Front-Wheel Drive,Manual 5-spd
20873,Hyundai,Sonata,2005,4,Regular,19,27,22,403.9545455,14.98227273,2.4,Front-Wheel Drive,Automatic 4-spd
20874,Hyundai,Sonata,2005,4,Regular,20,28,23,386.3913043,14.33086957,2.4,Front-Wheel Drive,Manual 5-spd
20875,Hyundai,Sonata,2005,6,Regular,17,25,20,444.35,16.4805,2.7,Front-Wheel Drive,Automatic 4-spd
20876,Hyundai,Sonata,2005,6,Regular,18,25,20,444.35,16.4805,2.7,Front-Wheel Drive,Manual 5-spd
20877,Hyundai,XG350,2005,6,Regular,16,24,19,467.7368421,17.34789474,3.5,Front-Wheel Drive,Automatic 5-spd
21299,Hyundai,Santa Fe 2WD,2005,4,Regular,18,24,20,444.35,16.4805,2.4,Front-Wheel Drive,Automatic 4-spd
21300,Hyundai,Santa Fe 2WD,2005,4,Regular,18,25,20,444.35,16.4805,2.4,Front-Wheel Drive,Manual 5-spd
21301,Hyundai,Santa Fe 2WD,2005,6,Regular,17,23,19,467.7368421,17.34789474,2.7,Front-Wheel Drive,Automatic 4-spd
21302,Hyundai,Santa Fe 2WD,2005,6,Regular,16,22,18,493.7222222,18.31166667,3.5,Front-Wheel Drive,Automatic 5-spd
21303,Hyundai,Tucson 2WD,2005,4,Regular,19,25,22,403.9545455,14.98227273,2,Front-Wheel Drive,Automatic 4-spd
21304,Hyundai,Tucson 2WD,2005,4,Regular,20,25,22,403.9545455,14.98227273,2,Front-Wheel Drive,Manual 5-spd
21305,Hyundai,Tucson 2WD,2005,6,Regular,18,24,20,444.35,16.4805,2.7,Front-Wheel Drive,Automatic 4-spd
21408,Hyundai,Santa Fe 4WD,2005,6,Regular,16,21,18,493.7222222,18.31166667,2.7,4-Wheel or All-Wheel Drive,Automatic 4-spd
21409,Hyundai,Santa Fe 4WD,2005,6,Regular,15,21,17,522.7647059,19.38882353,3.5,4-Wheel or All-Wheel Drive,Automatic 5-spd
21410,Hyundai,Tucson 4WD,2005,4,Regular,19,24,21,423.1904762,15.69571429,2,4-Wheel or All-Wheel Drive,Manual 5-spd
21411,Hyundai,Tucson 4WD,2005,6,Regular,17,23,19,467.7368421,17.34789474,2.7,4-Wheel or All-Wheel Drive,Automatic 4-spd
21738,Hyundai,Tiburon,2006,4,Regular,19,27,22,403.9545455,14.98227273,2,Front-Wheel Drive,Automatic 4-spd
21739,Hyundai,Tiburon,2006,4,Regular,21,28,23,386.3913043,14.33086957,2,Front-Wheel Drive,Manual 5-spd
21740,Hyundai,Tiburon,2006,6,Regular,17,24,19,467.7368421,17.34789474,2.7,Front-Wheel Drive,Automatic 4-spd
21741,Hyundai,Tiburon,2006,6,Regular,17,24,20,444.35,16.4805,2.7,Front-Wheel Drive,Manual 5-spd
21742,Hyundai,Tiburon,2006,6,Regular,16,24,19,467.7368421,17.34789474,2.7,Front-Wheel Drive,Manual 6-spd
21810,Hyundai,Accent,2006,4,Regular,25,33,28,317.3928571,11.77178571,1.6,Front-Wheel Drive,Automatic 4-spd
21811,Hyundai,Accent,2006,4,Regular,27,32,29,306.4482759,11.36586207,1.6,Front-Wheel Drive,Manual 5-spd
21964,Hyundai,Elantra,2006,4,Regular,21,29,24,370.2916667,13.73375,2,Front-Wheel Drive,Automatic 4-spd
21965,Hyundai,Elantra,2006,4,Regular,23,31,26,341.8076923,12.67730769,2,Front-Wheel Drive,Manual 5-spd
22057,Hyundai,Azera,2006,6,Regular,17,26,20,444.35,16.4805,3.8,Front-Wheel Drive,Automatic 5-spd
22058,Hyundai,Sonata,2006,4,Regular,21,30,24,370.2916667,13.73375,2.4,Front-Wheel Drive,Automatic 4-spd
22059,Hyundai,Sonata,2006,4,Regular,21,31,25,355.48,13.1844,2.4,Front-Wheel Drive,Manual 5-spd
22060,Hyundai,Sonata,2006,6,Regular,18,27,21,423.1904762,15.69571429,3.3,Front-Wheel Drive,Automatic 5-spd
22405,Hyundai,Santa Fe 2WD,2006,4,Regular,18,24,20,444.35,16.4805,2.4,Front-Wheel Drive,Automatic 4-spd
22406,Hyundai,Santa Fe 2WD,2006,4,Regular,18,25,20,444.35,16.4805,2.4,Front-Wheel Drive,Manual 5-spd
22407,Hyundai,Santa Fe 2WD,2006,6,Regular,17,23,19,467.7368421,17.34789474,2.7,Front-Wheel Drive,Automatic 4-spd
22408,Hyundai,Santa Fe 2WD,2006,6,Regular,16,22,18,493.7222222,18.31166667,3.5,Front-Wheel Drive,Automatic 5-spd
22409,Hyundai,Tucson 2WD,2006,4,Regular,19,25,22,403.9545455,14.98227273,2,Front-Wheel Drive,Automatic 4-spd
22410,Hyundai,Tucson 2WD,2006,4,Regular,20,25,22,403.9545455,14.98227273,2,Front-Wheel Drive,Manual 5-spd
22411,Hyundai,Tucson 2WD,2006,6,Regular,18,24,20,444.35,16.4805,2.7,Front-Wheel Drive,Automatic 4-spd
22515,Hyundai,Santa Fe 4WD,2006,6,Regular,16,21,18,493.7222222,18.31166667,2.7,4-Wheel or All-Wheel Drive,Automatic 4-spd
22516,Hyundai,Santa Fe 4WD,2006,6,Regular,15,21,17,522.7647059,19.38882353,3.5,4-Wheel or All-Wheel Drive,Automatic 5-spd
22517,Hyundai,Tucson 4WD,2006,4,Regular,19,24,21,423.1904762,15.69571429,2,4-Wheel or All-Wheel Drive,Manual 5-spd
22518,Hyundai,Tucson 4WD,2006,6,Regular,17,23,19,467.7368421,17.34789474,2.7,4-Wheel or All-Wheel Drive,Automatic 4-spd
22760,Hyundai,Accent,2007,4,Regular,24,33,28,317.3928571,11.77178571,1.6,Front-Wheel Drive,Automatic 4-spd
22761,Hyundai,Accent,2007,4,Regular,27,32,29,306.4482759,11.36586207,1.6,Front-Wheel Drive,Manual 5-spd
22843,Hyundai,Sonata,2007,4,Regular,21,30,24,370.2916667,13.73375,2.4,Front-Wheel Drive,Automatic 4-spd
22844,Hyundai,Sonata,2007,4,Regular,21,31,25,355.48,13.1844,2.4,Front-Wheel Drive,Manual 5-spd
22845,Hyundai,Sonata,2007,6,Regular,18,27,21,423.1904762,15.69571429,3.3,Front-Wheel Drive,Automatic 5-spd
22965,Hyundai,Santa Fe 2WD,2007,6,Regular,18,24,21,423.1904762,15.69571429,2.7,Front-Wheel Drive,Automatic 4-spd
22966,Hyundai,Santa Fe 2WD,2007,6,Regular,18,23,20,444.35,16.4805,2.7,Front-Wheel Drive,Manual 5-spd
22967,Hyundai,Santa Fe 2WD,2007,6,Regular,17,23,19,467.7368421,17.34789474,3.3,Front-Wheel Drive,Automatic 5-spd
23005,Hyundai,Santa Fe 4WD,2007,6,Regular,17,23,19,467.7368421,17.34789474,2.7,4-Wheel or All-Wheel Drive,Automatic 4-spd
23006,Hyundai,Santa Fe 4WD,2007,6,Regular,17,23,19,467.7368421,17.34789474,2.7,4-Wheel or All-Wheel Drive,Manual 5-spd
23007,Hyundai,Santa Fe 4WD,2007,6,Regular,17,24,19,467.7368421,17.34789474,3.3,4-Wheel or All-Wheel Drive,Automatic 5-spd
23293,Hyundai,Azera,2007,6,Regular,17,26,20,444.35,16.4805,3.8,Front-Wheel Drive,Automatic 5-spd
23382,Hyundai,Entourage,2007,6,Regular,16,23,18,493.7222222,18.31166667,3.8,Front-Wheel Drive,Automatic 5-spd
23572,Hyundai,Elantra,2007,4,Regular,25,33,28,317.3928571,11.77178571,2,Front-Wheel Drive,Automatic 4-spd
23573,Hyundai,Elantra,2007,4,Regular,24,33,27,329.1481481,12.20777778,2,Front-Wheel Drive,Manual 5-spd
23733,Hyundai,Tucson 2WD,2007,4,Regular,19,25,22,403.9545455,14.98227273,2,Front-Wheel Drive,Automatic 4-spd
23734,Hyundai,Tucson 2WD,2007,4,Regular,20,25,22,403.9545455,14.98227273,2,Front-Wheel Drive,Manual 5-spd
23735,Hyundai,Tucson 2WD,2007,6,Regular,18,24,20,444.35,16.4805,2.7,Front-Wheel Drive,Automatic 4-spd
23795,Hyundai,Tucson 4WD,2007,4,Regular,19,24,21,423.1904762,15.69571429,2,4-Wheel or All-Wheel Drive,Manual 5-spd
23796,Hyundai,Tucson 4WD,2007,6,Regular,17,23,19,467.7368421,17.34789474,2.7,4-Wheel or All-Wheel Drive,Automatic 4-spd
23867,Hyundai,Tiburon,2007,4,Regular,20,27,22,403.9545455,14.98227273,2,Front-Wheel Drive,Automatic 4-spd
23868,Hyundai,Tiburon,2007,4,Regular,20,28,23,386.3913043,14.33086957,2,Front-Wheel Drive,Manual 5-spd
23869,Hyundai,Tiburon,2007,6,Regular,17,24,19,467.7368421,17.34789474,2.7,Front-Wheel Drive,Automatic 4-spd
23870,Hyundai,Tiburon,2007,6,Regular,17,24,20,444.35,16.4805,2.7,Front-Wheel Drive,Manual 5-spd
23871,Hyundai,Tiburon,2007,6,Regular,16,24,19,467.7368421,17.34789474,2.7,Front-Wheel Drive,Manual 6-spd
23941,Hyundai,Veracruz 2WD,2007,6,Regular,16,23,18,493.7222222,18.31166667,3.8,Front-Wheel Drive,Automatic 6-spd
23944,Hyundai,Veracruz 4WD,2007,6,Regular,15,22,18,493.7222222,18.31166667,3.8,4-Wheel or All-Wheel Drive,Automatic 6-spd
23974,Hyundai,Santa Fe 2WD,2007,6,Regular,17,24,20,444.35,16.4805,3.3,Front-Wheel Drive,Automatic 5-spd
24056,Hyundai,Sonata,2008,4,Regular,21,30,24,370.2916667,13.73375,2.4,Front-Wheel Drive,Automatic 4-spd
24057,Hyundai,Sonata,2008,4,Regular,21,31,25,355.48,13.1844,2.4,Front-Wheel Drive,Manual 5-spd
24058,Hyundai,Sonata,2008,6,Regular,19,28,22,403.9545455,14.98227273,3.3,Front-Wheel Drive,Automatic 5-spd
24830,Hyundai,Accent,2008,4,Regular,24,33,28,317.3928571,11.77178571,1.6,Front-Wheel Drive,Automatic 4-spd
24831,Hyundai,Accent,2008,4,Regular,27,32,29,306.4482759,11.36586207,1.6,Front-Wheel Drive,Manual 5-spd
24852,Hyundai,Elantra,2008,4,Regular,25,33,28,317.3928571,11.77178571,2,Front-Wheel Drive,Automatic 4-spd
24853,Hyundai,Elantra,2008,4,Regular,24,33,27,329.1481481,12.20777778,2,Front-Wheel Drive,Manual 5-spd
24903,Hyundai,Azera,2008,6,Regular,18,26,21,423.1904762,15.69571429,3.3,Front-Wheel Drive,Automatic 5-spd
24904,Hyundai,Azera,2008,6,Regular,17,26,20,444.35,16.4805,3.8,Front-Wheel Drive,Automatic 5-spd
24969,Hyundai,Entourage,2008,6,Regular,16,23,18,493.7222222,18.31166667,3.8,Front-Wheel Drive,Automatic 5-spd
24982,Hyundai,Santa Fe 2WD,2008,6,Regular,18,24,20,444.35,16.4805,2.7,Front-Wheel Drive,Automatic 4-spd
24983,Hyundai,Santa Fe 2WD,2008,6,Regular,17,24,20,444.35,16.4805,2.7,Front-Wheel Drive,Manual 5-spd
24984,Hyundai,Santa Fe 2WD,2008,6,Regular,17,24,20,444.35,16.4805,3.3,Front-Wheel Drive,Automatic 5-spd
24985,Hyundai,Tucson 2WD,2008,4,Regular,19,25,22,403.9545455,14.98227273,2,Front-Wheel Drive,Automatic 4-spd
24986,Hyundai,Tucson 2WD,2008,4,Regular,20,25,22,403.9545455,14.98227273,2,Front-Wheel Drive,Manual 5-spd
24987,Hyundai,Tucson 2WD,2008,6,Regular,18,24,20,444.35,16.4805,2.7,Front-Wheel Drive,Automatic 4-spd
24988,Hyundai,Veracruz 2WD,2008,6,Regular,16,23,18,493.7222222,18.31166667,3.8,Front-Wheel Drive,Automatic 6-spd
25024,Hyundai,Santa Fe 4WD,2008,6,Regular,17,23,19,467.7368421,17.34789474,2.7,4-Wheel or All-Wheel Drive,Automatic 4-spd
25025,Hyundai,Santa Fe 4WD,2008,6,Regular,17,23,19,467.7368421,17.34789474,2.7,4-Wheel or All-Wheel Drive,Manual 5-spd
25026,Hyundai,Santa Fe 4WD,2008,6,Regular,17,24,19,467.7368421,17.34789474,3.3,4-Wheel or All-Wheel Drive,Automatic 5-spd
25027,Hyundai,Tucson 4WD,2008,4,Regular,19,24,21,423.1904762,15.69571429,2,4-Wheel or All-Wheel Drive,Manual 5-spd
25028,Hyundai,Tucson 4WD,2008,6,Regular,17,23,19,467.7368421,17.34789474,2.7,4-Wheel or All-Wheel Drive,Automatic 4-spd
25029,Hyundai,Veracruz 4WD,2008,6,Regular,15,22,18,493.7222222,18.31166667,3.8,4-Wheel or All-Wheel Drive,Automatic 6-spd
25086,Hyundai,Tiburon,2008,4,Regular,20,27,22,403.9545455,14.98227273,2,Front-Wheel Drive,Automatic 4-spd
25087,Hyundai,Tiburon,2008,4,Regular,20,28,23,386.3913043,14.33086957,2,Front-Wheel Drive,Manual 5-spd
25088,Hyundai,Tiburon,2008,6,Regular,17,24,20,444.35,16.4805,2.7,Front-Wheel Drive,Automatic 4-spd
25089,Hyundai,Tiburon,2008,6,Regular,17,24,20,444.35,16.4805,2.7,Front-Wheel Drive,Manual 5-spd
25090,Hyundai,Tiburon,2008,6,Regular,16,24,19,467.7368421,17.34789474,2.7,Front-Wheel Drive,Manual 6-spd
25282,Hyundai,Azera,2009,6,Regular,17,26,20,444.35,16.4805,3.8,Front-Wheel Drive,Automatic 5-spd
25283,Hyundai,Azera,2009,6,Regular,18,26,21,423.1904762,15.69571429,3.3,Front-Wheel Drive,Automatic 5-spd
25284,Hyundai,Genesis,2009,6,Regular,18,27,21,423.1904762,15.69571429,3.8,Rear-Wheel Drive,Automatic 6-spd
25285,Hyundai,Genesis,2009,8,Premium,17,25,19,467.7368421,17.34789474,4.6,Rear-Wheel Drive,Automatic 6-spd
25286,Hyundai,Sonata,2009,6,Regular,19,29,22,403.9545455,14.98227273,3.3,Front-Wheel Drive,Automatic 5-spd
25287,Hyundai,Sonata,2009,4,Regular,22,32,25,355.48,13.1844,2.4,Front-Wheel Drive,Automatic 5-spd
25288,Hyundai,Sonata,2009,4,Regular,21,32,25,355.48,13.1844,2.4,Front-Wheel Drive,Manual 5-spd
25322,Hyundai,Entourage,2009,6,Regular,16,23,18,493.7222222,18.31166667,3.8,Front-Wheel Drive,Automatic 5-spd
25326,Hyundai,Tucson 2WD,2009,6,Regular,18,24,20,444.35,16.4805,2.7,Front-Wheel Drive,Automatic 4-spd
25327,Hyundai,Tucson 2WD,2009,4,Regular,20,25,22,403.9545455,14.98227273,2,Front-Wheel Drive,Automatic 4-spd
25328,Hyundai,Tucson 2WD,2009,4,Regular,20,26,22,403.9545455,14.98227273,2,Front-Wheel Drive,Manual 5-spd
25347,Hyundai,Tucson 4WD,2009,6,Regular,18,23,20,444.35,16.4805,2.7,4-Wheel or All-Wheel Drive,Automatic 4-spd
25348,Hyundai,Tucson 4WD,2009,4,Regular,19,24,21,423.1904762,15.69571429,2,4-Wheel or All-Wheel Drive,Manual 5-spd
25434,Hyundai,Accent,2009,4,Regular,27,33,29,306.4482759,11.36586207,1.6,Front-Wheel Drive,Manual 5-spd
25435,Hyundai,Accent,2009,4,Regular,26,35,29,306.4482759,11.36586207,1.6,Front-Wheel Drive,Automatic 4-spd
25491,Hyundai,Elantra,2009,4,Regular,24,33,27,329.1481481,12.20777778,2,Front-Wheel Drive,Manual 5-spd
25492,Hyundai,Elantra,2009,4,Regular,25,33,28,317.3928571,11.77178571,2,Front-Wheel Drive,Automatic 4-spd
25533,Hyundai,Elantra Touring,2009,4,Regular,23,31,26,341.8076923,12.67730769,2,Front-Wheel Drive,Manual 5-spd
25534,Hyundai,Elantra Touring,2009,4,Regular,23,30,26,341.8076923,12.67730769,2,Front-Wheel Drive,Automatic 4-spd
25631,Hyundai,Santa Fe 2WD,2009,6,Regular,17,24,20,444.35,16.4805,2.7,Front-Wheel Drive,Manual 5-spd
25632,Hyundai,Santa Fe 2WD,2009,6,Regular,18,24,20,444.35,16.4805,2.7,Front-Wheel Drive,Automatic 4-spd
25633,Hyundai,Santa Fe 2WD,2009,6,Regular,17,24,20,444.35,16.4805,3.3,Front-Wheel Drive,Automatic 5-spd
25634,Hyundai,Veracruz 2WD,2009,6,Regular,16,23,18,493.7222222,18.31166667,3.8,Front-Wheel Drive,Automatic 6-spd
25680,Hyundai,Santa Fe 4WD,2009,6,Regular,17,23,19,467.7368421,17.34789474,2.7,4-Wheel or All-Wheel Drive,Manual 5-spd
25681,Hyundai,Santa Fe 4WD,2009,6,Regular,17,23,19,467.7368421,17.34789474,2.7,4-Wheel or All-Wheel Drive,Automatic 4-spd
25682,Hyundai,Santa Fe 4WD,2009,6,Regular,17,24,19,467.7368421,17.34789474,3.3,4-Wheel or All-Wheel Drive,Automatic 5-spd
25683,Hyundai,Veracruz 4WD,2009,6,Regular,15,22,18,493.7222222,18.31166667,3.8,4-Wheel or All-Wheel Drive,Automatic 6-spd
26353,Hyundai,Genesis Coupe,2010,4,Regular,20,30,23,386.3913043,14.33086957,2,Rear-Wheel Drive,Automatic 5-spd
26354,Hyundai,Genesis Coupe,2010,4,Regular,21,30,24,370.2916667,13.73375,2,Rear-Wheel Drive,Manual 6-spd
26355,Hyundai,Genesis Coupe,2010,6,Regular,17,27,21,423.1904762,15.69571429,3.8,Rear-Wheel Drive,Automatic 6-spd
26356,Hyundai,Genesis Coupe,2010,6,Regular,17,26,20,444.35,16.4805,3.8,Rear-Wheel Drive,Manual 6-spd
26431,Hyundai,Sonata,2010,4,Regular,22,32,25,355.48,13.1844,2.4,Front-Wheel Drive,Automatic 5-spd
26432,Hyundai,Sonata,2010,4,Regular,21,32,25,355.48,13.1844,2.4,Front-Wheel Drive,Manual 5-spd
26433,Hyundai,Sonata,2010,6,Regular,19,29,22,403.9545455,14.98227273,3.3,Front-Wheel Drive,Automatic 5-spd
28672,Hyundai,Azera,2010,6,Regular,18,26,21,423.1904762,15.69571429,3.3,Front-Wheel Drive,Automatic 5-spd
28673,Hyundai,Azera,2010,6,Regular,17,26,20,444.35,16.4805,3.8,Front-Wheel Drive,Automatic 5-spd
28674,Hyundai,Genesis,2010,8,Premium,17,25,19,467.7368421,17.34789474,4.6,Rear-Wheel Drive,Automatic 6-spd
28675,Hyundai,Genesis,2010,6,Regular,18,27,21,423.1904762,15.69571429,3.8,Rear-Wheel Drive,Automatic 6-spd
28683,Hyundai,Elantra Touring,2010,4,Regular,23,31,26,341.8076923,12.67730769,2,Front-Wheel Drive,Manual 5-spd
28684,Hyundai,Elantra Touring,2010,4,Regular,23,30,26,341.8076923,12.67730769,2,Front-Wheel Drive,Automatic 4-spd
28757,Hyundai,Veracruz 2WD,2010,6,Regular,17,23,19,467.7368421,17.34789474,3.8,Front-Wheel Drive,Automatic 6-spd
28797,Hyundai,Veracruz 4WD,2010,6,Regular,16,22,18,493.7222222,18.31166667,3.8,4-Wheel Drive,Automatic 6-spd
29095,Hyundai,Sonata,1995,6,Regular,16,22,18,493.7222222,18.31166667,3,Front-Wheel Drive,Automatic 4-spd
29146,Hyundai,Elantra,1997,4,Regular,20,28,23,386.3913043,14.33086957,1.8,Front-Wheel Drive,Automatic 4-spd
29227,Hyundai,Elantra,2003,4,Regular,22,30,25,355.48,13.1844,2,Front-Wheel Drive,Automatic 4-spd
29244,Hyundai,Elantra,2006,4,Regular,21,29,24,370.2916667,13.73375,2,Front-Wheel Drive,Automatic 4-spd
29293,Hyundai,Accent,2010,4,Regular,27,36,30,296.2333333,10.987,1.6,Front-Wheel Drive,Automatic 4-spd
29294,Hyundai,Accent,2010,4,Regular,28,34,30,296.2333333,10.987,1.6,Front-Wheel Drive,Manual 5-spd
29362,Hyundai,Entourage,2010,6,Regular,17,23,19,467.7368421,17.34789474,3.8,Front-Wheel Drive,Automatic 5-spd
29501,Hyundai,Elantra,2010,4,Regular,26,34,29,306.4482759,11.36586207,2,Front-Wheel Drive,Automatic 4-spd
29502,Hyundai,Elantra Blue,2010,4,Regular,26,35,29,306.4482759,11.36586207,2,Front-Wheel Drive,Manual 5-spd
29631,Hyundai,Elantra,2010,4,Regular,25,34,29,306.4482759,11.36586207,2,Front-Wheel Drive,Manual 5-spd
29856,Hyundai,Accent Blue,2010,4,Regular,27,36,31,286.6774194,10.63258065,1.6,Front-Wheel Drive,Manual 5-spd
29878,Hyundai,Santa Fe 2WD,2010,4,Regular,19,26,22,403.9545455,14.98227273,2.4,Front-Wheel Drive,Manual 6-spd
29936,Hyundai,Santa Fe 2WD,2010,4,Regular,20,28,23,386.3913043,14.33086957,2.4,Front-Wheel Drive,Automatic 6-spd
29937,Hyundai,Santa Fe 2WD,2010,6,Regular,20,26,23,386.3913043,14.33086957,3.5,Front-Wheel Drive,Automatic 6-spd
29938,Hyundai,Tucson 2WD,2010,4,Regular,23,31,26,341.8076923,12.67730769,2.4,Front-Wheel Drive,Automatic 6-spd
29939,Hyundai,Tucson 2WD,2010,4,Regular,22,30,25,355.48,13.1844,2.4,Front-Wheel Drive,Manual 6-spd
29946,Hyundai,Santa Fe 4WD,2010,4,Regular,21,27,23,386.3913043,14.33086957,2.4,4-Wheel Drive,Automatic 6-spd
29947,Hyundai,Santa Fe 4WD,2010,6,Regular,20,26,22,403.9545455,14.98227273,3.5,4-Wheel Drive,Automatic 6-spd
29948,Hyundai,Tucson 4WD,2010,4,Regular,21,28,24,370.2916667,13.73375,2.4,4-Wheel Drive,Automatic 6-spd
29949,Hyundai,Tucson 4WD,2010,4,Regular,21,28,24,370.2916667,13.73375,2.4,4-Wheel Drive,Manual 6-spd
30102,Hyundai,Azera,2011,6,Regular,20,27,22,403.9545455,14.98227273,3.3,Front-Wheel Drive,Automatic 6-spd
30103,Hyundai,Azera,2011,6,Regular,19,27,22,403.9545455,14.98227273,3.8,Front-Wheel Drive,Automatic 6-spd
30104,Hyundai,Sonata,2011,4,Regular,24,34,27,329.1481481,12.20777778,2.4,Front-Wheel Drive,Manual 6-spd
30105,Hyundai,Sonata,2011,4,Regular,22,34,26,341.8076923,12.67730769,2.4,Front-Wheel Drive,Automatic 6-spd
30117,Hyundai,Elantra Touring,2011,4,Regular,23,30,26,341.8076923,12.67730769,2,Front-Wheel Drive,Automatic 4-spd
30118,Hyundai,Elantra Touring,2011,4,Regular,23,30,26,341.8076923,12.67730769,2,Front-Wheel Drive,Manual 5-spd
30173,Hyundai,Entourage,2011,6,Regular,18,24,21,423.1904762,15.69571429,3.5,Front-Wheel Drive,Automatic 6-spd
30295,Hyundai,Genesis Coupe,2011,4,Premium,20,29,23,386.3913043,14.33086957,2,Rear-Wheel Drive,Automatic 5-spd
30296,Hyundai,Genesis Coupe,2011,4,Premium,21,30,24,370.2916667,13.73375,2,Rear-Wheel Drive,Manual 6-spd
30297,Hyundai,Genesis Coupe,2011,6,Regular,17,27,20,444.35,16.4805,3.8,Rear-Wheel Drive,Automatic 6-spd
30298,Hyundai,Genesis Coupe,2011,6,Regular,17,26,20,444.35,16.4805,3.8,Rear-Wheel Drive,Manual 6-spd
30319,Hyundai,Accent,2011,4,Regular,27,35,30,296.2333333,10.987,1.6,Front-Wheel Drive,Automatic 4-spd
30320,Hyundai,Accent,2011,4,Regular,27,33,30,296.2333333,10.987,1.6,Front-Wheel Drive,Manual 5-spd
30321,Hyundai,Accent Blue,2011,4,Regular,26,35,29,306.4482759,11.36586207,1.6,Front-Wheel Drive,Manual 5-spd
30413,Hyundai,Genesis,2011,6,Regular,18,27,21,423.1904762,15.69571429,3.8,Rear-Wheel Drive,Automatic 6-spd
30414,Hyundai,Genesis,2011,8,Premium,17,24,20,444.35,16.4805,4.6,Rear-Wheel Drive,Automatic 6-spd
3043,Hyundai,Excel,1987,4,Regular,23,26,24,370.2916667,13.73375,1.5,Front-Wheel Drive,Automatic 3-spd
3044,Hyundai,Excel,1987,4,Regular,24,28,26,341.8076923,12.67730769,1.5,Front-Wheel Drive,Manual 4-spd
3045,Hyundai,Excel,1987,4,Regular,25,31,27,329.1481481,12.20777778,1.5,Front-Wheel Drive,Manual 5-spd
30525,Hyundai,Tucson 2WD,2011,4,Regular,22,30,25,355.48,13.1844,2.4,Front-Wheel Drive,Automatic 6-spd
30526,Hyundai,Tucson 2WD,2011,4,Regular,21,28,23,386.3913043,14.33086957,2.4,Front-Wheel Drive,Manual 6-spd
30527,Hyundai,Tucson 2WD,2011,4,Regular,23,30,25,355.48,13.1844,2,Front-Wheel Drive,Automatic 6-spd
30528,Hyundai,Tucson 2WD,2011,4,Regular,20,27,23,386.3913043,14.33086957,2,Front-Wheel Drive,Manual 5-spd
30568,Hyundai,Tucson 4WD,2011,4,Regular,21,28,24,370.2916667,13.73375,2.4,4-Wheel Drive,Automatic 6-spd
30569,Hyundai,Tucson 4WD,2011,4,Regular,20,26,22,403.9545455,14.98227273,2.4,4-Wheel Drive,Manual 6-spd
30687,Hyundai,Equus,2011,8,Premium,16,24,18,493.7222222,18.31166667,4.6,Rear-Wheel Drive,Automatic 6-spd
30743,Hyundai,Veracruz 2WD,2011,6,Regular,17,22,19,467.7368421,17.34789474,3.8,Front-Wheel Drive,Automatic 6-spd
30783,Hyundai,Veracruz 4WD,2011,6,Regular,16,21,18,493.7222222,18.31166667,3.8,4-Wheel Drive,Automatic 6-spd
30942,Hyundai,Sonata,2011,4,Regular,22,32,26,341.8076923,12.67730769,2,Front-Wheel Drive,Automatic 6-spd
30948,Hyundai,Santa Fe 2WD,2011,4,Regular,19,26,21,423.1904762,15.69571429,2.4,Front-Wheel Drive,Manual 6-spd
30949,Hyundai,Santa Fe 2WD,2011,6,Regular,20,26,22,403.9545455,14.98227273,3.5,Front-Wheel Drive,Automatic 6-spd
30950,Hyundai,Santa Fe 2WD,2011,4,Regular,20,27,23,386.3913043,14.33086957,2.4,Front-Wheel Drive,Automatic 6-spd
30956,Hyundai,Santa Fe 4WD,2011,4,Regular,20,25,22,403.9545455,14.98227273,2.4,4-Wheel Drive,Automatic 6-spd
30957,Hyundai,Santa Fe 4WD,2011,6,Regular,20,25,22,403.9545455,14.98227273,3.5,4-Wheel Drive,Automatic 6-spd
31016,Hyundai,Elantra,2011,4,Regular,28,38,32,277.71875,10.3003125,1.8,Front-Wheel Drive,Automatic 6-spd
31017,Hyundai,Elantra,2011,4,Regular,28,38,32,277.71875,10.3003125,1.8,Front-Wheel Drive,Manual 6-spd
31076,Hyundai,Sonata Hybrid,2011,4,Regular,34,39,36,246.8611111,9.155833333,2.4,Front-Wheel Drive,Automatic 6-spd
31191,Hyundai,Accent,2012,4,Regular,28,37,31,286.6774194,10.63258065,1.6,Front-Wheel Drive,Automatic 6-spd
31192,Hyundai,Accent,2012,4,Regular,28,37,32,277.71875,10.3003125,1.6,Front-Wheel Drive,Manual 6-spd
31216,Hyundai,Elantra,2012,4,Regular,28,38,32,277.71875,10.3003125,1.8,Front-Wheel Drive,Automatic 6-spd
31217,Hyundai,Elantra,2012,4,Regular,28,38,32,277.71875,10.3003125,1.8,Front-Wheel Drive,Manual 6-spd
31238,Hyundai,Equus,2012,8,Premium,15,23,18,493.7222222,18.31166667,5,Rear-Wheel Drive,Automatic 8-spd
31239,Hyundai,Genesis,2012,6,Regular,18,28,22,403.9545455,14.98227273,3.8,Rear-Wheel Drive,Automatic 8-spd
31240,Hyundai,Genesis,2012,8,Premium,16,25,19,467.7368421,17.34789474,4.6,Rear-Wheel Drive,Automatic 8-spd
31241,Hyundai,Genesis R-Spec,2012,8,Premium,16,25,19,467.7368421,17.34789474,5,Rear-Wheel Drive,Automatic 8-spd
31286,Hyundai,Tucson 2WD,2012,4,Regular,22,29,25,355.48,13.1844,2,Front-Wheel Drive,Automatic 6-spd
31287,Hyundai,Tucson 2WD,2012,4,Regular,20,26,22,403.9545455,14.98227273,2,Front-Wheel Drive,Manual 5-spd
31288,Hyundai,Tucson 2WD,2012,4,Regular,21,30,25,355.48,13.1844,2.4,Front-Wheel Drive,Automatic 6-spd
31289,Hyundai,Tucson 2WD,2012,4,Regular,20,27,23,386.3913043,14.33086957,2.4,Front-Wheel Drive,Manual 6-spd
31305,Hyundai,Tucson 4WD,2012,4,Regular,20,27,23,386.3913043,14.33086957,2.4,4-Wheel Drive,Automatic 6-spd
31306,Hyundai,Tucson 4WD,2012,4,Regular,19,25,21,423.1904762,15.69571429,2.4,4-Wheel Drive,Manual 6-spd
31338,Hyundai,Genesis Coupe,2012,4,Premium,20,29,23,386.3913043,14.33086957,2,Rear-Wheel Drive,Automatic 5-spd
31339,Hyundai,Genesis Coupe,2012,4,Premium,21,30,24,370.2916667,13.73375,2,Rear-Wheel Drive,Manual 6-spd
31340,Hyundai,Genesis Coupe,2012,6,Regular,17,27,20,444.35,16.4805,3.8,Rear-Wheel Drive,Automatic 6-spd
31341,Hyundai,Genesis Coupe,2012,6,Regular,17,26,20,444.35,16.4805,3.8,Rear-Wheel Drive,Manual 6-spd
31409,Hyundai,Sonata,2012,4,Regular,22,33,26,341.8076923,12.67730769,2,Front-Wheel Drive,Automatic 6-spd
31410,Hyundai,Sonata,2012,4,Regular,24,34,27,329.1481481,12.20777778,2.4,Front-Wheel Drive,Automatic 6-spd
31411,Hyundai,Sonata,2012,4,Regular,24,34,27,329.1481481,12.20777778,2.4,Front-Wheel Drive,Manual 6-spd
31412,Hyundai,Genesis,2012,8,Premium,17,25,20,444.35,16.4805,5,Rear-Wheel Drive,Automatic 8-spd
31419,Hyundai,Elantra Touring,2012,4,Regular,23,30,26,341.8076923,12.67730769,2,Front-Wheel Drive,Automatic 4-spd
31420,Hyundai,Elantra Touring,2012,4,Regular,23,30,26,341.8076923,12.67730769,2,Front-Wheel Drive,Manual 5-spd
31519,Hyundai,Santa Fe 4WD,2012,6,Regular,20,25,22,403.9545455,14.98227273,3.5,4-Wheel Drive,Automatic 6-spd
31597,Hyundai,Santa Fe 2WD,2012,4,Regular,20,27,23,386.3913043,14.33086957,2.4,Front-Wheel Drive,Automatic 6-spd
31598,Hyundai,Santa Fe 2WD,2012,4,Regular,19,26,21,423.1904762,15.69571429,2.4,Front-Wheel Drive,Manual 6-spd
31599,Hyundai,Santa Fe 2WD,2012,6,Regular,20,26,22,403.9545455,14.98227273,3.5,Front-Wheel Drive,Automatic 6-spd
31610,Hyundai,Santa Fe 4WD,2012,4,Regular,20,25,22,403.9545455,14.98227273,2.4,4-Wheel Drive,Automatic 6-spd
31685,Hyundai,Veloster,2012,4,Regular,27,37,31,286.6774194,10.63258065,1.6,Front-Wheel Drive,Manual 6-spd
31686,Hyundai,Veloster,2012,4,Regular,27,35,30,296.2333333,10.987,1.6,Front-Wheel Drive,Auto(AM6)
31915,Hyundai,Veracruz 2WD,2012,6,Regular,17,22,19,467.7368421,17.34789474,3.8,Front-Wheel Drive,Automatic 6-spd
31963,Hyundai,Veracruz 4WD,2012,6,Regular,16,21,18,493.7222222,18.31166667,3.8,4-Wheel Drive,Automatic 6-spd
32186,Hyundai,Sonata Hybrid,2012,4,Regular,34,39,36,246.8611111,9.155833333,2.4,Front-Wheel Drive,Automatic 6-spd
32188,Hyundai,Azera,2012,6,Regular,20,28,23,386.3913043,14.33086957,3.3,Front-Wheel Drive,Automatic 6-spd
32214,Hyundai,Genesis Coupe,2013,4,Premium,17,27,21,432,15.69571429,2,Rear-Wheel Drive,Automatic 8-spd
32215,Hyundai,Genesis Coupe,2013,4,Premium,21,29,24,375,13.73375,2,Rear-Wheel Drive,Manual 6-spd
32216,Hyundai,Genesis Coupe,2013,6,Premium,16,25,19,461,17.34789474,3.8,Rear-Wheel Drive,Automatic 8-spd
32217,Hyundai,Genesis Coupe,2013,6,Premium,18,27,21,420,15.69571429,3.8,Rear-Wheel Drive,Manual 6-spd
32252,Hyundai,Elantra,2013,4,Regular,28,38,32,284,10.3003125,1.8,Front-Wheel Drive,Automatic 6-spd
32253,Hyundai,Elantra,2013,4,Regular,28,38,32,284,10.3003125,1.8,Front-Wheel Drive,Manual 6-spd
32254,Hyundai,Elantra Blue,2013,4,Regular,28,38,32,285,10.3003125,1.8,Front-Wheel Drive,Automatic 6-spd
32255,Hyundai,Elantra Coupe,2013,4,Regular,27,37,31,294,10.63258065,1.8,Front-Wheel Drive,Automatic 6-spd
32256,Hyundai,Elantra Coupe,2013,4,Regular,28,38,32,285,10.3003125,1.8,Front-Wheel Drive,Manual 6-spd
32340,Hyundai,Sonata,2013,4,Regular,22,33,26,342,12.67730769,2,Front-Wheel Drive,Automatic 6-spd
32341,Hyundai,Sonata,2013,4,Regular,24,34,27,327,12.20777778,2.4,Front-Wheel Drive,Automatic 6-spd
32342,Hyundai,Sonata,2013,4,Regular,24,34,27,328,12.20777778,2.4,Front-Wheel Drive,Manual 6-spd
32364,Hyundai,Accent,2013,4,Regular,28,37,31,285,10.63258065,1.6,Front-Wheel Drive,Automatic 6-spd
32365,Hyundai,Accent,2013,4,Regular,28,37,32,276,10.3003125,1.6,Front-Wheel Drive,Manual 6-spd
32407,Hyundai,Equus,2013,8,Premium,15,23,18,493,18.31166667,5,Rear-Wheel Drive,Automatic 8-spd
32450,Hyundai,Tucson 2WD,2013,4,Regular,21,30,25,371,13.1844,2.4,Front-Wheel Drive,Automatic 6-spd
32451,Hyundai,Tucson 2WD,2013,4,Regular,20,27,23,396,14.33086957,2.4,Front-Wheel Drive,Manual 6-spd
32452,Hyundai,Tucson 2WD,2013,4,Regular,22,29,25,365,13.1844,2,Front-Wheel Drive,Automatic 6-spd
32453,Hyundai,Tucson 2WD,2013,4,Regular,20,26,22,405,14.98227273,2,Front-Wheel Drive,Manual 5-spd
32458,Hyundai,Tucson 4WD,2013,4,Regular,20,27,23,397,14.33086957,2.4,4-Wheel Drive,Automatic 6-spd
32459,Hyundai,Tucson 4WD,2013,4,Regular,19,25,21,424,15.69571429,2.4,4-Wheel Drive,Manual 6-spd
32577,Hyundai,Veloster,2013,4,Regular,28,37,31,288,10.63258065,1.6,Front-Wheel Drive,Auto(AM6)
32578,Hyundai,Veloster,2013,4,Regular,27,37,31,294,10.63258065,1.6,Front-Wheel Drive,Manual 6-spd
32579,Hyundai,Veloster,2013,4,Regular,24,31,27,317,12.20777778,1.6,Front-Wheel Drive,Automatic 6-spd
32580,Hyundai,Veloster,2013,4,Regular,24,35,28,318,11.77178571,1.6,Front-Wheel Drive,Manual 6-spd
32601,Hyundai,Elantra GT,2013,4,Regular,27,37,30,297,10.987,1.8,Front-Wheel Drive,Automatic 6-spd
32602,Hyundai,Elantra GT,2013,4,Regular,26,37,30,301,10.987,1.8,Front-Wheel Drive,Manual 6-spd
32791,Hyundai,Genesis,2013,6,Regular,18,28,22,417,14.98227273,3.8,Rear-Wheel Drive,Automatic 8-spd
32792,Hyundai,Genesis R-Spec,2013,8,Premium,16,25,19,495,17.34789474,5,Rear-Wheel Drive,Automatic 8-spd
32816,Hyundai,Santa Fe Sport 2WD,2013,4,Regular,21,29,24,375,13.73375,2.4,Front-Wheel Drive,Automatic 6-spd
32817,Hyundai,Santa Fe Sport 2WD,2013,4,Regular,20,27,23,396,14.33086957,2,Front-Wheel Drive,Automatic 6-spd
32833,Hyundai,Santa Fe Sport 4WD,2013,4,Regular,20,26,22,406,14.98227273,2.4,4-Wheel Drive,Automatic 6-spd
32834,Hyundai,Santa Fe Sport 4WD,2013,4,Regular,19,24,21,426,15.69571429,2,4-Wheel Drive,Automatic 6-spd
33176,Hyundai,Azera,2013,6,Regular,20,29,23,389,14.33086957,3.3,Front-Wheel Drive,Automatic 6-spd
33391,Hyundai,Santa Fe 2WD,2013,6,Regular,18,25,21,432,15.69571429,3.3,Front-Wheel Drive,Automatic 6-spd
33393,Hyundai,Santa Fe 4WD,2013,6,Regular,18,24,20,443,16.4805,3.3,4-Wheel Drive,Automatic 6-spd
33528,Hyundai,Sonata Hybrid Limited,2013,4,Regular,35,38,37,245,8.908378378,2.4,Front-Wheel Drive,Auto(AM6)
33529,Hyundai,Sonata Hybrid,2013,4,Regular,35,38,37,242,8.908378378,2.4,Front-Wheel Drive,Auto(AM6)
33585,Hyundai,Equus,2014,8,Premium,15,23,18,502,18.31166667,5,Rear-Wheel Drive,Automatic 8-spd
34374,Hyundai,Tucson 2WD,2014,4,Regular,21,28,23,376,14.33086957,2.4,Front-Wheel Drive,Automatic 6-spd
34375,Hyundai,Tucson 2WD,2014,4,Regular,23,28,25,351,13.1844,2,Front-Wheel Drive,Automatic 6-spd
34381,Hyundai,Tucson 4WD,2014,4,Regular,20,25,22,399,14.98227273,2.4,4-Wheel Drive,Automatic 6-spd
34382,Hyundai,Tucson 4WD,2014,4,Regular,21,25,22,395,14.98227273,2,4-Wheel Drive,Automatic 6-spd
34443,Hyundai,Santa Fe 2WD,2014,6,Regular,18,25,21,432,15.69571429,3.3,Front-Wheel Drive,Automatic 6-spd
34444,Hyundai,Santa Fe Sport 2WD,2014,4,Regular,20,27,23,387,14.33086957,2.4,Front-Wheel Drive,Automatic 6-spd
34445,Hyundai,Santa Fe Sport 2WD,2014,4,Regular,19,26,22,403,14.98227273,2,Front-Wheel Drive,Automatic 6-spd
34447,Hyundai,Santa Fe Sport 4WD,2014,4,Regular,19,25,21,415,15.69571429,2.4,4-Wheel Drive,Automatic 6-spd
34448,Hyundai,Santa Fe Sport 4WD,2014,4,Regular,18,24,21,427,15.69571429,2,4-Wheel Drive,Automatic 6-spd
34449,Hyundai,Santa Fe 4WD,2014,6,Regular,18,24,20,444,16.4805,3.3,4-Wheel Drive,Automatic 6-spd
34456,Hyundai,Sonata,2014,4,Regular,24,34,27,324,12.20777778,2.4,Front-Wheel Drive,Automatic 6-spd
34490,Hyundai,Sonata,2014,4,Regular,21,31,24,361,13.73375,2,Front-Wheel Drive,Automatic 6-spd
34553,Hyundai,Veloster,2014,4,Regular,24,31,26,333,12.67730769,1.6,Front-Wheel Drive,Automatic 6-spd
34554,Hyundai,Veloster,2014,4,Regular,24,33,27,321,12.20777778,1.6,Front-Wheel Drive,Manual 6-spd
34560,Hyundai,Elantra GT,2014,4,Regular,24,32,27,328,12.20777778,2,Front-Wheel Drive,Automatic 6-spd
34561,Hyundai,Elantra GT,2014,4,Regular,24,33,27,325,12.20777778,2,Front-Wheel Drive,Manual 6-spd
34562,Hyundai,Azera,2014,6,Regular,19,28,23,393,14.33086957,3.3,Front-Wheel Drive,Automatic 6-spd
34563,Hyundai,Genesis,2014,6,Regular,18,27,21,412,15.69571429,3.8,Rear-Wheel Drive,Automatic 8-spd
34564,Hyundai,Genesis R Spec,2014,8,Premium,15,23,18,495,18.31166667,5,Rear-Wheel Drive,Automatic 8-spd
34584,Hyundai,Genesis Coupe,2014,4,Premium,17,26,21,426,15.69571429,2,Rear-Wheel Drive,Automatic 8-spd
34585,Hyundai,Genesis Coupe,2014,4,Premium,19,27,22,406,14.98227273,2,Rear-Wheel Drive,Manual 6-spd
34586,Hyundai,Genesis Coupe,2014,6,Premium,16,25,19,458,17.34789474,3.8,Rear-Wheel Drive,Automatic 8-spd
34587,Hyundai,Genesis Coupe,2014,6,Premium,16,24,19,460,17.34789474,3.8,Rear-Wheel Drive,Manual 6-spd
34588,Hyundai,Accent,2014,4,Regular,26,36,30,289,10.987,1.6,Front-Wheel Drive,Automatic 6-spd
34589,Hyundai,Accent,2014,4,Regular,27,37,31,285,10.63258065,1.6,Front-Wheel Drive,Manual 6-spd
34590,Hyundai,Veloster,2014,4,Regular,27,35,30,288,10.987,1.6,Front-Wheel Drive,Auto(AM6)
34591,Hyundai,Veloster,2014,4,Regular,26,34,29,301,11.36586207,1.6,Front-Wheel Drive,Manual 6-spd
34597,Hyundai,Sonata Hybrid,2014,4,Regular,35,38,37,242,8.908378378,2.4,Front-Wheel Drive,Auto(AM6)
34598,Hyundai,Sonata Hybrid Limited,2014,4,Regular,35,38,37,245,8.908378378,2.4,Front-Wheel Drive,Auto(AM6)
34599,Hyundai,Elantra,2014,4,Regular,27,37,31,285,10.63258065,1.8,Front-Wheel Drive,Automatic 6-spd
34600,Hyundai,Elantra Limited,2014,4,Regular,27,36,30,290,10.987,1.8,Front-Wheel Drive,Automatic 6-spd
34601,Hyundai,Elantra,2014,4,Regular,27,36,30,290,10.987,1.8,Front-Wheel Drive,Manual 6-spd
34602,Hyundai,Elantra,2014,4,Regular,24,34,28,319,11.77178571,2,Front-Wheel Drive,Automatic 6-spd
34603,Hyundai,Elantra,2014,4,Regular,24,33,27,321,12.20777778,2,Front-Wheel Drive,Manual 6-spd
34604,Hyundai,Elantra Coupe,2014,4,Regular,24,33,27,322,12.20777778,2,Front-Wheel Drive,Automatic 6-spd
34767,Hyundai,Genesis RWD,2015,6,Regular,18,28,22,411,14.98227273,3.8,Rear-Wheel Drive,Automatic 8-spd
34768,Hyundai,Genesis AWD,2015,6,Regular,16,25,19,460,17.34789474,3.8,All-Wheel Drive,Automatic 8-spd
34769,Hyundai,Genesis RWD,2015,8,Premium,15,23,18,502,18.31166667,5,Rear-Wheel Drive,Automatic 8-spd
34895,Hyundai,Equus,2015,8,Premium,15,23,18,502,18.31166667,5,Rear-Wheel Drive,Automatic 8-spd
34942,Hyundai,Genesis Coupe,2015,6,Premium,16,25,19,458,17.34789474,3.8,Rear-Wheel Drive,Automatic (S8)
34943,Hyundai,Genesis Coupe,2015,6,Premium,16,24,19,460,17.34789474,3.8,Rear-Wheel Drive,Manual 6-spd
35016,Hyundai,Elantra,2015,4,Regular,24,35,28,314,11.77178571,2,Front-Wheel Drive,Automatic (S6)
35017,Hyundai,Elantra,2015,4,Regular,24,34,28,319,11.77178571,2,Front-Wheel Drive,Manual 6-spd
35033,Hyundai,Sonata,2015,4,Regular,24,36,28,312,11.77178571,2.4,Front-Wheel Drive,Automatic (S6)
35034,Hyundai,Sonata Sport Limited,2015,4,Regular,24,34,27,327,12.20777778,2.4,Front-Wheel Drive,Automatic (S6)
35102,Hyundai,Elantra,2015,4,Regular,27,37,31,285,10.63258065,1.8,Front-Wheel Drive,Automatic (S6)
35103,Hyundai,Elantra Limited,2015,4,Regular,27,36,30,295,10.987,1.8,Front-Wheel Drive,Automatic (S6)
35104,Hyundai,Elantra,2015,4,Regular,27,36,30,290,10.987,1.8,Front-Wheel Drive,Manual 6-spd
35121,Hyundai,Santa Fe Ultimate 2WD,2014,6,Regular,18,23,20,452,16.4805,3.3,Front-Wheel Drive,Automatic 6-spd
35122,Hyundai,Santa Fe Ultimate 4WD,2014,6,Regular,17,22,19,478,17.34789474,3.3,All-Wheel Drive,Automatic 6-spd
35135,Hyundai,Tucson 2WD,2015,4,Regular,21,28,23,376,14.33086957,2.4,Front-Wheel Drive,Automatic 6-spd
35136,Hyundai,Tucson 2WD,2015,4,Regular,23,28,25,351,13.1844,2,Front-Wheel Drive,Automatic 6-spd
35138,Hyundai,Tucson AWD,2015,4,Regular,20,25,22,402,14.98227273,2.4,All-Wheel Drive,Automatic 6-spd
35139,Hyundai,Tucson AWD,2015,4,Regular,21,25,22,395,14.98227273,2,All-Wheel Drive,Automatic 6-spd
35193,Hyundai,Sonata Hybrid,2015,4,Regular,35,38,37,242,8.908378378,2.4,Front-Wheel Drive,Auto(AM6)
35194,Hyundai,Sonata Hybrid Limited,2015,4,Regular,35,38,37,245,8.908378378,2.4,Front-Wheel Drive,Auto(AM6)
35305,Hyundai,Sonata,2015,4,Regular,22,31,26,347,12.67730769,2,Front-Wheel Drive,Automatic (S6)
35336,Hyundai,Veloster,2015,4,Regular,27,35,30,292,10.987,1.6,Front-Wheel Drive,Auto(AM6)
35337,Hyundai,Veloster,2015,4,Regular,26,34,29,301,11.36586207,1.6,Front-Wheel Drive,Manual 6-spd
35338,Hyundai,Veloster,2015,4,Regular,24,31,26,333,12.67730769,1.6,Front-Wheel Drive,Automatic (S6)
35339,Hyundai,Veloster,2015,4,Regular,24,33,27,321,12.20777778,1.6,Front-Wheel Drive,Manual 6-spd
35563,Hyundai,Sonata,2015,4,Regular,28,36,31,286,10.63258065,1.6,Front-Wheel Drive,Auto(AM7)
35693,Hyundai,Santa Fe FWD,2015,6,Regular,18,25,21,432,15.69571429,3.3,Front-Wheel Drive,Automatic (S6)
35694,Hyundai,Santa Fe Ultimate FWD,2015,6,Regular,17,23,20,457,16.4805,3.3,Front-Wheel Drive,Automatic (S6)
35699,Hyundai,Santa Fe AWD,2015,6,Regular,18,24,20,445,16.4805,3.3,All-Wheel Drive,Automatic (S6)
35700,Hyundai,Santa Fe Ultimate AWD,2015,6,Regular,17,22,19,476,17.34789474,3.3,All-Wheel Drive,Automatic (S6)
35710,Hyundai,Elantra Coupe,2015,4,Regular,24,34,28,318,11.77178571,2,Front-Wheel Drive,Automatic (S6)
35711,Hyundai,Elantra Coupe,2015,4,Regular,23,34,27,324,12.20777778,2,Front-Wheel Drive,Manual 6-spd
35720,Hyundai,Santa Fe Sport FWD,2015,4,Regular,20,27,23,387,14.33086957,2.4,Front-Wheel Drive,Automatic (S6)
35721,Hyundai,Santa Fe Sport FWD,2015,4,Regular,19,26,22,403,14.98227273,2,Front-Wheel Drive,Automatic (S6)
35722,Hyundai,Santa Fe Sport Ultimate FWD,2015,4,Regular,19,26,22,409,14.98227273,2,Front-Wheel Drive,Automatic (S6)
35723,Hyundai,Santa Fe Sport AWD,2015,4,Regular,19,25,21,415,15.69571429,2.4,All-Wheel Drive,Automatic (S6)
35724,Hyundai,Santa Fe Sport AWD,2015,4,Regular,18,24,20,429,16.4805,2,All-Wheel Drive,Automatic (S6)
35801,Hyundai,Accent,2015,4,Regular,26,36,30,295,10.987,1.6,Front-Wheel Drive,Automatic (S6)
35802,Hyundai,Accent,2015,4,Regular,27,37,31,285,10.63258065,1.6,Front-Wheel Drive,Manual 6-spd
35892,Hyundai,Sonata Limited,2015,4,Regular,21,30,24,365,13.73375,2,Front-Wheel Drive,Automatic (S6)
35893,Hyundai,Azera,2015,6,Regular,20,28,23,391,14.33086957,3.3,Front-Wheel Drive,Automatic (S6)
35899,Hyundai,Elantra GT,2015,4,Regular,24,32,27,328,12.20777778,2,Front-Wheel Drive,Automatic (S6)
35906,Hyundai,Azera Limited,2015,6,Regular,19,28,22,405,14.98227273,3.3,Front-Wheel Drive,Automatic (S6)
35959,Hyundai,Elantra GT,2015,4,Regular,24,33,27,327,12.20777778,2,Front-Wheel Drive,Manual 6-spd
36020,Hyundai,Veloster,2016,4,Regular,28,35,31,290,10.63258065,1.6,Front-Wheel Drive,Auto(AM6)
36021,Hyundai,Veloster,2016,4,Regular,27,34,30,303,10.987,1.6,Front-Wheel Drive,Manual 6-spd
36022,Hyundai,Elantra GT,2016,4,Regular,24,32,27,329,12.20777778,2,Front-Wheel Drive,Manual 6-spd
36036,Hyundai,Elantra GT,2016,4,Regular,24,32,27,331,12.20777778,2,Front-Wheel Drive,Automatic (S6)
36053,Hyundai,Veloster,2016,4,Regular,26,32,29,311,11.36586207,1.6,Front-Wheel Drive,Auto(AM6)
36054,Hyundai,Veloster,2016,4,Regular,25,33,28,321,11.77178571,1.6,Front-Wheel Drive,Manual 6-spd
36056,Hyundai,Equus,2016,8,Premium,15,23,18,502,18.31166667,5,Rear-Wheel Drive,Automatic (S8)
36095,Hyundai,Elantra Limited,2016,4,Regular,27,36,30,295,10.987,1.8,Front-Wheel Drive,Automatic (S6)
36096,Hyundai,Elantra,2016,4,Regular,28,37,31,282,10.63258065,1.8,Front-Wheel Drive,Automatic (S6)
36097,Hyundai,Elantra,2016,4,Regular,27,36,30,290,10.987,1.8,Front-Wheel Drive,Manual 6-spd
36098,Hyundai,Elantra,2016,4,Regular,24,35,28,315,11.77178571,2,Front-Wheel Drive,Automatic (S6)
36099,Hyundai,Elantra,2016,4,Regular,24,34,28,319,11.77178571,2,Front-Wheel Drive,Manual 6-spd
36100,Hyundai,Sonata Hybrid,2016,4,Regular,38,41,40,225,8.24025,2,Front-Wheel Drive,Auto(AM6)
36101,Hyundai,Sonata Hybrid SE,2016,4,Regular,39,42,41,221,8.039268293,2,Front-Wheel Drive,Auto(AM6)
36208,Hyundai,Santa Fe Sport FWD,2016,4,Regular,20,27,23,387,14.33086957,2.4,Front-Wheel Drive,Automatic (S6)
36209,Hyundai,Santa Fe Sport FWD,2016,4,Regular,19,26,22,403,14.98227273,2,Front-Wheel Drive,Automatic (S6)
36210,Hyundai,Santa Fe Sport Ultimate FWD,2016,4,Regular,19,26,22,409,14.98227273,2,Front-Wheel Drive,Automatic (S6)
36212,Hyundai,Santa Fe Sport AWD,2016,4,Regular,19,25,21,415,15.69571429,2.4,All-Wheel Drive,Automatic (S6)
36213,Hyundai,Santa Fe Sport AWD,2016,4,Regular,18,24,20,429,16.4805,2,All-Wheel Drive,Automatic (S6)
36293,Hyundai,Tucson FWD,2016,4,Regular,23,30,26,342,12.67730769,2,Front-Wheel Drive,Automatic (S6)
36296,Hyundai,Tucson AWD,2016,4,Regular,21,26,23,389,14.33086957,2,All-Wheel Drive,Automatic (S6)
36317,Hyundai,Accent,2016,4,Regular,26,36,30,296,10.987,1.6,Front-Wheel Drive,Automatic (S6)
36318,Hyundai,Accent,2016,4,Regular,27,37,31,285,10.63258065,1.6,Front-Wheel Drive,Manual 6-spd
36322,Hyundai,Azera Limited,2016,6,Regular,19,28,22,405,14.98227273,3.3,Front-Wheel Drive,Automatic (S6)
36323,Hyundai,Azera,2016,6,Regular,20,28,23,391,14.33086957,3.3,Front-Wheel Drive,Automatic (S6)
36325,Hyundai,Santa Fe Ultimate FWD,2016,6,Regular,17,23,20,457,16.4805,3.3,Front-Wheel Drive,Automatic (S6)
36326,Hyundai,Santa Fe FWD,2016,6,Regular,18,25,21,432,15.69571429,3.3,Front-Wheel Drive,Automatic (S6)
36333,Hyundai,Santa Fe Ultimate AWD,2016,6,Regular,17,22,19,476,17.34789474,3.3,All-Wheel Drive,Automatic (S6)
36334,Hyundai,Santa Fe AWD,2016,6,Regular,18,24,20,446,16.4805,3.3,All-Wheel Drive,Automatic (S6)
36371,Hyundai,Tucson FWD,2016,4,Regular,25,30,27,335,12.20777778,1.6,Front-Wheel Drive,Auto(AM7)
36372,Hyundai,Tucson Eco FWD,2016,4,Regular,26,32,28,317,11.77178571,1.6,Front-Wheel Drive,Auto(AM7)
36375,Hyundai,Tucson AWD,2016,4,Regular,24,28,25,355,13.1844,1.6,All-Wheel Drive,Auto(AM7)
36376,Hyundai,Tucson Eco AWD,2016,4,Regular,25,30,27,334,12.20777778,1.6,All-Wheel Drive,Auto(AM7)
36443,Hyundai,Genesis Coupe,2016,6,Premium,16,25,19,455,17.34789474,3.8,Rear-Wheel Drive,Automatic (S8)
36475,Hyundai,Sonata,2016,4,Regular,22,31,26,347,12.67730769,2,Front-Wheel Drive,Automatic (S6)
36476,Hyundai,Sonata Limited,2016,4,Regular,21,30,24,365,13.73375,2,Front-Wheel Drive,Automatic (S6)
36477,Hyundai,Sonata,2016,4,Regular,25,36,29,307,11.36586207,2.4,Front-Wheel Drive,Automatic (S6)
36478,Hyundai,Sonata Sport Limited,2016,4,Regular,25,35,28,317,11.77178571,2.4,Front-Wheel Drive,Automatic (S6)
36479,Hyundai,Sonata,2016,4,Regular,28,36,31,286,10.63258065,1.6,Front-Wheel Drive,Auto(AM7)
36480,Hyundai,Genesis AWD,2016,6,Regular,16,25,19,460,17.34789474,3.8,All-Wheel Drive,Automatic (S8)
36481,Hyundai,Genesis RWD,2016,6,Regular,18,28,22,411,14.98227273,3.8,Rear-Wheel Drive,Automatic (S8)
36519,Hyundai,Genesis Coupe,2016,6,Premium,17,24,19,456,17.34789474,3.8,Rear-Wheel Drive,Manual 6-spd
36998,Hyundai,Sonata Plug-in Hybrid,2016,4,Regular Gas and Electricity,38,41,40,101,3.835582552,2,Front-Wheel Drive,Auto(AM6)
37084,Hyundai,Genesis RWD,2016,8,Premium,15,23,18,502,18.31166667,5,Rear-Wheel Drive,Automatic (S8)
37217,Hyundai,Santa Fe Sport FWD,2017,4,Regular,20,28,23,388,14.33086957,2,Front-Wheel Drive,Automatic (S6)
37218,Hyundai,Santa Fe Sport Ultimate FWD,2017,4,Regular,20,27,23,396,14.33086957,2,Front-Wheel Drive,Automatic (S6)
37219,Hyundai,Santa Fe Sport AWD,2017,4,Regular,19,26,22,410,14.98227273,2,All-Wheel Drive,Automatic (S6)
37220,Hyundai,Santa Fe Sport Ultimate AWD,2017,4,Regular,19,24,21,425,15.69571429,2,All-Wheel Drive,Automatic (S6)
37225,Hyundai,Elantra SE,2017,4,Regular,29,38,33,272,9.988181818,2,Front-Wheel Drive,Automatic (S6)
37226,Hyundai,Elantra,2017,4,Regular,28,37,32,282,10.3003125,2,Front-Wheel Drive,Automatic (S6)
37227,Hyundai,Elantra,2017,4,Regular,26,36,29,301,11.36586207,2,Front-Wheel Drive,Manual 6-spd
37228,Hyundai,Santa Fe FWD,2017,6,Regular,18,25,21,427,15.69571429,3.3,Front-Wheel Drive,Automatic (S6)
37229,Hyundai,Santa Fe Ultimate FWD,2017,6,Regular,17,23,20,457,16.4805,3.3,Front-Wheel Drive,Automatic (S6)
37230,Hyundai,Santa Fe AWD,2017,6,Regular,18,24,20,433,16.4805,3.3,All-Wheel Drive,Automatic (S6)
37231,Hyundai,Santa Fe Ultimate AWD,2017,6,Regular,17,22,19,475,17.34789474,3.3,All-Wheel Drive,Automatic (S6)
37243,Hyundai,Santa Fe Sport FWD,2017,4,Regular,21,27,24,379,13.73375,2.4,Front-Wheel Drive,Automatic (S6)
37244,Hyundai,Santa Fe Sport AWD,2017,4,Regular,20,26,22,406,14.98227273,2.4,All-Wheel Drive,Automatic (S6)
37340,Hyundai,Elantra GT,2017,4,Regular,24,32,27,329,12.20777778,2,Front-Wheel Drive,Manual 6-spd
37353,Hyundai,Elantra GT,2017,4,Regular,24,32,27,331,12.20777778,2,Front-Wheel Drive,Automatic (S6)
37384,Hyundai,Elantra,2017,4,Regular,32,40,35,256,9.417428571,1.4,Front-Wheel Drive,Auto(AM7)
37431,Hyundai,Sonata Limited,2017,4,Regular,21,30,24,365,13.73375,2,Front-Wheel Drive,Automatic (S6)
37432,Hyundai,Sonata,2017,4,Regular,25,36,29,307,11.36586207,2.4,Front-Wheel Drive,Automatic (S6)
37433,Hyundai,Sonata Sport Limited,2017,4,Regular,25,35,28,316,11.77178571,2.4,Front-Wheel Drive,Automatic (S6)
37452,Hyundai,Sonata,2017,4,Regular,28,36,31,286,10.63258065,1.6,Front-Wheel Drive,Auto(AM7)
37462,Hyundai,Sonata,2017,4,Regular,22,31,26,347,12.67730769,2,Front-Wheel Drive,Automatic (S6)
37479,Hyundai,Accent,2017,4,Regular,26,36,30,295,10.987,1.6,Front-Wheel Drive,Automatic (S6)
37480,Hyundai,Accent,2017,4,Regular,27,37,31,282,10.63258065,1.6,Front-Wheel Drive,Manual 6-spd
37531,Hyundai,Sonata Hybrid SE,2017,4,Regular,39,45,42,221,7.847857143,2,Front-Wheel Drive,Auto(AM6)
37532,Hyundai,Sonata Hybrid,2017,4,Regular,38,43,40,222,8.24025,2,Front-Wheel Drive,Auto(AM6)
37541,Hyundai,Tucson FWD,2017,4,Regular,23,30,26,342,12.67730769,2,Front-Wheel Drive,Automatic (S6)
37542,Hyundai,Tucson FWD,2017,4,Regular,25,30,27,334,12.20777778,1.6,Front-Wheel Drive,Auto(AM7)
37543,Hyundai,Tucson Eco FWD,2017,4,Regular,26,32,28,317,11.77178571,1.6,Front-Wheel Drive,Auto(AM7)
37544,Hyundai,Tucson AWD,2017,4,Regular,21,26,23,388,14.33086957,2,All-Wheel Drive,Automatic (S6)
37545,Hyundai,Tucson AWD,2017,4,Regular,24,28,25,355,13.1844,1.6,All-Wheel Drive,Auto(AM7)
37546,Hyundai,Tucson Eco AWD,2017,4,Regular,25,30,27,333,12.20777778,1.6,All-Wheel Drive,Auto(AM7)
37729,Hyundai,Azera Limited,2017,6,Regular,19,28,22,404,14.98227273,3.3,Front-Wheel Drive,Automatic (S6)
37730,Hyundai,Azera,2017,6,Regular,20,28,23,391,14.33086957,3.3,Front-Wheel Drive,Automatic (S6)
38021,Hyundai,Veloster,2017,4,Regular,26,32,29,310,11.36586207,1.6,Front-Wheel Drive,Auto(AM7)
38022,Hyundai,Veloster,2017,4,Regular,25,33,28,321,11.77178571,1.6,Front-Wheel Drive,Manual 6-spd
38046,Hyundai,Sonata Plug-in Hybrid,2017,4,Regular Gas and Electricity,38,40,39,104,3.880578051,2,Front-Wheel Drive,Auto(AM6)
38087,Hyundai,Veloster,2017,4,Regular,28,35,31,288,10.63258065,1.6,Front-Wheel Drive,Auto(AM6)
38088,Hyundai,Veloster,2017,4,Regular,27,34,30,304,10.987,1.6,Front-Wheel Drive,Manual 6-spd
38177,Hyundai,Elantra,2017,4,Regular,26,33,29,305,11.36586207,1.6,Front-Wheel Drive,Auto(AM7)
38178,Hyundai,Elantra,2017,4,Regular,22,30,25,356,13.1844,1.6,Front-Wheel Drive,Manual 6-spd
38431,Hyundai,Ioniq Electric,2017,,Electricity,150,122,136,0,0.15,,Front-Wheel Drive,Automatic (A1)
38484,Hyundai,Ioniq,2017,4,Regular,55,54,55,163,5.992909091,1.6,Front-Wheel Drive,Auto(AM6)
38485,Hyundai,Ioniq Blue,2017,4,Regular,57,59,58,154,5.682931034,1.6,Front-Wheel Drive,Auto(AM6)
4265,Hyundai,Excel,1988,4,Regular,23,29,26,341.8076923,12.67730769,1.5,Front-Wheel Drive,Automatic 3-spd
4266,Hyundai,Excel,1988,4,Regular,23,30,26,341.8076923,12.67730769,1.5,Front-Wheel Drive,Manual 4-spd
4267,Hyundai,Excel,1988,4,Regular,24,33,28,317.3928571,11.77178571,1.5,Front-Wheel Drive,Manual 5-spd
5396,Hyundai,Excel,1989,4,Regular,23,29,26,341.8076923,12.67730769,1.5,Front-Wheel Drive,Automatic 3-spd
5397,Hyundai,Excel,1989,4,Regular,23,30,26,341.8076923,12.67730769,1.5,Front-Wheel Drive,Manual 4-spd
5398,Hyundai,Excel,1989,4,Regular,24,33,28,317.3928571,11.77178571,1.5,Front-Wheel Drive,Manual 5-spd
5730,Hyundai,Sonata,1989,4,Regular,18,26,21,423.1904762,15.69571429,2.4,Front-Wheel Drive,Manual 5-spd
5731,Hyundai,Sonata,1989,4,Regular,18,23,20,444.35,16.4805,2.4,Front-Wheel Drive,Automatic 4-spd
5732,Hyundai,Sonata,1989,6,Regular,16,22,18,493.7222222,18.31166667,3,Front-Wheel Drive,Automatic 4-spd
6536,Hyundai,Excel,1990,4,Regular,24,29,26,341.8076923,12.67730769,1.5,Front-Wheel Drive,Automatic 4-spd
6537,Hyundai,Excel,1990,4,Regular,25,30,27,329.1481481,12.20777778,1.5,Front-Wheel Drive,Manual 4-spd
6538,Hyundai,Excel,1990,4,Regular,25,33,28,317.3928571,11.77178571,1.5,Front-Wheel Drive,Manual 5-spd
6828,Hyundai,Sonata,1990,4,Regular,18,24,20,444.35,16.4805,2.4,Front-Wheel Drive,Automatic 4-spd
6829,Hyundai,Sonata,1990,4,Regular,18,26,21,423.1904762,15.69571429,2.4,Front-Wheel Drive,Manual 5-spd
6830,Hyundai,Sonata,1990,6,Regular,16,22,18,493.7222222,18.31166667,3,Front-Wheel Drive,Automatic 4-spd
7628,Hyundai,Excel,1991,4,Regular,23,29,26,341.8076923,12.67730769,1.5,Front-Wheel Drive,Automatic 3-spd
7629,Hyundai,Excel,1991,4,Regular,26,33,28,317.3928571,11.77178571,1.5,Front-Wheel Drive,Manual 4-spd
7630,Hyundai,Excel,1991,4,Regular,24,29,26,341.8076923,12.67730769,1.5,Front-Wheel Drive,Automatic 4-spd
7631,Hyundai,Excel,1991,4,Regular,25,30,27,329.1481481,12.20777778,1.5,Front-Wheel Drive,Manual 4-spd
7632,Hyundai,Excel,1991,4,Regular,25,33,28,317.3928571,11.77178571,1.5,Front-Wheel Drive,Manual 5-spd
7633,Hyundai,Scoupe,1991,4,Regular,22,29,25,355.48,13.1844,1.5,Front-Wheel Drive,Automatic 4-spd
7634,Hyundai,Scoupe,1991,4,Regular,23,31,26,341.8076923,12.67730769,1.5,Front-Wheel Drive,Manual 5-spd
7955,Hyundai,Sonata,1991,4,Regular,18,24,20,444.35,16.4805,2.4,Front-Wheel Drive,Automatic 4-spd
7956,Hyundai,Sonata,1991,4,Regular,18,26,21,423.1904762,15.69571429,2.4,Front-Wheel Drive,Manual 5-spd
7957,Hyundai,Sonata,1991,6,Regular,16,22,18,493.7222222,18.31166667,3,Front-Wheel Drive,Automatic 4-spd
8725,Hyundai,Excel,1992,4,Regular,23,29,26,341.8076923,12.67730769,1.5,Front-Wheel Drive,Automatic 3-spd
8726,Hyundai,Excel,1992,4,Regular,26,33,28,317.3928571,11.77178571,1.5,Front-Wheel Drive,Manual 4-spd
8727,Hyundai,Excel,1992,4,Regular,24,29,26,341.8076923,12.67730769,1.5,Front-Wheel Drive,Automatic 4-spd
8728,Hyundai,Excel,1992,4,Regular,25,30,27,329.1481481,12.20777778,1.5,Front-Wheel Drive,Manual 4-spd
8729,Hyundai,Excel,1992,4,Regular,25,33,28,317.3928571,11.77178571,1.5,Front-Wheel Drive,Manual 5-spd
8730,Hyundai,Scoupe,1992,4,Regular,22,29,25,355.48,13.1844,1.5,Front-Wheel Drive,Automatic 4-spd
8731,Hyundai,Scoupe,1992,4,Regular,23,31,26,341.8076923,12.67730769,1.5,Front-Wheel Drive,Manual 5-spd
8888,Hyundai,J-Car/Elantra,1992,4,Regular,19,26,22,403.9545455,14.98227273,1.6,Front-Wheel Drive,Automatic 4-spd
8889,Hyundai,J-Car/Elantra,1992,4,Regular,19,26,22,403.9545455,14.98227273,1.6,Front-Wheel Drive,Manual 5-spd
9033,Hyundai,Sonata,1992,4,Regular,18,25,20,444.35,16.4805,2,Front-Wheel Drive,Automatic 4-spd
9034,Hyundai,Sonata,1992,4,Regular,18,24,20,444.35,16.4805,2,Front-Wheel Drive,Manual 5-spd
9035,Hyundai,Sonata,1992,6,Regular,16,22,18,493.7222222,18.31166667,3,Front-Wheel Drive,Automatic 4-spd
9783,Hyundai,Excel,1993,4,Regular,24,30,26,341.8076923,12.67730769,1.5,Front-Wheel Drive,Automatic 4-spd
9784,Hyundai,Excel,1993,4,Regular,25,30,27,329.1481481,12.20777778,1.5,Front-Wheel Drive,Manual 4-spd
9785,Hyundai,Excel,1993,4,Regular,25,33,28,317.3928571,11.77178571,1.5,Front-Wheel Drive,Manual 5-spd
9786,Hyundai,Scoupe,1993,4,Regular,23,29,25,355.48,13.1844,1.5,Front-Wheel Drive,Manual 5-spd
9787,Hyundai,Scoupe,1993,4,Regular,23,29,25,355.48,13.1844,1.5,Front-Wheel Drive,Automatic 4-spd
9788,Hyundai,Scoupe,1993,4,Regular,23,32,27,329.1481481,12.20777778,1.5,Front-Wheel Drive,Manual 5-spd
9931,Hyundai,Elantra,1993,4,Regular,19,26,22,403.9545455,14.98227273,1.6,Front-Wheel Drive,Manual 5-spd
9932,Hyundai,Elantra,1993,4,Regular,20,26,22,403.9545455,14.98227273,1.8,Front-Wheel Drive,Automatic 4-spd
9933,Hyundai,Elantra,1993,4,Regular,19,26,21,423.1904762,15.69571429,1.8,Front-Wheel Drive,Manual 5-spd
