19856,Maybach,57,2004,12,Premium,11,16,13,683.6153846,25.35461538,5.5,Rear-Wheel Drive,Automatic 5-spd
19857,Maybach,62,2004,12,Premium,11,16,13,683.6153846,25.35461538,5.5,Rear-Wheel Drive,Automatic 5-spd
20986,Maybach,57,2005,12,Premium,11,16,13,683.6153846,25.35461538,5.5,Rear-Wheel Drive,Automatic 5-spd
20987,Maybach,62,2005,12,Premium,11,16,13,683.6153846,25.35461538,5.5,Rear-Wheel Drive,Automatic 5-spd
22077,Maybach,57,2006,12,Premium,11,16,13,683.6153846,25.35461538,5.5,Rear-Wheel Drive,Automatic 5-spd
22078,Maybach,62,2006,12,Premium,11,16,13,683.6153846,25.35461538,5.5,Rear-Wheel Drive,Automatic 5-spd
22681,Maybach,57S,2006,12,Premium,10,15,12,740.5833333,27.4675,6,Rear-Wheel Drive,Automatic 5-spd
23881,Maybach,57,2007,12,Premium,10,16,12,740.5833333,27.4675,5.5,Rear-Wheel Drive,Automatic 5-spd
23882,Maybach,57S,2007,12,Premium,10,16,12,740.5833333,27.4675,6,Rear-Wheel Drive,Automatic 5-spd
23883,Maybach,62,2007,12,Premium,10,16,12,740.5833333,27.4675,5.5,Rear-Wheel Drive,Automatic 5-spd
23884,Maybach,62S,2007,12,Premium,10,16,12,740.5833333,27.4675,6,Rear-Wheel Drive,Automatic 5-spd
24912,Maybach,57,2008,12,Premium,10,16,12,740.5833333,27.4675,5.5,Rear-Wheel Drive,Automatic 5-spd
24913,Maybach,57S,2008,12,Premium,10,16,12,740.5833333,27.4675,6,Rear-Wheel Drive,Automatic 5-spd
24914,Maybach,62,2008,12,Premium,10,16,12,740.5833333,27.4675,5.5,Rear-Wheel Drive,Automatic 5-spd
24915,Maybach,62S,2008,12,Premium,10,16,12,740.5833333,27.4675,6,Rear-Wheel Drive,Automatic 5-spd
26268,Maybach,57,2009,12,Premium,10,16,12,740.5833333,27.4675,5.5,Rear-Wheel Drive,Automatic 5-spd
26269,Maybach,57S,2009,12,Premium,10,16,12,740.5833333,27.4675,6,Rear-Wheel Drive,Automatic 5-spd
26270,Maybach,62,2009,12,Premium,10,16,12,740.5833333,27.4675,5.5,Rear-Wheel Drive,Automatic 5-spd
26271,Maybach,62S,2009,12,Premium,10,16,12,740.5833333,27.4675,6,Rear-Wheel Drive,Automatic 5-spd
29870,Maybach,57,2010,12,Premium,10,16,12,740.5833333,27.4675,5.5,Rear-Wheel Drive,Automatic 5-spd
29871,Maybach,57S,2010,12,Premium,10,16,12,740.5833333,27.4675,6,Rear-Wheel Drive,Automatic 5-spd
29928,Maybach,57 Zeppelin,2010,12,Premium,10,16,12,740.5833333,27.4675,6,Rear-Wheel Drive,Automatic 5-spd
32316,Maybach,57,2012,12,Premium,10,16,12,740.5833333,27.4675,5.5,Rear-Wheel Drive,Automatic 5-spd
32317,Maybach,57S,2012,12,Premium,10,16,12,740.5833333,27.4675,5.5,Rear-Wheel Drive,Automatic 5-spd
32318,Maybach,62,2012,12,Premium,10,16,12,740.5833333,27.4675,5.5,Rear-Wheel Drive,Automatic 5-spd
32319,Maybach,62S,2012,12,Premium,10,16,12,740.5833333,27.4675,5.5,Rear-Wheel Drive,Automatic 5-spd
32320,Maybach,Landaulet,2012,12,Premium,10,16,12,740.5833333,27.4675,5.5,Rear-Wheel Drive,Automatic 5-spd
34754,Maybach,57,2011,12,Premium,10,16,12,740.5833333,27.4675,5.5,Rear-Wheel Drive,Automatic 5-spd
34755,Maybach,62,2011,12,Premium,10,16,12,740.5833333,27.4675,5.5,Rear-Wheel Drive,Automatic 5-spd
34756,Maybach,57S,2011,12,Premium,10,16,12,740.5833333,27.4675,6,Rear-Wheel Drive,Automatic 5-spd
34757,Maybach,62S,2011,12,Premium,10,16,12,740.5833333,27.4675,6,Rear-Wheel Drive,Automatic 5-spd
