10061,Mercury,Cougar,1993,6,Regular,17,24,19,467.7368421,17.34789474,3.8,Rear-Wheel Drive,Automatic 4-spd
10062,Mercury,Cougar,1993,8,Regular,15,22,18,493.7222222,18.31166667,5,Rear-Wheel Drive,Automatic 4-spd
10063,Mercury,Sable,1993,6,Regular,18,27,21,423.1904762,15.69571429,3,Front-Wheel Drive,Automatic 4-spd
10064,Mercury,Sable,1993,6,Regular,17,25,20,444.35,16.4805,3.8,Front-Wheel Drive,Automatic 4-spd
10122,Mercury,Grand Marquis,1993,8,Regular,16,24,19,467.7368421,17.34789474,4.6,Rear-Wheel Drive,Automatic 4-spd
10147,Mercury,Tracer Wagon,1993,4,Regular,22,30,25,355.48,13.1844,1.9,Front-Wheel Drive,Automatic 4-spd
10148,Mercury,Tracer Wagon,1993,4,Regular,25,33,28,317.3928571,11.77178571,1.9,Front-Wheel Drive,Manual 5-spd
10175,Mercury,Sable Wagon,1993,6,Regular,18,27,21,423.1904762,15.69571429,3,Front-Wheel Drive,Automatic 4-spd
10176,Mercury,Sable Wagon,1993,6,Regular,17,25,20,444.35,16.4805,3.8,Front-Wheel Drive,Automatic 4-spd
10508,Mercury,Villager FWD Van,1993,6,Regular,16,21,18,493.7222222,18.31166667,3,Front-Wheel Drive,Automatic 4-spd
10509,Mercury,Villager FWD Wagon,1993,6,Regular,16,21,18,493.7222222,18.31166667,3,Front-Wheel Drive,Automatic 4-spd
10658,Mercury,Capri,1994,4,Regular,20,24,21,423.1904762,15.69571429,1.6,Front-Wheel Drive,Automatic 4-spd
10659,Mercury,Capri,1994,4,Regular,21,26,23,386.3913043,14.33086957,1.6,Front-Wheel Drive,Manual 5-spd
10660,Mercury,Capri,1994,4,Regular,22,28,24,370.2916667,13.73375,1.6,Front-Wheel Drive,Manual 5-spd
10916,Mercury,Topaz,1994,4,Regular,19,25,21,423.1904762,15.69571429,2.3,Front-Wheel Drive,Automatic 3-spd
10917,Mercury,Topaz,1994,4,Regular,21,30,24,370.2916667,13.73375,2.3,Front-Wheel Drive,Manual 5-spd
10918,Mercury,Topaz,1994,6,Regular,18,22,19,467.7368421,17.34789474,3,Front-Wheel Drive,Automatic 3-spd
10919,Mercury,Topaz,1994,6,Regular,18,26,21,423.1904762,15.69571429,3,Front-Wheel Drive,Manual 5-spd
10920,Mercury,Tracer,1994,4,Regular,21,27,23,386.3913043,14.33086957,1.8,Front-Wheel Drive,Automatic 4-spd
10921,Mercury,Tracer,1994,4,Regular,23,29,25,355.48,13.1844,1.8,Front-Wheel Drive,Manual 5-spd
10922,Mercury,Tracer,1994,4,Regular,23,32,26,341.8076923,12.67730769,1.9,Front-Wheel Drive,Automatic 4-spd
10923,Mercury,Tracer,1994,4,Regular,26,34,29,306.4482759,11.36586207,1.9,Front-Wheel Drive,Manual 5-spd
11023,Mercury,Cougar,1994,6,Regular,17,24,19,467.7368421,17.34789474,3.8,Rear-Wheel Drive,Automatic 4-spd
11024,Mercury,Cougar,1994,8,Regular,16,23,18,493.7222222,18.31166667,4.6,Rear-Wheel Drive,Automatic 4-spd
11026,Mercury,Sable,1994,6,Regular,18,27,21,423.1904762,15.69571429,3,Front-Wheel Drive,Automatic 4-spd
11027,Mercury,Sable,1994,6,Regular,17,26,20,444.35,16.4805,3.8,Front-Wheel Drive,Automatic 4-spd
11079,Mercury,Grand Marquis,1994,8,Regular,16,23,18,493.7222222,18.31166667,4.6,Rear-Wheel Drive,Automatic 4-spd
11110,Mercury,Tracer Wagon,1994,4,Regular,23,32,26,341.8076923,12.67730769,1.9,Front-Wheel Drive,Automatic 4-spd
11111,Mercury,Tracer Wagon,1994,4,Regular,26,34,29,306.4482759,11.36586207,1.9,Front-Wheel Drive,Manual 5-spd
11137,Mercury,Sable Wagon,1994,6,Regular,18,27,21,423.1904762,15.69571429,3,Front-Wheel Drive,Automatic 4-spd
11138,Mercury,Sable Wagon,1994,6,Regular,17,26,20,444.35,16.4805,3.8,Front-Wheel Drive,Automatic 4-spd
11459,Mercury,Villager FWD Van,1994,6,Regular,15,21,17,522.7647059,19.38882353,3,Front-Wheel Drive,Automatic 4-spd
11460,Mercury,Villager FWD Wagon,1994,6,Regular,15,21,17,522.7647059,19.38882353,3,Front-Wheel Drive,Automatic 4-spd
11870,Mercury,Mystique,1995,4,Regular,21,29,24,370.2916667,13.73375,2,Front-Wheel Drive,Automatic 4-spd
11871,Mercury,Mystique,1995,6,Regular,19,28,22,403.9545455,14.98227273,2.5,Front-Wheel Drive,Automatic 4-spd
11872,Mercury,Mystique,1995,6,Regular,18,26,21,423.1904762,15.69571429,2.5,Front-Wheel Drive,Manual 5-spd
11873,Mercury,Tracer,1995,4,Regular,20,26,22,403.9545455,14.98227273,1.8,Front-Wheel Drive,Automatic 4-spd
11874,Mercury,Tracer,1995,4,Regular,22,28,24,370.2916667,13.73375,1.8,Front-Wheel Drive,Manual 5-spd
11875,Mercury,Tracer,1995,4,Regular,23,31,26,341.8076923,12.67730769,1.9,Front-Wheel Drive,Automatic 4-spd
11876,Mercury,Tracer,1995,4,Regular,26,34,29,306.4482759,11.36586207,1.9,Front-Wheel Drive,Manual 5-spd
11971,Mercury,Cougar,1995,6,Regular,17,24,19,467.7368421,17.34789474,3.8,Rear-Wheel Drive,Automatic 4-spd
11972,Mercury,Cougar,1995,8,Regular,15,23,18,493.7222222,18.31166667,4.6,Rear-Wheel Drive,Automatic 4-spd
11974,Mercury,Sable,1995,6,Regular,18,27,21,423.1904762,15.69571429,3,Front-Wheel Drive,Automatic 4-spd
11975,Mercury,Sable,1995,6,Regular,17,26,20,444.35,16.4805,3.8,Front-Wheel Drive,Automatic 4-spd
12054,Mercury,Grand Marquis,1995,8,Regular,15,23,18,493.7222222,18.31166667,4.6,Rear-Wheel Drive,Automatic 4-spd
12085,Mercury,Tracer Wagon,1995,4,Regular,23,31,26,341.8076923,12.67730769,1.9,Front-Wheel Drive,Automatic 4-spd
12086,Mercury,Tracer Wagon,1995,4,Regular,26,34,29,306.4482759,11.36586207,1.9,Front-Wheel Drive,Manual 5-spd
12110,Mercury,Sable Wagon,1995,6,Regular,18,27,21,423.1904762,15.69571429,3,Front-Wheel Drive,Automatic 4-spd
12111,Mercury,Sable Wagon,1995,6,Regular,16,24,19,467.7368421,17.34789474,3.8,Front-Wheel Drive,Automatic 4-spd
1240,Mercury,Capri,1985,4,Regular,18,22,20,444.35,16.4805,2.3,Rear-Wheel Drive,Automatic 3-spd
1241,Mercury,Capri,1985,4,Regular,21,26,23,386.3913043,14.33086957,2.3,Rear-Wheel Drive,Manual 4-spd
1242,Mercury,Capri,1985,6,Regular,17,21,18,493.7222222,18.31166667,3.8,Rear-Wheel Drive,Automatic 3-spd
12424,Mercury,Villager FWD Van,1995,6,Regular,15,22,18,493.7222222,18.31166667,3,Front-Wheel Drive,Automatic 4-spd
12425,Mercury,Villager FWD Wagon,1995,6,Regular,15,22,18,493.7222222,18.31166667,3,Front-Wheel Drive,Automatic 4-spd
12739,Mercury,Mystique,1996,4,Regular,20,29,23,386.3913043,14.33086957,2,Front-Wheel Drive,Automatic 4-spd
12740,Mercury,Mystique,1996,4,Regular,21,31,25,355.48,13.1844,2,Front-Wheel Drive,Manual 5-spd
12741,Mercury,Mystique,1996,6,Regular,18,27,21,423.1904762,15.69571429,2.5,Front-Wheel Drive,Automatic 4-spd
12742,Mercury,Mystique,1996,6,Regular,18,28,22,403.9545455,14.98227273,2.5,Front-Wheel Drive,Manual 5-spd
12743,Mercury,Tracer,1996,4,Regular,20,27,22,403.9545455,14.98227273,1.8,Front-Wheel Drive,Automatic 4-spd
12744,Mercury,Tracer,1996,4,Regular,22,28,24,370.2916667,13.73375,1.8,Front-Wheel Drive,Manual 5-spd
12745,Mercury,Tracer,1996,4,Regular,22,29,25,355.48,13.1844,1.9,Front-Wheel Drive,Automatic 4-spd
12746,Mercury,Tracer,1996,4,Regular,26,35,30,296.2333333,10.987,1.9,Front-Wheel Drive,Manual 5-spd
12835,Mercury,Cougar,1996,6,Regular,17,24,19,467.7368421,17.34789474,3.8,Rear-Wheel Drive,Automatic 4-spd
12836,Mercury,Cougar,1996,8,Regular,15,23,18,493.7222222,18.31166667,4.6,Rear-Wheel Drive,Automatic 4-spd
12838,Mercury,Sable,1996,6,Regular,18,26,21,423.1904762,15.69571429,3,Front-Wheel Drive,Automatic 4-spd
12839,Mercury,Sable,1996,6,Regular,18,26,21,423.1904762,15.69571429,3,Front-Wheel Drive,Automatic 4-spd
12889,Mercury,Grand Marquis,1996,8,Regular,15,23,18,493.7222222,18.31166667,4.6,Rear-Wheel Drive,Automatic 4-spd
12909,Mercury,Tracer Wagon,1996,4,Regular,22,29,25,355.48,13.1844,1.9,Front-Wheel Drive,Automatic 4-spd
12910,Mercury,Tracer Wagon,1996,4,Regular,26,35,30,296.2333333,10.987,1.9,Front-Wheel Drive,Manual 5-spd
12932,Mercury,Sable Wagon,1996,6,Regular,17,25,20,444.35,16.4805,3,Front-Wheel Drive,Automatic 4-spd
12933,Mercury,Sable Wagon,1996,6,Regular,17,26,20,444.35,16.4805,3,Front-Wheel Drive,Automatic 4-spd
1303,Mercury,Cougar,1985,4,Regular,17,24,19,467.7368421,17.34789474,2.3,Rear-Wheel Drive,Manual 5-spd
1304,Mercury,Cougar,1985,6,Regular,16,20,18,493.7222222,18.31166667,3.8,Rear-Wheel Drive,Automatic 3-spd
1305,Mercury,Lynx,1985,4,Regular,23,32,27,329.1481481,12.20777778,1.6,Front-Wheel Drive,Manual 4-spd
1306,Mercury,Lynx,1985,4,Regular,24,33,27,329.1481481,12.20777778,1.9,Front-Wheel Drive,Manual 4-spd
1307,Mercury,Lynx,1985,4,Regular,23,34,27,329.1481481,12.20777778,1.9,Front-Wheel Drive,Manual 5-spd
1308,Mercury,Lynx,1985,4,Diesel,31,39,34,299.4117647,11.24073529,2,Front-Wheel Drive,Manual 5-spd
1309,Mercury,Topaz,1985,4,Regular,21,27,23,386.3913043,14.33086957,2.3,Front-Wheel Drive,Automatic 3-spd
1310,Mercury,Topaz,1985,4,Regular,21,30,24,370.2916667,13.73375,2.3,Front-Wheel Drive,Manual 5-spd
1311,Mercury,Topaz,1985,4,Regular,19,28,22,403.9545455,14.98227273,2.3,Front-Wheel Drive,Manual 5-spd
13158,Mercury,Villager FWD Van,1996,6,Regular,16,21,18,493.7222222,18.31166667,3,Front-Wheel Drive,Automatic 4-spd
13159,Mercury,Villager FWD Wagon,1996,6,Regular,16,21,18,493.7222222,18.31166667,3,Front-Wheel Drive,Automatic 4-spd
13479,Mercury,Mystique,1997,4,Regular,20,29,23,386.3913043,14.33086957,2,Front-Wheel Drive,Automatic 4-spd
13480,Mercury,Mystique,1997,4,Regular,21,30,24,370.2916667,13.73375,2,Front-Wheel Drive,Manual 5-spd
13481,Mercury,Mystique,1997,6,Regular,18,28,22,403.9545455,14.98227273,2.5,Front-Wheel Drive,Automatic 4-spd
13482,Mercury,Mystique,1997,6,Regular,18,26,21,423.1904762,15.69571429,2.5,Front-Wheel Drive,Manual 5-spd
13483,Mercury,Tracer,1997,4,Regular,23,31,26,341.8076923,12.67730769,2,Front-Wheel Drive,Automatic 4-spd
13484,Mercury,Tracer,1997,4,Regular,24,34,28,317.3928571,11.77178571,2,Front-Wheel Drive,Manual 5-spd
13573,Mercury,Cougar,1997,6,Regular,16,24,19,467.7368421,17.34789474,3.8,Rear-Wheel Drive,Automatic 4-spd
13574,Mercury,Cougar,1997,8,Regular,15,23,18,493.7222222,18.31166667,4.6,Rear-Wheel Drive,Automatic 4-spd
13576,Mercury,Sable,1997,6,Regular,17,26,20,444.35,16.4805,3,Front-Wheel Drive,Automatic 4-spd
13577,Mercury,Sable,1997,6,Regular,18,26,21,423.1904762,15.69571429,3,Front-Wheel Drive,Automatic 4-spd
13634,Mercury,Grand Marquis,1997,8,Regular,15,23,18,493.7222222,18.31166667,4.6,Rear-Wheel Drive,Automatic 4-spd
13663,Mercury,Tracer Wagon,1997,4,Regular,23,31,26,341.8076923,12.67730769,2,Front-Wheel Drive,Automatic 4-spd
13664,Mercury,Tracer Wagon,1997,4,Regular,24,34,28,317.3928571,11.77178571,2,Front-Wheel Drive,Manual 5-spd
13676,Mercury,Sable Wagon,1997,6,Regular,16,24,19,467.7368421,17.34789474,3,Front-Wheel Drive,Automatic 4-spd
13677,Mercury,Sable Wagon,1997,6,Regular,17,24,20,444.35,16.4805,3,Front-Wheel Drive,Automatic 4-spd
1371,Mercury,Marquis,1985,4,Regular,18,22,20,444.35,16.4805,2.3,Rear-Wheel Drive,Automatic 3-spd
1372,Mercury,Marquis,1985,6,Regular,16,20,18,493.7222222,18.31166667,3.8,Rear-Wheel Drive,Automatic 3-spd
13884,Mercury,Mountaineer 2WD,1997,8,Regular,12,17,14,634.7857143,23.54357143,5,Rear-Wheel Drive,Automatic 4-spd
13885,Mercury,Villager FWD Van,1997,6,Regular,16,21,18,493.7222222,18.31166667,3,Front-Wheel Drive,Automatic 4-spd
13886,Mercury,Villager FWD Wagon,1997,6,Regular,16,21,18,493.7222222,18.31166667,3,Front-Wheel Drive,Automatic 4-spd
13941,Mercury,Mountaineer 4WD,1997,8,Regular,12,17,14,634.7857143,23.54357143,5,4-Wheel or All-Wheel Drive,Automatic 4-spd
14225,Mercury,Mystique,1998,4,Regular,21,30,24,370.2916667,13.73375,2,Front-Wheel Drive,Automatic 4-spd
14226,Mercury,Mystique,1998,4,Regular,21,32,25,355.48,13.1844,2,Front-Wheel Drive,Manual 5-spd
14227,Mercury,Mystique,1998,6,Regular,18,28,22,403.9545455,14.98227273,2.5,Front-Wheel Drive,Automatic 4-spd
14228,Mercury,Mystique,1998,6,Regular,17,26,20,444.35,16.4805,2.5,Front-Wheel Drive,Manual 5-spd
14229,Mercury,Tracer,1998,4,Regular,22,31,25,355.48,13.1844,2,Front-Wheel Drive,Automatic 4-spd
14230,Mercury,Tracer,1998,4,Regular,24,34,28,317.3928571,11.77178571,2,Front-Wheel Drive,Manual 5-spd
1430,Mercury,Lynx Wagon,1985,4,Regular,24,33,27,329.1481481,12.20777778,1.9,Front-Wheel Drive,Manual 4-spd
1431,Mercury,Lynx Wagon,1985,4,Regular,23,34,27,329.1481481,12.20777778,1.9,Front-Wheel Drive,Manual 5-spd
14330,Mercury,Sable,1998,6,Regular,16,25,19,467.7368421,17.34789474,3,Front-Wheel Drive,Automatic 4-spd
14331,Mercury,Sable,1998,6,Regular,17,26,20,444.35,16.4805,3,Front-Wheel Drive,Automatic 4-spd
14390,Mercury,Grand Marquis,1998,8,Regular,15,22,18,493.7222222,18.31166667,4.6,Rear-Wheel Drive,Automatic 4-spd
14419,Mercury,Tracer Wagon,1998,4,Regular,22,31,25,355.48,13.1844,2,Front-Wheel Drive,Automatic 4-spd
14420,Mercury,Tracer Wagon,1998,4,Regular,24,34,28,317.3928571,11.77178571,2,Front-Wheel Drive,Manual 5-spd
14434,Mercury,Sable Wagon,1998,6,Regular,16,24,19,467.7368421,17.34789474,3,Front-Wheel Drive,Automatic 4-spd
14435,Mercury,Sable Wagon,1998,6,Regular,16,23,18,493.7222222,18.31166667,3,Front-Wheel Drive,Automatic 4-spd
1458,Mercury,Marquis Wagon,1985,6,Regular,16,20,18,493.7222222,18.31166667,3.8,Rear-Wheel Drive,Automatic 3-spd
14673,Mercury,Mountaineer 2WD,1998,6,Regular,14,18,16,555.4375,20.600625,4,Rear-Wheel Drive,Automatic 5-spd
14674,Mercury,Mountaineer 2WD,1998,8,Regular,12,17,14,634.7857143,23.54357143,5,Rear-Wheel Drive,Automatic 4-spd
14675,Mercury,Villager FWD Van,1998,6,Regular,16,22,18,493.7222222,18.31166667,3,Front-Wheel Drive,Automatic 4-spd
14676,Mercury,Villager FWD Wagon,1998,6,Regular,16,22,18,493.7222222,18.31166667,3,Front-Wheel Drive,Automatic 4-spd
14761,Mercury,Mountaineer 4WD,1998,6,Regular,14,18,15,592.4666667,21.974,4,4-Wheel or All-Wheel Drive,Automatic 5-spd
14762,Mercury,Mountaineer 4WD,1998,8,Regular,12,17,14,634.7857143,23.54357143,5,4-Wheel or All-Wheel Drive,Automatic 4-spd
14999,Mercury,Cougar,1999,4,Regular,20,28,23,386.3913043,14.33086957,2,Front-Wheel Drive,Automatic 4-spd
15000,Mercury,Cougar,1999,4,Regular,21,31,25,355.48,13.1844,2,Front-Wheel Drive,Manual 5-spd
15001,Mercury,Cougar,1999,6,Regular,18,26,21,423.1904762,15.69571429,2.5,Front-Wheel Drive,Automatic 4-spd
15002,Mercury,Cougar,1999,6,Regular,17,26,20,444.35,16.4805,2.5,Front-Wheel Drive,Manual 5-spd
15003,Mercury,Mystique,1999,4,Regular,20,28,23,386.3913043,14.33086957,2,Front-Wheel Drive,Automatic 4-spd
15004,Mercury,Mystique,1999,4,Regular,21,31,25,355.48,13.1844,2,Front-Wheel Drive,Manual 5-spd
15005,Mercury,Mystique,1999,6,Regular,18,26,21,423.1904762,15.69571429,2.5,Front-Wheel Drive,Automatic 4-spd
15006,Mercury,Mystique,1999,6,Regular,17,26,20,444.35,16.4805,2.5,Front-Wheel Drive,Manual 5-spd
15007,Mercury,Tracer,1999,4,Regular,22,31,25,355.48,13.1844,2,Front-Wheel Drive,Automatic 4-spd
15008,Mercury,Tracer,1999,4,Regular,24,34,28,317.3928571,11.77178571,2,Front-Wheel Drive,Manual 5-spd
15120,Mercury,Sable,1999,6,Regular,17,26,20,444.35,16.4805,3,Front-Wheel Drive,Automatic 4-spd
15121,Mercury,Sable,1999,6,Regular,16,24,19,467.7368421,17.34789474,3,Front-Wheel Drive,Automatic 4-spd
15191,Mercury,Grand Marquis,1999,8,Regular,15,22,18,493.7222222,18.31166667,4.6,Rear-Wheel Drive,Automatic 4-spd
15217,Mercury,Tracer Wagon,1999,4,Regular,22,31,25,355.48,13.1844,2,Front-Wheel Drive,Automatic 4-spd
15218,Mercury,Tracer Wagon,1999,4,Regular,24,34,28,317.3928571,11.77178571,2,Front-Wheel Drive,Manual 5-spd
15233,Mercury,Sable Wagon,1999,6,Regular,16,24,19,467.7368421,17.34789474,3,Front-Wheel Drive,Automatic 4-spd
15234,Mercury,Sable Wagon,1999,6,Regular,17,25,20,444.35,16.4805,3,Front-Wheel Drive,Automatic 4-spd
153,Mercury,Capri,1985,4,Regular,19,23,20,444.35,16.4805,2.3,Rear-Wheel Drive,Automatic 3-spd
154,Mercury,Capri,1985,4,Regular,21,27,23,386.3913043,14.33086957,2.3,Rear-Wheel Drive,Manual 4-spd
15428,Mercury,Villager FWD Wagon,1999,6,Regular,15,22,18,493.7222222,18.31166667,3.3,Front-Wheel Drive,Automatic 4-spd
15480,Mercury,Mountaineer 2WD,1999,6,Regular,14,19,16,555.4375,20.600625,4,Rear-Wheel Drive,Automatic 5-spd
15481,Mercury,Mountaineer 2WD,1999,8,Regular,13,18,15,592.4666667,21.974,5,Rear-Wheel Drive,Automatic 4-spd
155,Mercury,Capri,1985,6,Regular,17,20,18,493.7222222,18.31166667,3.8,Rear-Wheel Drive,Automatic 3-spd
15559,Mercury,Mountaineer 4WD,1999,6,Regular,14,18,15,592.4666667,21.974,4,4-Wheel or All-Wheel Drive,Automatic 5-spd
15560,Mercury,Mountaineer 4WD,1999,8,Regular,13,17,14,634.7857143,23.54357143,5,4-Wheel or All-Wheel Drive,Automatic 4-spd
156,Mercury,Capri,1985,8,Regular,15,22,17,522.7647059,19.38882353,5,Rear-Wheel Drive,Manual 5-spd
157,Mercury,Capri,1985,8,Regular,15,22,17,522.7647059,19.38882353,5,Rear-Wheel Drive,Automatic 4-spd
15802,Mercury,Cougar,2000,4,Regular,21,31,25,355.48,13.1844,2,Front-Wheel Drive,Manual 5-spd
15803,Mercury,Cougar,2000,6,Regular,18,26,21,423.1904762,15.69571429,2.5,Front-Wheel Drive,Automatic 4-spd
15804,Mercury,Cougar,2000,6,Regular,18,26,21,423.1904762,15.69571429,2.5,Front-Wheel Drive,Manual 5-spd
15805,Mercury,Mystique,2000,4,Regular,19,28,23,386.3913043,14.33086957,2,Front-Wheel Drive,Automatic 4-spd
15806,Mercury,Mystique,2000,4,Regular,21,31,25,355.48,13.1844,2,Front-Wheel Drive,Manual 5-spd
15807,Mercury,Mystique,2000,6,Regular,18,26,21,423.1904762,15.69571429,2.5,Front-Wheel Drive,Automatic 4-spd
15808,Mercury,Mystique,2000,6,Regular,18,26,21,423.1904762,15.69571429,2.5,Front-Wheel Drive,Manual 5-spd
15928,Mercury,Sable,2000,6,Regular,17,26,20,444.35,16.4805,3,Front-Wheel Drive,Automatic 4-spd
15929,Mercury,Sable,2000,6,Regular,17,26,20,444.35,16.4805,3,Front-Wheel Drive,Automatic 4-spd
16003,Mercury,Grand Marquis,2000,8,Regular,16,23,18,493.7222222,18.31166667,4.6,Rear-Wheel Drive,Automatic 4-spd
16040,Mercury,Sable Wagon,2000,6,Regular,17,25,20,444.35,16.4805,3,Front-Wheel Drive,Automatic 4-spd
16041,Mercury,Sable Wagon,2000,6,Regular,17,24,19,467.7368421,17.34789474,3,Front-Wheel Drive,Automatic 4-spd
16229,Mercury,Villager FWD Wagon,2000,6,Regular,15,22,18,493.7222222,18.31166667,3.3,Front-Wheel Drive,Automatic 4-spd
16286,Mercury,Mountaineer 2WD,2000,6,Regular,14,19,16,555.4375,20.600625,4,Rear-Wheel Drive,Automatic 5-spd
16287,Mercury,Mountaineer 2WD,2000,8,Regular,13,18,15,592.4666667,21.974,5,Rear-Wheel Drive,Automatic 4-spd
16371,Mercury,Mountaineer 4WD,2000,6,Regular,14,19,16,555.4375,20.600625,4,4-Wheel or All-Wheel Drive,Automatic 5-spd
16372,Mercury,Mountaineer 4WD,2000,8,Regular,13,18,15,592.4666667,21.974,5,4-Wheel or All-Wheel Drive,Automatic 4-spd
16652,Mercury,Cougar,2001,4,Regular,21,31,24,370.2916667,13.73375,2,Front-Wheel Drive,Manual 5-spd
16653,Mercury,Cougar,2001,6,Regular,18,26,21,423.1904762,15.69571429,2.5,Front-Wheel Drive,Automatic 4-spd
16654,Mercury,Cougar,2001,6,Regular,18,27,21,423.1904762,15.69571429,2.5,Front-Wheel Drive,Manual 5-spd
16792,Mercury,Sable,2001,6,Regular,17,25,20,444.35,16.4805,3,Front-Wheel Drive,Automatic 4-spd
16793,Mercury,Sable,2001,6,Regular,16,25,19,467.7368421,17.34789474,3,Front-Wheel Drive,Automatic 4-spd
16860,Mercury,Grand Marquis,2001,8,Regular,16,23,18,493.7222222,18.31166667,4.6,Rear-Wheel Drive,Automatic 4-spd
16906,Mercury,Sable Wagon,2001,6,Regular,17,24,19,467.7368421,17.34789474,3,Front-Wheel Drive,Automatic 4-spd
16907,Mercury,Sable Wagon,2001,6,Regular,16,24,19,467.7368421,17.34789474,3,Front-Wheel Drive,Automatic 4-spd
17098,Mercury,Villager FWD Wagon,2001,6,Regular,15,21,17,522.7647059,19.38882353,3.3,Front-Wheel Drive,Automatic 4-spd
17161,Mercury,Mountaineer 2WD,2001,6,Regular,15,20,17,522.7647059,19.38882353,4,Rear-Wheel Drive,Automatic 5-spd
17162,Mercury,Mountaineer 2WD,2001,8,Regular,13,18,15,592.4666667,21.974,5,Rear-Wheel Drive,Automatic 4-spd
17265,Mercury,Mountaineer 4WD,2001,6,Regular,13,18,15,592.4666667,21.974,4,4-Wheel or All-Wheel Drive,Automatic 5-spd
17266,Mercury,Mountaineer 4WD,2001,8,Regular,13,18,15,592.4666667,21.974,5,4-Wheel or All-Wheel Drive,Automatic 4-spd
17318,Mercury,Sable (FFV),2001,6,Gasoline or E85,16,25,19,467.7368421,17.34789474,3,Front-Wheel Drive,Automatic 4-spd
17319,Mercury,Sable Wagon (FFV),2001,6,Gasoline or E85,16,24,19,467.7368421,17.34789474,3,Front-Wheel Drive,Automatic 4-spd
17578,Mercury,Cougar,2002,4,Regular,21,31,24,370.2916667,13.73375,2,Front-Wheel Drive,Manual 5-spd
17579,Mercury,Cougar,2002,6,Regular,18,26,21,423.1904762,15.69571429,2.5,Front-Wheel Drive,Automatic 4-spd
17580,Mercury,Cougar,2002,6,Regular,18,27,21,423.1904762,15.69571429,2.5,Front-Wheel Drive,Manual 5-spd
17720,Mercury,Sable,2002,6,Regular,18,25,21,423.1904762,15.69571429,3,Front-Wheel Drive,Automatic 4-spd
17721,Mercury,Sable,2002,6,Regular,18,25,20,444.35,16.4805,3,Front-Wheel Drive,Automatic 4-spd
17790,Mercury,Grand Marquis,2002,8,Regular,15,23,18,493.7222222,18.31166667,4.6,Rear-Wheel Drive,Automatic 4-spd
17844,Mercury,Sable Wagon,2002,6,Regular,17,24,20,444.35,16.4805,3,Front-Wheel Drive,Automatic 4-spd
17845,Mercury,Sable Wagon,2002,6,Regular,17,24,19,467.7368421,17.34789474,3,Front-Wheel Drive,Automatic 4-spd
18031,Mercury,Villager FWD Wagon,2002,6,Regular,15,21,17,522.7647059,19.38882353,3.3,Front-Wheel Drive,Automatic 4-spd
18104,Mercury,Mountaineer 2WD,2002,6,Regular,14,19,16,555.4375,20.600625,4,Rear-Wheel Drive,Automatic 5-spd
18105,Mercury,Mountaineer 2WD,2002,8,Regular,13,18,15,592.4666667,21.974,4.6,Rear-Wheel Drive,Automatic 5-spd
18218,Mercury,Mountaineer 4WD,2002,6,Regular,13,18,15,592.4666667,21.974,4,4-Wheel or All-Wheel Drive,Automatic 5-spd
18219,Mercury,Mountaineer 4WD,2002,8,Regular,12,17,14,634.7857143,23.54357143,4.6,4-Wheel or All-Wheel Drive,Automatic 5-spd
18281,Mercury,Mountaineer 4WD FFV,2002,6,Gasoline or E85,13,18,15,592.4666667,21.974,4,4-Wheel or All-Wheel Drive,Automatic 5-spd
18282,Mercury,Sable,2002,6,Gasoline or E85,18,25,21,423.1904762,15.69571429,3,Front-Wheel Drive,Automatic 4-spd
18285,Mercury,Sable Wagon,2002,6,Gasoline or E85,17,24,19,467.7368421,17.34789474,3,Front-Wheel Drive,Automatic 4-spd
18289,Mercury,Mountaineer 2WD FFV,2002,6,Gasoline or E85,14,19,16,555.4375,20.600625,4,Rear-Wheel Drive,Automatic 5-spd
1853,Mercury,Capri,1986,4,Regular,18,23,20,444.35,16.4805,2.3,Rear-Wheel Drive,Automatic 3-spd
1854,Mercury,Capri,1986,4,Regular,21,26,23,386.3913043,14.33086957,2.3,Rear-Wheel Drive,Manual 4-spd
1855,Mercury,Capri,1986,6,Regular,17,22,19,467.7368421,17.34789474,3.8,Rear-Wheel Drive,Automatic 3-spd
1856,Mercury,Capri,1986,8,Regular,15,24,18,493.7222222,18.31166667,5,Rear-Wheel Drive,Automatic 4-spd
1857,Mercury,Capri,1986,8,Regular,15,23,18,493.7222222,18.31166667,5,Rear-Wheel Drive,Manual 5-spd
18682,Mercury,Sable,2003,6,Regular,18,26,21,423.1904762,15.69571429,3,Front-Wheel Drive,Automatic 4-spd
18683,Mercury,Sable,2003,6,Regular,18,25,21,423.1904762,15.69571429,3,Front-Wheel Drive,Automatic 4-spd
18744,Mercury,Grand Marquis,2003,8,Regular,16,23,18,493.7222222,18.31166667,4.6,Rear-Wheel Drive,Automatic 4-spd
18745,Mercury,Marauder,2003,8,Premium,15,21,17,522.7647059,19.38882353,4.6,Rear-Wheel Drive,Automatic 4-spd
18809,Mercury,Sable Wagon,2003,6,Regular,17,24,19,467.7368421,17.34789474,3,Front-Wheel Drive,Automatic 4-spd
18810,Mercury,Sable Wagon,2003,6,Regular,17,24,19,467.7368421,17.34789474,3,Front-Wheel Drive,Automatic 4-spd
19084,Mercury,Mountaineer 2WD,2003,8,Regular,13,18,15,592.4666667,21.974,4.6,Rear-Wheel Drive,Automatic 5-spd
19211,Mercury,Mountaineer 4WD,2003,8,Regular,13,18,15,592.4666667,21.974,4.6,4-Wheel or All-Wheel Drive,Automatic 5-spd
19262,Mercury,Mountaineer 4WD FFV,2003,6,Gasoline or E85,14,19,16,555.4375,20.600625,4,4-Wheel or All-Wheel Drive,Automatic 5-spd
19266,Mercury,Mountaineer 2WD FFV,2003,6,Gasoline or E85,14,19,16,555.4375,20.600625,4,Rear-Wheel Drive,Automatic 5-spd
19287,Mercury,Sable,2003,6,Gasoline or E85,17,25,20,444.35,16.4805,3,Front-Wheel Drive,Automatic 4-spd
19290,Mercury,Sable Wagon,2003,6,Gasoline or E85,17,24,19,467.7368421,17.34789474,3,Front-Wheel Drive,Automatic 4-spd
19776,Mercury,Sable,2004,6,Regular,17,24,20,444.35,16.4805,3,Front-Wheel Drive,Automatic 4-spd
19777,Mercury,Sable,2004,6,Regular,18,25,20,444.35,16.4805,3,Front-Wheel Drive,Automatic 4-spd
19853,Mercury,Grand Marquis,2004,8,Regular,15,23,18,493.7222222,18.31166667,4.6,Rear-Wheel Drive,Automatic 4-spd
19854,Mercury,Marauder,2004,8,Premium,15,21,17,522.7647059,19.38882353,4.6,Rear-Wheel Drive,Automatic 4-spd
19918,Mercury,Sable Wagon,2004,6,Regular,17,24,20,444.35,16.4805,3,Front-Wheel Drive,Automatic 4-spd
19919,Mercury,Sable Wagon,2004,6,Regular,16,23,19,467.7368421,17.34789474,3,Front-Wheel Drive,Automatic 4-spd
1994,Mercury,Cougar,1986,4,Regular,16,20,18,493.7222222,18.31166667,2.3,Rear-Wheel Drive,Automatic 3-spd
1995,Mercury,Cougar,1986,4,Regular,18,24,20,444.35,16.4805,2.3,Rear-Wheel Drive,Manual 5-spd
1996,Mercury,Cougar,1986,6,Regular,17,21,18,493.7222222,18.31166667,3.8,Rear-Wheel Drive,Automatic 3-spd
1997,Mercury,Cougar,1986,6,Regular,17,24,19,467.7368421,17.34789474,3.8,Rear-Wheel Drive,Automatic 4-spd
1998,Mercury,Cougar,1986,8,Regular,16,24,19,467.7368421,17.34789474,5,Rear-Wheel Drive,Automatic 4-spd
1999,Mercury,Lynx,1986,4,Regular,21,26,23,386.3913043,14.33086957,1.9,Front-Wheel Drive,Automatic 3-spd
2000,Mercury,Lynx,1986,4,Regular,26,35,29,306.4482759,11.36586207,1.9,Front-Wheel Drive,Manual 4-spd
2001,Mercury,Lynx,1986,4,Regular,23,31,26,341.8076923,12.67730769,1.9,Front-Wheel Drive,Manual 5-spd
2002,Mercury,Lynx,1986,4,Regular,19,26,22,403.9545455,14.98227273,1.9,Front-Wheel Drive,Automatic 3-spd
2003,Mercury,Lynx,1986,4,Regular,21,29,24,370.2916667,13.73375,1.9,Front-Wheel Drive,Manual 5-spd
2004,Mercury,Lynx,1986,4,Diesel,31,39,34,299.4117647,11.24073529,2,Front-Wheel Drive,Manual 5-spd
2005,Mercury,Topaz,1986,4,Diesel,31,39,34,299.4117647,11.24073529,2,Front-Wheel Drive,Manual 5-spd
2006,Mercury,Topaz,1986,4,Regular,22,30,25,355.48,13.1844,2.3,Front-Wheel Drive,Manual 5-spd
2007,Mercury,Topaz,1986,4,Regular,21,26,23,386.3913043,14.33086957,2.3,Front-Wheel Drive,Automatic 3-spd
2008,Mercury,Topaz,1986,4,Regular,20,28,23,386.3913043,14.33086957,2.3,Front-Wheel Drive,Manual 5-spd
20134,Mercury,Monterey Wagon FWD,2004,6,Regular,15,21,17,522.7647059,19.38882353,4.2,Front-Wheel Drive,Automatic 4-spd
20212,Mercury,Mountaineer 2WD,2004,8,Regular,13,18,15,592.4666667,21.974,4.6,Rear-Wheel Drive,Automatic 5-spd
20337,Mercury,Mountaineer 4WD,2004,8,Regular,13,18,15,592.4666667,21.974,4.6,4-Wheel or All-Wheel Drive,Automatic 5-spd
20418,Mercury,Mountaineer 2WD FFV,2004,6,Gasoline or E85,14,20,16,555.4375,20.600625,4,Rear-Wheel Drive,Automatic 5-spd
20434,Mercury,Mountaineer 4WD FFV,2004,6,Gasoline or E85,13,18,15,592.4666667,21.974,4,4-Wheel or All-Wheel Drive,Automatic 5-spd
20436,Mercury,Sable,2004,6,Gasoline or E85,17,25,20,444.35,16.4805,3,Front-Wheel Drive,Automatic 4-spd
20437,Mercury,Sable Wagon,2004,6,Gasoline or E85,17,24,19,467.7368421,17.34789474,3,Front-Wheel Drive,Automatic 4-spd
20447,Mercury,Mountaineer 2WD,2004,6,Regular,14,19,16,555.4375,20.600625,4,Rear-Wheel Drive,Automatic 5-spd
20450,Mercury,Mountaineer 4WD,2004,6,Regular,14,18,15,592.4666667,21.974,4,4-Wheel or All-Wheel Drive,Automatic 5-spd
20900,Mercury,Sable,2005,6,Regular,18,25,20,444.35,16.4805,3,Front-Wheel Drive,Automatic 4-spd
20901,Mercury,Sable,2005,6,Regular,18,25,20,444.35,16.4805,3,Front-Wheel Drive,Automatic 4-spd
20980,Mercury,Grand Marquis,2005,8,Regular,16,23,19,467.7368421,17.34789474,4.6,Rear-Wheel Drive,Automatic 4-spd
20981,Mercury,Montego AWD,2005,6,Regular,17,23,19,467.7368421,17.34789474,3,4-Wheel or All-Wheel Drive,Automatic (variable gear ratios)
20982,Mercury,Montego FWD,2005,6,Regular,18,25,20,444.35,16.4805,3,Front-Wheel Drive,Automatic (variable gear ratios)
20983,Mercury,Montego FWD,2005,6,Regular,19,26,21,423.1904762,15.69571429,3,Front-Wheel Drive,Automatic 6-spd
21051,Mercury,Sable Wagon,2005,6,Regular,17,23,19,467.7368421,17.34789474,3,Front-Wheel Drive,Automatic 4-spd
21052,Mercury,Sable Wagon,2005,6,Regular,17,24,19,467.7368421,17.34789474,3,Front-Wheel Drive,Automatic 4-spd
21239,Mercury,Monterey Wagon FWD,2005,6,Regular,16,21,18,493.7222222,18.31166667,4.2,Front-Wheel Drive,Automatic 4-spd
21325,Mercury,Mariner 2WD,2005,4,Regular,19,24,21,423.1904762,15.69571429,2.3,Front-Wheel Drive,Automatic 4-spd
21326,Mercury,Mariner 2WD,2005,6,Regular,17,23,19,467.7368421,17.34789474,3,Front-Wheel Drive,Automatic 4-spd
21327,Mercury,Mountaineer 2WD,2005,6,Regular,14,19,16,555.4375,20.600625,4,Rear-Wheel Drive,Automatic 5-spd
21328,Mercury,Mountaineer 2WD,2005,8,Regular,13,18,15,592.4666667,21.974,4.6,Rear-Wheel Drive,Automatic 5-spd
21443,Mercury,Mariner 4WD,2005,4,Regular,17,21,19,467.7368421,17.34789474,2.3,4-Wheel or All-Wheel Drive,Automatic 4-spd
21444,Mercury,Mariner 4WD,2005,6,Regular,16,21,18,493.7222222,18.31166667,3,4-Wheel or All-Wheel Drive,Automatic 4-spd
21445,Mercury,Mountaineer 4WD,2005,6,Regular,13,17,14,634.7857143,23.54357143,4,4-Wheel or All-Wheel Drive,Automatic 5-spd
21446,Mercury,Mountaineer 4WD,2005,8,Regular,13,17,14,634.7857143,23.54357143,4.6,4-Wheel or All-Wheel Drive,Automatic 5-spd
21501,Mercury,Sable,2005,6,Gasoline or E85,17,25,20,444.35,16.4805,3,Front-Wheel Drive,Automatic 4-spd
21502,Mercury,Sable Wagon,2005,6,Gasoline or E85,17,24,19,467.7368421,17.34789474,3,Front-Wheel Drive,Automatic 4-spd
21509,Mercury,Mountaineer FFV 2WD,2005,6,Gasoline or E85,13,19,15,592.4666667,21.974,4,Rear-Wheel Drive,Automatic 5-spd
21510,Mercury,Mountaineer FFV 4WD,2005,6,Gasoline or E85,13,17,14,634.7857143,23.54357143,4,4-Wheel or All-Wheel Drive,Automatic 5-spd
2153,Mercury,Marquis,1986,4,Regular,18,23,20,444.35,16.4805,2.3,Rear-Wheel Drive,Automatic 3-spd
2154,Mercury,Marquis,1986,6,Regular,17,21,18,493.7222222,18.31166667,3.8,Rear-Wheel Drive,Automatic 3-spd
2155,Mercury,Sable,1986,4,Regular,18,24,20,444.35,16.4805,2.5,Front-Wheel Drive,Automatic 3-spd
2156,Mercury,Sable,1986,6,Regular,18,26,20,444.35,16.4805,3,Front-Wheel Drive,Automatic 4-spd
21982,Mercury,Milan,2006,4,Regular,21,29,24,370.2916667,13.73375,2.3,Front-Wheel Drive,Automatic 5-spd
21983,Mercury,Milan,2006,4,Regular,20,28,23,386.3913043,14.33086957,2.3,Front-Wheel Drive,Manual 5-spd
21984,Mercury,Milan,2006,6,Regular,18,27,21,423.1904762,15.69571429,3,Front-Wheel Drive,Automatic 6-spd
22071,Mercury,Grand Marquis,2006,8,Regular,15,23,18,493.7222222,18.31166667,4.6,Rear-Wheel Drive,Automatic 4-spd
22072,Mercury,Montego AWD,2006,6,Regular,17,23,19,467.7368421,17.34789474,3,4-Wheel or All-Wheel Drive,Automatic (variable gear ratios)
22074,Mercury,Montego FWD,2006,6,Regular,19,26,21,423.1904762,15.69571429,3,Front-Wheel Drive,Automatic 6-spd
2218,Mercury,Grand Marquis,1986,8,Regular,16,24,19,467.7368421,17.34789474,5,Rear-Wheel Drive,Automatic 4-spd
22334,Mercury,Monterey Wagon FWD,2006,6,Regular,15,21,17,522.7647059,19.38882353,4.2,Front-Wheel Drive,Automatic 4-spd
22436,Mercury,Mariner FWD,2006,4,Regular,20,23,21,423.1904762,15.69571429,2.3,Front-Wheel Drive,Automatic 4-spd
22437,Mercury,Mariner FWD,2006,6,Regular,18,23,20,444.35,16.4805,3,Front-Wheel Drive,Automatic 4-spd
22438,Mercury,Mountaineer 2WD,2006,6,Regular,13,19,16,555.4375,20.600625,4,Rear-Wheel Drive,Automatic 5-spd
22439,Mercury,Mountaineer 2WD,2006,8,Regular,13,19,15,592.4666667,21.974,4.6,Rear-Wheel Drive,Automatic 6-spd
2251,Mercury,Lynx Wagon,1986,4,Regular,22,26,24,370.2916667,13.73375,1.9,Front-Wheel Drive,Automatic 3-spd
2252,Mercury,Lynx Wagon,1986,4,Regular,26,35,29,306.4482759,11.36586207,1.9,Front-Wheel Drive,Manual 4-spd
2253,Mercury,Lynx Wagon,1986,4,Regular,23,31,26,341.8076923,12.67730769,1.9,Front-Wheel Drive,Manual 5-spd
2254,Mercury,Lynx Wagon,1986,4,Diesel,31,39,34,299.4117647,11.24073529,2,Front-Wheel Drive,Manual 5-spd
22558,Mercury,Mariner 4WD,2006,4,Regular,18,22,20,444.35,16.4805,2.3,4-Wheel or All-Wheel Drive,Automatic 4-spd
22559,Mercury,Mariner 4WD,2006,6,Regular,17,21,19,467.7368421,17.34789474,3,4-Wheel or All-Wheel Drive,Automatic 4-spd
22560,Mercury,Mariner Hybrid 4WD,2006,4,Regular,28,26,27,329.1481481,12.20777778,2.3,4-Wheel or All-Wheel Drive,Automatic (variable gear ratios)
22561,Mercury,Mountaineer 4WD,2006,6,Regular,13,19,15,592.4666667,21.974,4,4-Wheel or All-Wheel Drive,Automatic 5-spd
22562,Mercury,Mountaineer 4WD,2006,8,Regular,13,18,15,592.4666667,21.974,4.6,4-Wheel or All-Wheel Drive,Automatic 6-spd
22621,Mercury,Grand Marquis,2006,8,Gasoline or E85,15,23,18,493.7222222,18.31166667,4.6,Rear-Wheel Drive,Automatic 4-spd
22854,Mercury,Montego AWD,2007,6,Regular,17,23,19,467.7368421,17.34789474,3,4-Wheel or All-Wheel Drive,Automatic (variable gear ratios)
22855,Mercury,Montego FWD,2007,6,Regular,19,26,21,423.1904762,15.69571429,3,Front-Wheel Drive,Automatic 6-spd
22945,Mercury,Monterey Wagon FWD,2007,6,Regular,15,21,17,522.7647059,19.38882353,4.2,Front-Wheel Drive,Automatic 4-spd
22978,Mercury,Mariner FWD,2007,4,Regular,20,24,21,423.1904762,15.69571429,2.3,Front-Wheel Drive,Automatic 4-spd
22979,Mercury,Mariner FWD,2007,6,Regular,18,23,20,444.35,16.4805,3,Front-Wheel Drive,Automatic 4-spd
23017,Mercury,Mariner 4WD,2007,4,Regular,18,23,20,444.35,16.4805,2.3,4-Wheel or All-Wheel Drive,Automatic 4-spd
23018,Mercury,Mariner 4WD,2007,6,Regular,17,21,19,467.7368421,17.34789474,3,4-Wheel or All-Wheel Drive,Automatic 4-spd
23019,Mercury,Mariner Hybrid 4WD,2007,4,Regular,28,27,27,329.1481481,12.20777778,2.3,4-Wheel or All-Wheel Drive,Automatic (variable gear ratios)
2309,Mercury,Marquis Wagon,1986,6,Regular,17,21,18,493.7222222,18.31166667,3.8,Rear-Wheel Drive,Automatic 3-spd
2310,Mercury,Sable Wagon,1986,6,Regular,18,26,20,444.35,16.4805,3,Front-Wheel Drive,Automatic 4-spd
2311,Mercury,Sable Wagon,1986,6,Regular,16,23,19,467.7368421,17.34789474,3,Front-Wheel Drive,Automatic 4-spd
23302,Mercury,Grand Marquis,2007,8,Regular,15,23,18,493.7222222,18.31166667,4.6,Rear-Wheel Drive,Automatic 4-spd
2341,Mercury,Grand Marquis Wagon,1986,8,Regular,16,24,19,467.7368421,17.34789474,5,Rear-Wheel Drive,Automatic 4-spd
23435,Mercury,Grand Marquis,2007,8,Gasoline or E85,15,23,18,493.7222222,18.31166667,4.6,Rear-Wheel Drive,Automatic 4-spd
23585,Mercury,Milan,2007,4,Regular,20,29,23,386.3913043,14.33086957,2.3,Front-Wheel Drive,Automatic 5-spd
23586,Mercury,Milan,2007,4,Regular,20,29,23,386.3913043,14.33086957,2.3,Front-Wheel Drive,Manual 5-spd
23587,Mercury,Milan,2007,6,Regular,18,26,21,423.1904762,15.69571429,3,Front-Wheel Drive,Automatic 6-spd
23588,Mercury,Milan AWD,2007,6,Regular,17,24,19,467.7368421,17.34789474,3,4-Wheel or All-Wheel Drive,Automatic 6-spd
23753,Mercury,Mountaineer 2WD,2007,6,Regular,13,19,15,592.4666667,21.974,4,Rear-Wheel Drive,Automatic 5-spd
23754,Mercury,Mountaineer 2WD,2007,8,Regular,13,20,16,555.4375,20.600625,4.6,Rear-Wheel Drive,Automatic 6-spd
23821,Mercury,Mountaineer 4WD,2007,6,Regular,13,18,15,592.4666667,21.974,4,4-Wheel or All-Wheel Drive,Automatic 5-spd
23822,Mercury,Mountaineer 4WD,2007,8,Regular,13,18,15,592.4666667,21.974,4.6,4-Wheel or All-Wheel Drive,Automatic 6-spd
24064,Mercury,Sable AWD,2008,6,Regular,17,24,19,467.7368421,17.34789474,3.5,4-Wheel or All-Wheel Drive,Automatic 6-spd
24065,Mercury,Sable FWD,2008,6,Regular,18,28,22,403.9545455,14.98227273,3.5,Front-Wheel Drive,Automatic 6-spd
24095,Mercury,Mariner FWD,2008,4,Regular,20,26,22,403.9545455,14.98227273,2.3,Front-Wheel Drive,Automatic 4-spd
24096,Mercury,Mariner FWD,2008,6,Regular,18,24,20,444.35,16.4805,3,Front-Wheel Drive,Automatic 4-spd
24097,Mercury,Mariner Hybrid FWD,2008,4,Regular,34,30,32,277.71875,10.3003125,2.3,Front-Wheel Drive,Automatic (variable gear ratios)
24128,Mercury,Mariner 4WD,2008,4,Regular,19,24,21,423.1904762,15.69571429,2.3,4-Wheel or All-Wheel Drive,Automatic 4-spd
24129,Mercury,Mariner 4WD,2008,6,Regular,17,22,19,467.7368421,17.34789474,3,4-Wheel or All-Wheel Drive,Automatic 4-spd
24130,Mercury,Mariner Hybrid 4WD,2008,4,Regular,29,27,28,317.3928571,11.77178571,2.3,4-Wheel or All-Wheel Drive,Automatic (variable gear ratios)
24160,Mercury,Grand Marquis FFV,2008,8,Gasoline or E85,15,23,18,493.7222222,18.31166667,4.6,Rear-Wheel Drive,Automatic 4-spd
24377,Mercury,Milan,2008,4,Regular,20,28,23,386.3913043,14.33086957,2.3,Front-Wheel Drive,Automatic 5-spd
24378,Mercury,Milan,2008,4,Regular,20,29,23,386.3913043,14.33086957,2.3,Front-Wheel Drive,Manual 5-spd
24379,Mercury,Milan,2008,6,Regular,18,26,21,423.1904762,15.69571429,3,Front-Wheel Drive,Automatic 6-spd
24380,Mercury,Milan AWD,2008,6,Regular,17,25,20,444.35,16.4805,3,4-Wheel or All-Wheel Drive,Automatic 6-spd
24623,Mercury,Mountaineer 2WD,2008,6,Regular,14,20,16,555.4375,20.600625,4,Rear-Wheel Drive,Automatic 5-spd
24624,Mercury,Mountaineer 2WD,2008,8,Regular,13,20,16,555.4375,20.600625,4.6,Rear-Wheel Drive,Automatic 6-spd
24681,Mercury,Mountaineer 4WD,2008,6,Regular,13,19,15,592.4666667,21.974,4,4-Wheel or All-Wheel Drive,Automatic 5-spd
24682,Mercury,Mountaineer 4WD,2008,8,Regular,13,19,15,592.4666667,21.974,4.6,4-Wheel or All-Wheel Drive,Automatic 6-spd
25494,Mercury,Milan AWD,2009,6,Regular,17,25,20,444.35,16.4805,3,4-Wheel or All-Wheel Drive,Automatic 6-spd
25495,Mercury,Milan,2009,4,Regular,20,29,23,386.3913043,14.33086957,2.3,Front-Wheel Drive,Manual 5-spd
25496,Mercury,Milan,2009,4,Regular,20,28,23,386.3913043,14.33086957,2.3,Front-Wheel Drive,Automatic 5-spd
25497,Mercury,Milan,2009,6,Regular,18,26,21,423.1904762,15.69571429,3,Front-Wheel Drive,Automatic 6-spd
25644,Mercury,Mariner FWD,2009,4,Regular,20,28,23,386.3913043,14.33086957,2.5,Front-Wheel Drive,Automatic 6-spd
25645,Mercury,Mariner FWD,2009,6,Regular,18,26,21,423.1904762,15.69571429,3,Front-Wheel Drive,Automatic 6-spd
25646,Mercury,Mariner Hybrid FWD,2009,4,Regular,34,31,32,277.71875,10.3003125,2.5,Front-Wheel Drive,Automatic (variable gear ratios)
25702,Mercury,Mariner 4WD,2009,4,Regular,19,25,21,423.1904762,15.69571429,2.5,4-Wheel or All-Wheel Drive,Automatic 6-spd
25703,Mercury,Mariner 4WD,2009,6,Regular,17,24,20,444.35,16.4805,3,4-Wheel or All-Wheel Drive,Automatic 6-spd
25704,Mercury,Mariner Hybrid 4WD,2009,4,Regular,29,27,28,317.3928571,11.77178571,2.5,4-Wheel or All-Wheel Drive,Automatic (variable gear ratios)
26008,Mercury,Sable AWD,2009,6,Regular,17,24,19,467.7368421,17.34789474,3.5,4-Wheel or All-Wheel Drive,Automatic 6-spd
26009,Mercury,Sable FWD,2009,6,Regular,18,28,21,423.1904762,15.69571429,3.5,Front-Wheel Drive,Automatic 6-spd
26146,Mercury,Mountaineer 2WD,2009,6,Regular,14,20,16,555.4375,20.600625,4,Rear-Wheel Drive,Automatic 5-spd
26147,Mercury,Mountaineer 2WD,2009,8,Regular,15,21,17,522.7647059,19.38882353,4.6,Rear-Wheel Drive,Automatic 6-spd
26197,Mercury,Mountaineer 4WD,2009,6,Regular,13,19,15,592.4666667,21.974,4,4-Wheel or All-Wheel Drive,Automatic 5-spd
26198,Mercury,Mountaineer 4WD,2009,8,Regular,14,19,16,555.4375,20.600625,4.6,4-Wheel or All-Wheel Drive,Automatic 6-spd
26241,Mercury,Grand Marquis FFV,2009,8,Gasoline or E85,16,24,19,467.7368421,17.34789474,4.6,Rear-Wheel Drive,Automatic 4-spd
26411,Mercury,Milan AWD FFV,2010,6,Gasoline or E85,18,25,21,423.1904762,15.69571429,3,All-Wheel Drive,Automatic (S6)
26412,Mercury,Milan,2010,4,Regular,22,31,25,355.48,13.1844,2.5,Front-Wheel Drive,Automatic 6-spd
26413,Mercury,Milan,2010,4,Regular,22,29,24,370.2916667,13.73375,2.5,Front-Wheel Drive,Manual 6-spd
26414,Mercury,Milan FFV,2010,6,Gasoline or E85,19,27,22,403.9545455,14.98227273,3,Front-Wheel Drive,Automatic (A6)
26415,Mercury,Milan Hybrid FWD,2010,4,Regular,41,36,39,227.8717949,8.451538462,2.5,Front-Wheel Drive,Automatic (variable gear ratios)
26416,Mercury,Milan S,2010,4,Regular,23,34,27,329.1481481,12.20777778,2.5,Front-Wheel Drive,Automatic 6-spd
26417,Mercury,Milan S,2010,4,Regular,22,31,25,355.48,13.1844,2.5,Front-Wheel Drive,Manual 6-spd
26698,Mercury,Capri,1984,4,Regular,18,22,20,444.35,16.4805,2.3,,Automatic 3-spd
26699,Mercury,Capri,1984,4,Regular,19,26,22,403.9545455,14.98227273,2.3,,Manual 4-spd
26700,Mercury,Capri,1984,4,Regular,17,24,19,467.7368421,17.34789474,2.3,,Manual 5-spd
26701,Mercury,Capri,1984,6,Regular,18,20,19,467.7368421,17.34789474,3.8,,Automatic 3-spd
26702,Mercury,Capri,1984,8,Regular,13,21,16,555.4375,20.600625,5,,Manual 5-spd
26703,Mercury,Capri,1984,8,Regular,15,22,17,522.7647059,19.38882353,5,,Automatic 4-spd
26847,Mercury,Cougar,1984,4,Regular,16,20,18,493.7222222,18.31166667,2.3,,Automatic 3-spd
26848,Mercury,Cougar,1984,4,Regular,17,24,19,467.7368421,17.34789474,2.3,,Manual 5-spd
26849,Mercury,Cougar,1984,6,Regular,16,20,17,522.7647059,19.38882353,3.8,,Automatic 3-spd
26850,Mercury,Cougar,1984,6,Regular,17,23,19,467.7368421,17.34789474,3.8,,Automatic 4-spd
26851,Mercury,Cougar,1984,8,Regular,15,22,17,522.7647059,19.38882353,5,,Automatic 4-spd
26852,Mercury,Lynx,1984,4,Regular,21,26,23,386.3913043,14.33086957,1.6,,Automatic 3-spd
26853,Mercury,Lynx,1984,4,Regular,28,39,32,277.71875,10.3003125,1.6,,Manual 4-spd
26854,Mercury,Lynx,1984,4,Regular,23,32,27,329.1481481,12.20777778,1.6,,Manual 4-spd
26855,Mercury,Lynx,1984,4,Regular,21,29,24,370.2916667,13.73375,1.6,,Manual 5-spd
26856,Mercury,Lynx,1984,4,Regular,21,27,24,370.2916667,13.73375,1.6,,Automatic 3-spd
26857,Mercury,Lynx,1984,4,Regular,22,30,25,355.48,13.1844,1.6,,Manual 5-spd
26858,Mercury,Lynx,1984,4,Regular,21,30,24,370.2916667,13.73375,1.6,,Manual 5-spd
26859,Mercury,Lynx,1984,4,Diesel,35,47,39,261.025641,9.799615385,2,,Manual 5-spd
26860,Mercury,Lynx,1984,4,Diesel,31,39,34,299.4117647,11.24073529,2,,Manual 5-spd
26861,Mercury,Topaz,1984,4,Diesel,31,39,34,299.4117647,11.24073529,2,,Manual 5-spd
26862,Mercury,Topaz,1984,4,Regular,21,25,22,403.9545455,14.98227273,2.3,,Automatic 3-spd
26863,Mercury,Topaz,1984,4,Regular,20,24,22,403.9545455,14.98227273,2.3,,Automatic 3-spd
26864,Mercury,Topaz,1984,4,Regular,21,29,24,370.2916667,13.73375,2.3,,Manual 5-spd
27000,Mercury,Marquis,1984,4,Regular,18,22,20,444.35,16.4805,2.3,,Automatic 3-spd
27001,Mercury,Marquis,1984,6,Regular,16,20,17,522.7647059,19.38882353,3.8,,Automatic 3-spd
27002,Mercury,Marquis,1984,6,Regular,17,23,19,467.7368421,17.34789474,3.8,,Automatic 4-spd
27003,Mercury,Marquis,1984,6,Regular,16,20,18,493.7222222,18.31166667,3.8,,Automatic 3-spd
27004,Mercury,Marquis,1984,8,Regular,15,22,17,522.7647059,19.38882353,5,,Automatic 4-spd
27068,Mercury,Grand Marquis,1984,8,Regular,14,20,16,555.4375,20.600625,5,,Automatic 4-spd
27105,Mercury,Lynx Wagon,1984,4,Regular,21,26,23,386.3913043,14.33086957,1.6,,Automatic 3-spd
27106,Mercury,Lynx Wagon,1984,4,Regular,23,31,26,341.8076923,12.67730769,1.6,,Manual 4-spd
27107,Mercury,Lynx Wagon,1984,4,Regular,21,29,24,370.2916667,13.73375,1.6,,Manual 5-spd
27108,Mercury,Lynx Wagon,1984,4,Diesel,31,39,34,299.4117647,11.24073529,2,,Manual 5-spd
27163,Mercury,Marquis Wagon,1984,6,Regular,16,20,17,522.7647059,19.38882353,3.8,,Automatic 3-spd
27164,Mercury,Marquis Wagon,1984,6,Regular,17,23,19,467.7368421,17.34789474,3.8,,Automatic 4-spd
27165,Mercury,Marquis Wagon,1984,6,Regular,16,20,18,493.7222222,18.31166667,3.8,,Automatic 3-spd
27197,Mercury,Grand Marquis Wagon,1984,8,Regular,14,20,16,555.4375,20.600625,5,,Automatic 4-spd
27806,Mercury,Capri,1984,4,Regular,17,22,19,467.7368421,17.34789474,2.3,,Automatic 3-spd
27807,Mercury,Capri,1984,4,Regular,18,25,21,423.1904762,15.69571429,2.3,,Manual 4-spd
27808,Mercury,Capri,1984,4,Regular,17,24,19,467.7368421,17.34789474,2.3,,Manual 5-spd
27809,Mercury,Capri,1984,6,Regular,18,20,19,467.7368421,17.34789474,3.8,,Automatic 3-spd
27810,Mercury,Capri,1984,8,Regular,13,20,15,592.4666667,21.974,5,,Manual 5-spd
27811,Mercury,Capri,1984,8,Regular,14,20,16,555.4375,20.600625,5,,Automatic 4-spd
27929,Mercury,Cougar,1984,4,Regular,16,20,18,493.7222222,18.31166667,2.3,,Automatic 3-spd
27930,Mercury,Cougar,1984,4,Regular,17,23,19,467.7368421,17.34789474,2.3,,Manual 5-spd
27931,Mercury,Cougar,1984,6,Regular,16,20,18,493.7222222,18.31166667,3.8,,Automatic 3-spd
27932,Mercury,Cougar,1984,6,Regular,17,22,19,467.7368421,17.34789474,3.8,,Automatic 4-spd
27933,Mercury,Cougar,1984,8,Regular,14,20,16,555.4375,20.600625,5,,Automatic 4-spd
27934,Mercury,Lynx,1984,4,Regular,21,26,23,386.3913043,14.33086957,1.6,,Automatic 3-spd
27935,Mercury,Lynx,1984,4,Regular,23,31,26,341.8076923,12.67730769,1.6,,Manual 4-spd
27936,Mercury,Lynx,1984,4,Regular,21,31,25,355.48,13.1844,1.6,,Manual 5-spd
27937,Mercury,Lynx,1984,4,Regular,21,27,24,370.2916667,13.73375,1.6,,Automatic 3-spd
27938,Mercury,Lynx,1984,4,Regular,22,30,25,355.48,13.1844,1.6,,Manual 5-spd
27939,Mercury,Lynx,1984,4,Regular,21,30,24,370.2916667,13.73375,1.6,,Manual 5-spd
27940,Mercury,Lynx,1984,4,Diesel,31,39,34,299.4117647,11.24073529,2,,Manual 5-spd
27941,Mercury,Topaz,1984,4,Diesel,31,39,34,299.4117647,11.24073529,2,,Manual 5-spd
27942,Mercury,Topaz,1984,4,Regular,19,24,21,423.1904762,15.69571429,2.3,,Automatic 3-spd
27943,Mercury,Topaz,1984,4,Regular,20,26,22,403.9545455,14.98227273,2.3,,Manual 5-spd
28058,Mercury,Marquis,1984,4,Regular,17,22,19,467.7368421,17.34789474,2.3,,Automatic 3-spd
28059,Mercury,Marquis,1984,6,Regular,16,20,18,493.7222222,18.31166667,3.8,,Automatic 3-spd
28060,Mercury,Marquis,1984,6,Regular,17,22,19,467.7368421,17.34789474,3.8,,Automatic 4-spd
28061,Mercury,Marquis,1984,8,Regular,14,20,16,555.4375,20.600625,5,,Automatic 4-spd
28111,Mercury,Grand Marquis,1984,8,Regular,13,19,15,592.4666667,21.974,5,,Automatic 4-spd
28143,Mercury,Lynx Wagon,1984,4,Regular,21,26,23,386.3913043,14.33086957,1.6,,Automatic 3-spd
28144,Mercury,Lynx Wagon,1984,4,Regular,23,31,26,341.8076923,12.67730769,1.6,,Manual 4-spd
28145,Mercury,Lynx Wagon,1984,4,Regular,21,31,25,355.48,13.1844,1.6,,Manual 5-spd
28146,Mercury,Lynx Wagon,1984,4,Diesel,31,39,34,299.4117647,11.24073529,2,,Manual 5-spd
28192,Mercury,Marquis Wagon,1984,6,Regular,16,20,18,493.7222222,18.31166667,3.8,,Automatic 3-spd
28193,Mercury,Marquis Wagon,1984,6,Regular,17,22,19,467.7368421,17.34789474,3.8,,Automatic 4-spd
28222,Mercury,Grand Marquis Wagon,1984,8,Regular,13,19,15,592.4666667,21.974,5,,Automatic 4-spd
28772,Mercury,Mountaineer 2WD,2010,8,Regular,15,21,17,522.7647059,19.38882353,4.6,Rear-Wheel Drive,Automatic 6-spd
28773,Mercury,Mountaineer 2WD,2010,6,Regular,14,20,16,555.4375,20.600625,4,Rear-Wheel Drive,Automatic 5-spd
28808,Mercury,Mountaineer AWD,2010,8,Regular,14,19,16,555.4375,20.600625,4.6,4-Wheel Drive,Automatic 6-spd
28809,Mercury,Mountaineer AWD,2010,6,Regular,13,19,15,592.4666667,21.974,4,4-Wheel Drive,Automatic 5-spd
28856,Mercury,Topaz,1988,4,Regular,18,26,21,423.1904762,15.69571429,2.3,Front-Wheel Drive,Manual 5-spd
28858,Mercury,Sable Wagon V6 A/C,1988,6,Regular,15,23,18,493.7222222,18.31166667,3.8,Front-Wheel Drive,Automatic 4-spd
29094,Mercury,Mystique,1995,4,Regular,21,31,25,355.48,13.1844,2,Front-Wheel Drive,Manual 5-spd
29235,Mercury,Mountaineer 2WD,2005,6,Regular,13,19,15,592.4666667,21.974,4,2-Wheel Drive,Automatic 5-spd
29243,Mercury,Montego FWD,2006,6,Regular,18,25,20,444.35,16.4805,3,Front-Wheel Drive,Automatic (variable gear ratios)
29327,Mercury,Grand Marquis FFV,2010,8,Gasoline or E85,16,24,19,467.7368421,17.34789474,4.6,Rear-Wheel Drive,Automatic 4-spd
29448,Mercury,Mariner FWD,2010,4,Regular,21,28,23,386.3913043,14.33086957,2.5,Front-Wheel Drive,Automatic 6-spd
29449,Mercury,Mariner FWD FFV,2010,6,Gasoline or E85,19,25,21,423.1904762,15.69571429,3,Front-Wheel Drive,Automatic 6-spd
29450,Mercury,Mariner Hybrid FWD,2010,4,Regular,34,31,32,277.71875,10.3003125,2.5,Front-Wheel Drive,Automatic (variable gear ratios)
29462,Mercury,Mariner 4WD,2010,4,Regular,20,26,22,403.9545455,14.98227273,2.5,4-Wheel Drive,Automatic 6-spd
29463,Mercury,Mariner 4WD FFV,2010,6,Gasoline or E85,18,23,20,444.35,16.4805,3,4-Wheel Drive,Automatic 6-spd
29464,Mercury,Mariner Hybrid 4WD,2010,4,Regular,30,27,29,306.4482759,11.36586207,2.5,4-Wheel Drive,Automatic (variable gear ratios)
30361,Mercury,Milan FWD,2011,4,Regular,23,32,26,341.8076923,12.67730769,2.5,Front-Wheel Drive,Automatic 6-spd
30363,Mercury,Milan FWD,2011,4,Regular,22,28,24,370.2916667,13.73375,2.5,Front-Wheel Drive,Manual 6-spd
30370,Mercury,Milan Hybrid FWD,2011,4,Regular,41,35,38,233.8684211,8.673947368,2.5,Front-Wheel Drive,Automatic (variable gear ratios)
30372,Mercury,Milan AWD FFV,2011,6,Gasoline or E85,18,25,20,444.35,16.4805,3,All-Wheel Drive,Automatic (S6)
30374,Mercury,Milan S FWD,2011,4,Regular,22,31,25,355.48,13.1844,2.5,Front-Wheel Drive,Manual 6-spd
30375,Mercury,Milan FWD FFV,2011,6,Gasoline or E85,20,28,23,386.3913043,14.33086957,3,Front-Wheel Drive,Automatic (S6)
30688,Mercury,Grand Marquis FFV,2011,8,Gasoline or E85,16,24,19,467.7368421,17.34789474,4.6,Rear-Wheel Drive,Automatic 4-spd
30752,Mercury,Mariner FWD FFV,2011,6,Gasoline or E85,19,25,21,423.1904762,15.69571429,3,Front-Wheel Drive,Automatic 6-spd
30753,Mercury,Mariner Hybrid FWD,2011,4,Regular,34,30,32,277.71875,10.3003125,2.5,Front-Wheel Drive,Automatic (variable gear ratios)
30754,Mercury,Mariner FWD,2011,4,Regular,21,27,23,386.3913043,14.33086957,2.5,Front-Wheel Drive,Automatic 6-spd
30807,Mercury,Mariner Hybrid 4WD,2011,4,Regular,30,27,29,306.4482759,11.36586207,2.5,4-Wheel Drive,Automatic (variable gear ratios)
30808,Mercury,Mariner 4WD FFV,2011,6,Gasoline or E85,18,23,20,444.35,16.4805,3,All-Wheel Drive,Automatic 6-spd
30809,Mercury,Mariner 4WD,2011,4,Regular,20,26,22,403.9545455,14.98227273,2.5,All-Wheel Drive,Automatic 6-spd
314,Mercury,Cougar,1985,4,Regular,16,20,17,522.7647059,19.38882353,2.3,Rear-Wheel Drive,Automatic 3-spd
315,Mercury,Cougar,1985,4,Regular,17,24,19,467.7368421,17.34789474,2.3,Rear-Wheel Drive,Manual 5-spd
316,Mercury,Cougar,1985,6,Regular,17,20,18,493.7222222,18.31166667,3.8,Rear-Wheel Drive,Automatic 3-spd
317,Mercury,Cougar,1985,8,Regular,15,22,17,522.7647059,19.38882353,5,Rear-Wheel Drive,Automatic 4-spd
318,Mercury,Lynx,1985,4,Regular,22,28,24,370.2916667,13.73375,1.6,Front-Wheel Drive,Automatic 3-spd
319,Mercury,Lynx,1985,4,Regular,23,33,27,329.1481481,12.20777778,1.6,Front-Wheel Drive,Manual 4-spd
320,Mercury,Lynx,1985,4,Regular,29,39,33,269.3030303,9.988181818,1.6,Front-Wheel Drive,Manual 4-spd
321,Mercury,Lynx,1985,4,Regular,22,32,26,341.8076923,12.67730769,1.6,Front-Wheel Drive,Manual 5-spd
322,Mercury,Lynx,1985,4,Regular,23,29,25,355.48,13.1844,1.9,Front-Wheel Drive,Automatic 3-spd
323,Mercury,Lynx,1985,4,Regular,28,39,32,277.71875,10.3003125,1.9,Front-Wheel Drive,Manual 4-spd
3238,Mercury,Cougar,1987,6,Regular,17,24,19,467.7368421,17.34789474,3.8,Rear-Wheel Drive,Automatic 4-spd
3239,Mercury,Cougar,1987,8,Regular,16,24,19,467.7368421,17.34789474,5,Rear-Wheel Drive,Automatic 4-spd
324,Mercury,Lynx,1985,4,Regular,23,33,27,329.1481481,12.20777778,1.9,Front-Wheel Drive,Manual 5-spd
3240,Mercury,Lynx,1987,4,Regular,23,29,25,355.48,13.1844,1.9,Front-Wheel Drive,Automatic 3-spd
3241,Mercury,Lynx,1987,4,Regular,27,38,31,286.6774194,10.63258065,1.9,Front-Wheel Drive,Manual 4-spd
3242,Mercury,Lynx,1987,4,Regular,24,34,28,317.3928571,11.77178571,1.9,Front-Wheel Drive,Manual 5-spd
3243,Mercury,Lynx,1987,4,Regular,22,31,25,355.48,13.1844,1.9,Front-Wheel Drive,Manual 5-spd
3244,Mercury,Lynx,1987,4,Diesel,31,40,35,290.8571429,10.91957143,2,Front-Wheel Drive,Manual 5-spd
3245,Mercury,Topaz,1987,4,Regular,19,24,21,423.1904762,15.69571429,2.3,Front-Wheel Drive,Automatic 3-spd
3246,Mercury,Topaz,1987,4,Regular,22,31,25,355.48,13.1844,2.3,Front-Wheel Drive,Manual 5-spd
3247,Mercury,Topaz,1987,4,Regular,19,28,22,403.9545455,14.98227273,2.3,Front-Wheel Drive,Manual 5-spd
3248,Mercury,Topaz AWD,1987,4,Regular,18,22,19,467.7368421,17.34789474,2.3,4-Wheel or All-Wheel Drive,Automatic 3-spd
325,Mercury,Lynx,1985,4,Diesel,36,46,40,254.5,9.554625,2,Front-Wheel Drive,Manual 5-spd
326,Mercury,Lynx,1985,4,Diesel,31,39,34,299.4117647,11.24073529,2,Front-Wheel Drive,Manual 5-spd
327,Mercury,Topaz,1985,4,Diesel,31,39,34,299.4117647,11.24073529,2,Front-Wheel Drive,Manual 5-spd
328,Mercury,Topaz,1985,4,Regular,21,26,23,386.3913043,14.33086957,2.3,Front-Wheel Drive,Automatic 3-spd
329,Mercury,Topaz,1985,4,Regular,22,31,25,355.48,13.1844,2.3,Front-Wheel Drive,Manual 5-spd
330,Mercury,Topaz,1985,4,Regular,19,29,23,386.3913043,14.33086957,2.3,Front-Wheel Drive,Manual 5-spd
3410,Mercury,Sable,1987,6,Regular,17,26,20,444.35,16.4805,3,Front-Wheel Drive,Automatic 4-spd
3470,Mercury,Grand Marquis,1987,8,Regular,16,24,19,467.7368421,17.34789474,5,Rear-Wheel Drive,Automatic 4-spd
3506,Mercury,Lynx Wagon,1987,4,Regular,23,29,25,355.48,13.1844,1.9,Front-Wheel Drive,Automatic 3-spd
3507,Mercury,Lynx Wagon,1987,4,Regular,27,38,31,286.6774194,10.63258065,1.9,Front-Wheel Drive,Manual 4-spd
3508,Mercury,Lynx Wagon,1987,4,Regular,24,34,28,317.3928571,11.77178571,1.9,Front-Wheel Drive,Manual 5-spd
3563,Mercury,Sable Wagon,1987,6,Regular,17,26,20,444.35,16.4805,3,Front-Wheel Drive,Automatic 4-spd
3564,Mercury,Sable Wagon 3.0 A/C,1987,6,Regular,17,24,19,467.7368421,17.34789474,3,Front-Wheel Drive,Automatic 4-spd
3593,Mercury,Grand Marquis Wagon,1987,8,Regular,16,24,19,467.7368421,17.34789474,5,Rear-Wheel Drive,Automatic 4-spd
4438,Mercury,Cougar,1988,6,Regular,18,25,21,423.1904762,15.69571429,3.8,Rear-Wheel Drive,Automatic 4-spd
4439,Mercury,Cougar,1988,8,Regular,16,23,18,493.7222222,18.31166667,5,Rear-Wheel Drive,Automatic 4-spd
4440,Mercury,Topaz,1988,4,Regular,19,24,21,423.1904762,15.69571429,2.3,Front-Wheel Drive,Automatic 3-spd
4441,Mercury,Topaz,1988,4,Regular,21,29,24,370.2916667,13.73375,2.3,Front-Wheel Drive,Manual 5-spd
4442,Mercury,Topaz AWD,1988,4,Regular,17,22,19,467.7368421,17.34789474,2.3,4-Wheel or All-Wheel Drive,Automatic 3-spd
4443,Mercury,Tracer,1988,4,Regular,22,26,24,370.2916667,13.73375,1.6,Front-Wheel Drive,Automatic 3-spd
4444,Mercury,Tracer,1988,4,Regular,24,32,27,329.1481481,12.20777778,1.6,Front-Wheel Drive,Manual 5-spd
4583,Mercury,Sable,1988,6,Regular,18,27,21,423.1904762,15.69571429,3,Front-Wheel Drive,Automatic 4-spd
4584,Mercury,Sable,1988,6,Regular,16,24,19,467.7368421,17.34789474,3.8,Front-Wheel Drive,Automatic 4-spd
4644,Mercury,Grand Marquis,1988,8,Regular,15,22,18,493.7222222,18.31166667,5,Rear-Wheel Drive,Automatic 4-spd
4680,Mercury,Tracer Wagon,1988,4,Regular,22,26,24,370.2916667,13.73375,1.6,Front-Wheel Drive,Automatic 3-spd
4681,Mercury,Tracer Wagon,1988,4,Regular,24,32,27,329.1481481,12.20777778,1.6,Front-Wheel Drive,Manual 5-spd
4738,Mercury,Sable Wagon,1988,6,Regular,18,27,21,423.1904762,15.69571429,3,Front-Wheel Drive,Automatic 4-spd
4739,Mercury,Sable Wagon V6 A/C,1988,6,Regular,17,24,19,467.7368421,17.34789474,3,Front-Wheel Drive,Automatic 4-spd
4740,Mercury,Sable Wagon V6 A/C,1988,6,Regular,15,22,18,493.7222222,18.31166667,3.8,Front-Wheel Drive,Automatic 4-spd
4766,Mercury,Grand Marquis Wagon,1988,8,Regular,15,22,18,493.7222222,18.31166667,5,Rear-Wheel Drive,Automatic 4-spd
488,Mercury,Marquis,1985,4,Regular,19,23,20,444.35,16.4805,2.3,Rear-Wheel Drive,Automatic 3-spd
489,Mercury,Marquis,1985,6,Regular,17,20,18,493.7222222,18.31166667,3.8,Rear-Wheel Drive,Automatic 3-spd
490,Mercury,Marquis,1985,8,Regular,15,22,17,522.7647059,19.38882353,5,Rear-Wheel Drive,Automatic 4-spd
554,Mercury,Grand Marquis,1985,8,Regular,14,22,17,522.7647059,19.38882353,5,Rear-Wheel Drive,Automatic 4-spd
5560,Mercury,Topaz,1989,4,Regular,19,24,21,423.1904762,15.69571429,2.3,Front-Wheel Drive,Automatic 3-spd
5561,Mercury,Topaz,1989,4,Regular,21,29,24,370.2916667,13.73375,2.3,Front-Wheel Drive,Manual 5-spd
5562,Mercury,Topaz,1989,4,Regular,18,26,21,423.1904762,15.69571429,2.3,Front-Wheel Drive,Manual 5-spd
5563,Mercury,Topaz AWD,1989,4,Regular,17,22,19,467.7368421,17.34789474,2.3,4-Wheel or All-Wheel Drive,Automatic 3-spd
5564,Mercury,Tracer,1989,4,Regular,23,26,24,370.2916667,13.73375,1.6,Front-Wheel Drive,Automatic 3-spd
5565,Mercury,Tracer,1989,4,Regular,24,32,27,329.1481481,12.20777778,1.6,Front-Wheel Drive,Manual 5-spd
5733,Mercury,Cougar,1989,6,Regular,17,25,20,444.35,16.4805,3.8,Rear-Wheel Drive,Automatic 4-spd
5734,Mercury,Cougar,1989,6,Premium,15,21,17,522.7647059,19.38882353,3.8,Rear-Wheel Drive,Automatic 4-spd
5735,Mercury,Cougar,1989,6,Premium,15,22,18,493.7222222,18.31166667,3.8,Rear-Wheel Drive,Manual 5-spd
5737,Mercury,Sable,1989,6,Regular,18,27,21,423.1904762,15.69571429,3,Front-Wheel Drive,Automatic 4-spd
5738,Mercury,Sable,1989,6,Regular,17,26,20,444.35,16.4805,3.8,Front-Wheel Drive,Automatic 4-spd
5809,Mercury,Grand Marquis,1989,8,Regular,15,22,18,493.7222222,18.31166667,5,Rear-Wheel Drive,Automatic 4-spd
5838,Mercury,Tracer Wagon,1989,4,Regular,23,26,24,370.2916667,13.73375,1.6,Front-Wheel Drive,Automatic 3-spd
5839,Mercury,Tracer Wagon,1989,4,Regular,24,32,27,329.1481481,12.20777778,1.6,Front-Wheel Drive,Manual 5-spd
5878,Mercury,Sable Wagon,1989,6,Regular,18,27,21,423.1904762,15.69571429,3,Front-Wheel Drive,Automatic 4-spd
5879,Mercury,Sable Wagon,1989,6,Regular,17,26,20,444.35,16.4805,3.8,Front-Wheel Drive,Automatic 4-spd
5880,Mercury,Sable Wagon V6 A/C,1989,6,Regular,17,24,19,467.7368421,17.34789474,3,Front-Wheel Drive,Automatic 4-spd
5881,Mercury,Sable Wagon V6 A/C,1989,6,Regular,16,23,18,493.7222222,18.31166667,3.8,Front-Wheel Drive,Automatic 4-spd
5908,Mercury,Grand Marquis Wagon,1989,8,Regular,15,22,18,493.7222222,18.31166667,5,Rear-Wheel Drive,Automatic 4-spd
596,Mercury,Lynx Wagon,1985,4,Regular,22,28,24,370.2916667,13.73375,1.6,Front-Wheel Drive,Automatic 3-spd
597,Mercury,Lynx Wagon,1985,4,Regular,23,32,27,329.1481481,12.20777778,1.6,Front-Wheel Drive,Manual 4-spd
598,Mercury,Lynx Wagon,1985,4,Regular,22,32,26,341.8076923,12.67730769,1.6,Front-Wheel Drive,Manual 5-spd
599,Mercury,Lynx Wagon,1985,4,Regular,23,29,25,355.48,13.1844,1.9,Front-Wheel Drive,Automatic 3-spd
600,Mercury,Lynx Wagon,1985,4,Regular,28,39,32,277.71875,10.3003125,1.9,Front-Wheel Drive,Manual 4-spd
601,Mercury,Lynx Wagon,1985,4,Regular,23,33,27,329.1481481,12.20777778,1.9,Front-Wheel Drive,Manual 5-spd
602,Mercury,Lynx Wagon,1985,4,Diesel,31,39,34,299.4117647,11.24073529,2,Front-Wheel Drive,Manual 5-spd
654,Mercury,Marquis Wagon,1985,6,Regular,17,20,18,493.7222222,18.31166667,3.8,Rear-Wheel Drive,Automatic 3-spd
6696,Mercury,Topaz,1990,4,Regular,19,24,21,423.1904762,15.69571429,2.3,Front-Wheel Drive,Automatic 3-spd
6697,Mercury,Topaz,1990,4,Regular,21,30,24,370.2916667,13.73375,2.3,Front-Wheel Drive,Manual 5-spd
6698,Mercury,Topaz,1990,4,Regular,18,26,21,423.1904762,15.69571429,2.3,Front-Wheel Drive,Manual 5-spd
6699,Mercury,Topaz AWD,1990,4,Regular,17,22,19,467.7368421,17.34789474,2.3,4-Wheel or All-Wheel Drive,Automatic 3-spd
6833,Mercury,Cougar,1990,6,Premium,15,21,18,493.7222222,18.31166667,3.8,Rear-Wheel Drive,Automatic 4-spd
6834,Mercury,Cougar,1990,6,Regular,17,24,20,444.35,16.4805,3.8,Rear-Wheel Drive,Automatic 4-spd
6835,Mercury,Cougar,1990,6,Premium,15,22,18,493.7222222,18.31166667,3.8,Rear-Wheel Drive,Manual 5-spd
6837,Mercury,Sable,1990,6,Regular,18,26,21,423.1904762,15.69571429,3,Front-Wheel Drive,Automatic 4-spd
6838,Mercury,Sable,1990,6,Regular,17,26,20,444.35,16.4805,3.8,Front-Wheel Drive,Automatic 4-spd
686,Mercury,Grand Marquis Wagon,1985,8,Regular,14,22,17,522.7647059,19.38882353,5,Rear-Wheel Drive,Automatic 4-spd
6895,Mercury,Grand Marquis,1990,8,Regular,15,22,18,493.7222222,18.31166667,5,Rear-Wheel Drive,Automatic 4-spd
6953,Mercury,Sable Wagon,1990,6,Regular,18,26,21,423.1904762,15.69571429,3,Front-Wheel Drive,Automatic 4-spd
6954,Mercury,Sable Wagon,1990,6,Regular,16,23,18,493.7222222,18.31166667,3.8,Front-Wheel Drive,Automatic 4-spd
6955,Mercury,Sable Wagon V6 A/C,1990,6,Regular,17,24,19,467.7368421,17.34789474,3,Front-Wheel Drive,Automatic 4-spd
6981,Mercury,Grand Marquis Wagon,1990,8,Regular,15,22,18,493.7222222,18.31166667,5,Rear-Wheel Drive,Automatic 4-spd
7504,Mercury,Capri,1991,4,Regular,21,24,22,403.9545455,14.98227273,1.6,Front-Wheel Drive,Automatic 4-spd
7505,Mercury,Capri,1991,4,Regular,21,26,23,386.3913043,14.33086957,1.6,Front-Wheel Drive,Manual 5-spd
7506,Mercury,Capri,1991,4,Regular,22,28,24,370.2916667,13.73375,1.6,Front-Wheel Drive,Manual 5-spd
7812,Mercury,Topaz,1991,4,Regular,19,24,21,423.1904762,15.69571429,2.3,Front-Wheel Drive,Automatic 3-spd
7813,Mercury,Topaz,1991,4,Regular,19,29,23,386.3913043,14.33086957,2.3,Front-Wheel Drive,Manual 5-spd
7814,Mercury,Topaz,1991,4,Regular,19,26,21,423.1904762,15.69571429,2.3,Front-Wheel Drive,Manual 5-spd
7815,Mercury,Topaz AWD,1991,4,Regular,18,22,19,467.7368421,17.34789474,2.3,4-Wheel or All-Wheel Drive,Automatic 3-spd
7816,Mercury,Tracer,1991,4,Regular,21,27,23,386.3913043,14.33086957,1.8,Front-Wheel Drive,Automatic 4-spd
7817,Mercury,Tracer,1991,4,Regular,23,29,25,355.48,13.1844,1.8,Front-Wheel Drive,Manual 5-spd
7818,Mercury,Tracer,1991,4,Regular,22,30,25,355.48,13.1844,1.9,Front-Wheel Drive,Automatic 4-spd
7819,Mercury,Tracer,1991,4,Regular,25,33,28,317.3928571,11.77178571,1.9,Front-Wheel Drive,Manual 5-spd
7969,Mercury,Cougar,1991,6,Regular,17,24,20,444.35,16.4805,3.8,Rear-Wheel Drive,Automatic 4-spd
7970,Mercury,Cougar,1991,8,Regular,16,22,18,493.7222222,18.31166667,5,Rear-Wheel Drive,Automatic 4-spd
7972,Mercury,Sable,1991,6,Regular,18,26,21,423.1904762,15.69571429,3,Front-Wheel Drive,Automatic 4-spd
7973,Mercury,Sable,1991,6,Regular,16,26,19,467.7368421,17.34789474,3.8,Front-Wheel Drive,Automatic 4-spd
8030,Mercury,Grand Marquis,1991,8,Regular,15,22,18,493.7222222,18.31166667,5,Rear-Wheel Drive,Automatic 4-spd
8054,Mercury,Tracer Wagon,1991,4,Regular,22,30,25,355.48,13.1844,1.9,Front-Wheel Drive,Automatic 4-spd
8055,Mercury,Tracer Wagon,1991,4,Regular,25,33,28,317.3928571,11.77178571,1.9,Front-Wheel Drive,Manual 5-spd
8077,Mercury,Sable Wagon,1991,6,Regular,18,26,21,423.1904762,15.69571429,3,Front-Wheel Drive,Automatic 4-spd
8078,Mercury,Sable Wagon,1991,6,Regular,16,23,18,493.7222222,18.31166667,3.8,Front-Wheel Drive,Automatic 4-spd
8107,Mercury,Grand Marquis Wagon,1991,8,Regular,15,22,18,493.7222222,18.31166667,5,Rear-Wheel Drive,Automatic 4-spd
8603,Mercury,Capri,1992,4,Regular,21,24,22,403.9545455,14.98227273,1.6,Front-Wheel Drive,Automatic 4-spd
8604,Mercury,Capri,1992,4,Regular,22,28,24,370.2916667,13.73375,1.6,Front-Wheel Drive,Manual 5-spd
8605,Mercury,Capri,1992,4,Regular,21,26,23,386.3913043,14.33086957,1.6,Front-Wheel Drive,Manual 5-spd
8904,Mercury,Topaz,1992,4,Regular,18,24,20,444.35,16.4805,2.3,Front-Wheel Drive,Automatic 3-spd
8905,Mercury,Topaz,1992,4,Regular,21,30,24,370.2916667,13.73375,2.3,Front-Wheel Drive,Manual 5-spd
8906,Mercury,Topaz,1992,6,Regular,18,22,19,467.7368421,17.34789474,3,Front-Wheel Drive,Automatic 3-spd
8907,Mercury,Topaz,1992,6,Regular,19,26,21,423.1904762,15.69571429,3,Front-Wheel Drive,Manual 5-spd
8908,Mercury,Tracer,1992,4,Regular,21,27,23,386.3913043,14.33086957,1.8,Front-Wheel Drive,Automatic 4-spd
8909,Mercury,Tracer,1992,4,Regular,23,29,25,355.48,13.1844,1.8,Front-Wheel Drive,Manual 5-spd
8910,Mercury,Tracer,1992,4,Regular,22,32,26,341.8076923,12.67730769,1.9,Front-Wheel Drive,Automatic 4-spd
8911,Mercury,Tracer,1992,4,Regular,26,33,29,306.4482759,11.36586207,1.9,Front-Wheel Drive,Manual 5-spd
9043,Mercury,Cougar,1992,6,Regular,18,25,20,444.35,16.4805,3.8,Rear-Wheel Drive,Automatic 4-spd
9044,Mercury,Cougar,1992,8,Regular,15,22,18,493.7222222,18.31166667,5,Rear-Wheel Drive,Automatic 4-spd
9046,Mercury,Sable,1992,6,Regular,18,26,21,423.1904762,15.69571429,3,Front-Wheel Drive,Automatic 4-spd
9047,Mercury,Sable,1992,6,Regular,16,26,19,467.7368421,17.34789474,3.8,Front-Wheel Drive,Automatic 4-spd
9101,Mercury,Grand Marquis,1992,8,Regular,17,24,20,444.35,16.4805,4.6,Rear-Wheel Drive,Automatic 4-spd
9102,Mercury,Grand Marquis,1992,8,Regular,16,23,19,467.7368421,17.34789474,4.6,Rear-Wheel Drive,Automatic 4-spd
9125,Mercury,Tracer Wagon,1992,4,Regular,22,32,26,341.8076923,12.67730769,1.9,Front-Wheel Drive,Automatic 4-spd
9126,Mercury,Tracer Wagon,1992,4,Regular,26,33,29,306.4482759,11.36586207,1.9,Front-Wheel Drive,Manual 5-spd
9152,Mercury,Sable Wagon,1992,6,Regular,18,26,21,423.1904762,15.69571429,3,Front-Wheel Drive,Automatic 4-spd
9153,Mercury,Sable Wagon,1992,6,Regular,16,26,19,467.7368421,17.34789474,3.8,Front-Wheel Drive,Automatic 4-spd
9675,Mercury,Capri,1993,4,Regular,20,24,21,423.1904762,15.69571429,1.6,Front-Wheel Drive,Automatic 4-spd
9676,Mercury,Capri,1993,4,Regular,21,26,23,386.3913043,14.33086957,1.6,Front-Wheel Drive,Manual 5-spd
9677,Mercury,Capri,1993,4,Regular,22,28,24,370.2916667,13.73375,1.6,Front-Wheel Drive,Manual 5-spd
9944,Mercury,Topaz,1993,4,Regular,19,25,21,423.1904762,15.69571429,2.3,Front-Wheel Drive,Automatic 3-spd
9945,Mercury,Topaz,1993,4,Regular,21,30,24,370.2916667,13.73375,2.3,Front-Wheel Drive,Manual 5-spd
9946,Mercury,Topaz,1993,6,Regular,18,22,19,467.7368421,17.34789474,3,Front-Wheel Drive,Automatic 3-spd
9947,Mercury,Topaz,1993,6,Regular,19,26,21,423.1904762,15.69571429,3,Front-Wheel Drive,Manual 5-spd
9948,Mercury,Tracer,1993,4,Regular,21,27,23,386.3913043,14.33086957,1.8,Front-Wheel Drive,Automatic 4-spd
9949,Mercury,Tracer,1993,4,Regular,23,29,25,355.48,13.1844,1.8,Front-Wheel Drive,Manual 5-spd
9950,Mercury,Tracer,1993,4,Regular,22,30,25,355.48,13.1844,1.9,Front-Wheel Drive,Automatic 4-spd
9951,Mercury,Tracer,1993,4,Regular,25,33,28,317.3928571,11.77178571,1.9,Front-Wheel Drive,Manual 5-spd
