10078,Plymouth,Acclaim,1993,4,Regular,19,24,21,423.1904762,15.69571429,2.5,Front-Wheel Drive,Automatic 3-spd
10079,Plymouth,Acclaim,1993,4,Regular,21,26,23,386.3913043,14.33086957,2.5,Front-Wheel Drive,Automatic 3-spd
10080,Plymouth,Acclaim,1993,4,Regular,22,29,25,355.48,13.1844,2.5,Front-Wheel Drive,Manual 5-spd
10081,Plymouth,Acclaim,1993,6,Regular,18,24,20,444.35,16.4805,3,Front-Wheel Drive,Automatic 3-spd
10082,Plymouth,Acclaim,1993,6,Regular,18,26,21,423.1904762,15.69571429,3,Front-Wheel Drive,Automatic 4-spd
10193,Plymouth,Colt Vista,1993,4,Regular,21,26,23,386.3913043,14.33086957,1.8,Front-Wheel Drive,Automatic 4-spd
10194,Plymouth,Colt Vista,1993,4,Regular,18,23,20,444.35,16.4805,1.8,4-Wheel or All-Wheel Drive,Automatic 4-spd
10195,Plymouth,Colt Vista,1993,4,Regular,21,26,23,386.3913043,14.33086957,1.8,Front-Wheel Drive,Manual 5-spd
10196,Plymouth,Colt Vista,1993,4,Regular,19,24,21,423.1904762,15.69571429,1.8,4-Wheel or All-Wheel Drive,Manual 5-spd
10197,Plymouth,Colt Vista,1993,4,Regular,17,22,19,467.7368421,17.34789474,2.4,4-Wheel or All-Wheel Drive,Automatic 4-spd
10198,Plymouth,Colt Vista,1993,4,Regular,18,24,20,444.35,16.4805,2.4,Front-Wheel Drive,Automatic 4-spd
10199,Plymouth,Colt Vista,1993,4,Regular,17,22,19,467.7368421,17.34789474,2.4,4-Wheel or All-Wheel Drive,Manual 5-spd
10200,Plymouth,Colt Vista,1993,4,Regular,19,26,21,423.1904762,15.69571429,2.4,Front-Wheel Drive,Manual 5-spd
10523,Plymouth,Voyager/Grand Voyager 2WD,1993,4,Regular,18,24,20,444.35,16.4805,2.5,Front-Wheel Drive,Automatic 3-spd
10524,Plymouth,Voyager/Grand Voyager 2WD,1993,4,Regular,18,28,21,423.1904762,15.69571429,2.5,Front-Wheel Drive,Manual 5-spd
10525,Plymouth,Voyager/Grand Voyager 2WD,1993,6,Regular,17,22,19,467.7368421,17.34789474,3,Front-Wheel Drive,Automatic 3-spd
10526,Plymouth,Voyager/Grand Voyager 2WD,1993,6,Regular,16,22,18,493.7222222,18.31166667,3.3,Front-Wheel Drive,Automatic 4-spd
10587,Plymouth,Voyager/Grand Voyager 4WD,1993,6,Regular,15,20,17,522.7647059,19.38882353,3.3,4-Wheel or All-Wheel Drive,Automatic 4-spd
1072,Plymouth,Voyager 2WD,1985,4,Regular,16,19,17,522.7647059,19.38882353,2.2,Front-Wheel Drive,Automatic 3-spd
1073,Plymouth,Voyager 2WD,1985,4,Regular,17,20,18,493.7222222,18.31166667,2.2,Front-Wheel Drive,Automatic 3-spd
1074,Plymouth,Voyager 2WD,1985,4,Regular,18,25,20,444.35,16.4805,2.2,Front-Wheel Drive,Manual 5-spd
1075,Plymouth,Voyager 2WD,1985,4,Regular,18,25,21,423.1904762,15.69571429,2.2,Front-Wheel Drive,Manual 5-spd
1076,Plymouth,Voyager 2WD,1985,4,Regular,16,20,17,522.7647059,19.38882353,2.6,Front-Wheel Drive,Automatic 3-spd
10790,Plymouth,Colt,1994,4,Regular,24,29,26,341.8076923,12.67730769,1.5,Front-Wheel Drive,Automatic 3-spd
10791,Plymouth,Colt,1994,4,Regular,28,35,31,286.6774194,10.63258065,1.5,Front-Wheel Drive,Manual 5-spd
10792,Plymouth,Colt,1994,4,Regular,23,30,26,341.8076923,12.67730769,1.8,Front-Wheel Drive,Automatic 4-spd
10793,Plymouth,Colt,1994,4,Regular,23,30,26,341.8076923,12.67730769,1.8,Front-Wheel Drive,Manual 5-spd
10794,Plymouth,Laser,1994,4,Regular,21,28,23,386.3913043,14.33086957,1.8,Front-Wheel Drive,Automatic 4-spd
10795,Plymouth,Laser,1994,4,Regular,21,29,24,370.2916667,13.73375,1.8,Front-Wheel Drive,Manual 5-spd
10796,Plymouth,Laser,1994,4,Premium,17,22,19,467.7368421,17.34789474,2,Front-Wheel Drive,Automatic 4-spd
10797,Plymouth,Laser,1994,4,Premium,17,20,18,493.7222222,18.31166667,2,4-Wheel or All-Wheel Drive,Automatic 4-spd
10798,Plymouth,Laser,1994,4,Regular,19,25,21,423.1904762,15.69571429,2,Front-Wheel Drive,Automatic 4-spd
10799,Plymouth,Laser,1994,4,Premium,18,23,20,444.35,16.4805,2,4-Wheel or All-Wheel Drive,Manual 5-spd
10800,Plymouth,Laser,1994,4,Regular,19,26,22,403.9545455,14.98227273,2,Front-Wheel Drive,Manual 5-spd
10801,Plymouth,Laser,1994,4,Premium,19,26,21,423.1904762,15.69571429,2,Front-Wheel Drive,Manual 5-spd
10951,Plymouth,Sundance/Duster,1994,4,Regular,21,27,23,386.3913043,14.33086957,2.2,Front-Wheel Drive,Automatic 3-spd
10952,Plymouth,Sundance/Duster,1994,4,Regular,23,30,25,355.48,13.1844,2.2,Front-Wheel Drive,Manual 5-spd
10953,Plymouth,Sundance/Duster,1994,4,Regular,19,25,22,403.9545455,14.98227273,2.5,Front-Wheel Drive,Automatic 3-spd
10954,Plymouth,Sundance/Duster,1994,4,Regular,21,27,23,386.3913043,14.33086957,2.5,Front-Wheel Drive,Manual 5-spd
10955,Plymouth,Sundance/Duster,1994,6,Regular,17,22,19,467.7368421,17.34789474,3,Front-Wheel Drive,Automatic 4-spd
10956,Plymouth,Sundance/Duster,1994,6,Regular,15,23,18,493.7222222,18.31166667,3,Front-Wheel Drive,Manual 5-spd
11037,Plymouth,Acclaim,1994,4,Regular,19,24,21,423.1904762,15.69571429,2.5,Front-Wheel Drive,Automatic 3-spd
11038,Plymouth,Acclaim,1994,4,Regular,19,25,22,403.9545455,14.98227273,2.5,Front-Wheel Drive,Automatic 3-spd
11039,Plymouth,Acclaim,1994,4,Regular,21,27,23,386.3913043,14.33086957,2.5,Front-Wheel Drive,Manual 5-spd
11040,Plymouth,Acclaim,1994,6,Regular,18,24,21,423.1904762,15.69571429,3,Front-Wheel Drive,Automatic 3-spd
11041,Plymouth,Acclaim,1994,6,Regular,17,22,19,467.7368421,17.34789474,3,Front-Wheel Drive,Automatic 4-spd
11150,Plymouth,Colt Vista,1994,4,Regular,21,27,23,386.3913043,14.33086957,1.8,Front-Wheel Drive,Automatic 4-spd
11151,Plymouth,Colt Vista,1994,4,Regular,21,27,23,386.3913043,14.33086957,1.8,Front-Wheel Drive,Manual 5-spd
11152,Plymouth,Colt Vista,1994,4,Regular,18,24,20,444.35,16.4805,2.4,Front-Wheel Drive,Automatic 4-spd
11153,Plymouth,Colt Vista,1994,4,Regular,17,21,18,493.7222222,18.31166667,2.4,4-Wheel or All-Wheel Drive,Automatic 4-spd
11154,Plymouth,Colt Vista,1994,4,Regular,19,25,22,403.9545455,14.98227273,2.4,Front-Wheel Drive,Manual 5-spd
11155,Plymouth,Colt Vista,1994,4,Regular,18,22,20,444.35,16.4805,2.4,4-Wheel or All-Wheel Drive,Manual 5-spd
1137,Plymouth,Colt Vista 4WD,1985,4,Regular,17,23,19,467.7368421,17.34789474,2,4-Wheel or All-Wheel Drive,Manual 5-spd
1138,Plymouth,Colt Vista 4WD,1985,4,Regular,17,23,19,467.7368421,17.34789474,2,4-Wheel or All-Wheel Drive,Manual 5-spd
11482,Plymouth,Voyager/Grand Voyager 2WD,1994,4,Regular,18,22,19,467.7368421,17.34789474,2.5,Front-Wheel Drive,Automatic 3-spd
11483,Plymouth,Voyager/Grand Voyager 2WD,1994,4,Regular,18,24,20,444.35,16.4805,2.5,Front-Wheel Drive,Manual 5-spd
11484,Plymouth,Voyager/Grand Voyager 2WD,1994,6,Regular,17,22,19,467.7368421,17.34789474,3,Front-Wheel Drive,Automatic 3-spd
11485,Plymouth,Voyager/Grand Voyager 2WD,1994,6,Regular,16,22,18,493.7222222,18.31166667,3,Front-Wheel Drive,Automatic 4-spd
11486,Plymouth,Voyager/Grand Voyager 2WD,1994,6,Regular,15,20,17,522.7647059,19.38882353,3.8,Front-Wheel Drive,Automatic 4-spd
11557,Plymouth,Voyager/Grand Voyager 4WD,1994,6,Regular,15,20,17,522.7647059,19.38882353,3.3,4-Wheel or All-Wheel Drive,Automatic 4-spd
11558,Plymouth,Voyager/Grand Voyager 4WD,1994,6,Regular,14,19,16,555.4375,20.600625,3.8,4-Wheel or All-Wheel Drive,Automatic 4-spd
11904,Plymouth,Neon,1995,4,Regular,23,30,26,341.8076923,12.67730769,2,Front-Wheel Drive,Automatic 3-spd
11905,Plymouth,Neon,1995,4,Regular,25,34,28,317.3928571,11.77178571,2,Front-Wheel Drive,Manual 5-spd
11987,Plymouth,Acclaim,1995,4,Regular,19,26,22,403.9545455,14.98227273,2.5,Front-Wheel Drive,Automatic 3-spd
11988,Plymouth,Acclaim,1995,6,Regular,19,24,21,423.1904762,15.69571429,3,Front-Wheel Drive,Automatic 3-spd
12435,Plymouth,Voyager/Grand Voyager 2WD,1995,4,Regular,18,23,20,444.35,16.4805,2.5,Front-Wheel Drive,Automatic 3-spd
12436,Plymouth,Voyager/Grand Voyager 2WD,1995,4,Regular,19,26,22,403.9545455,14.98227273,2.5,Front-Wheel Drive,Manual 5-spd
12437,Plymouth,Voyager/Grand Voyager 2WD,1995,6,Regular,18,22,19,467.7368421,17.34789474,3,Front-Wheel Drive,Automatic 3-spd
12438,Plymouth,Voyager/Grand Voyager 2WD,1995,6,Regular,17,23,19,467.7368421,17.34789474,3,Front-Wheel Drive,Automatic 4-spd
12439,Plymouth,Voyager/Grand Voyager 2WD,1995,6,Regular,16,22,18,493.7222222,18.31166667,3.3,Front-Wheel Drive,Automatic 4-spd
12440,Plymouth,Voyager/Grand Voyager 2WD,1995,6,Regular,16,22,18,493.7222222,18.31166667,3.3,Front-Wheel Drive,Automatic 4-spd
12441,Plymouth,Voyager/Grand Voyager 2WD,1995,6,Regular,15,21,17,522.7647059,19.38882353,3.8,Front-Wheel Drive,Automatic 4-spd
12497,Plymouth,Voyager/Grand Voyager 4WD,1995,6,Regular,15,20,17,522.7647059,19.38882353,3.3,4-Wheel or All-Wheel Drive,Automatic 4-spd
12498,Plymouth,Voyager/Grand Voyager 4WD,1995,6,Regular,15,20,17,522.7647059,19.38882353,3.8,4-Wheel or All-Wheel Drive,Automatic 4-spd
1250,Plymouth,Colt,1985,4,Regular,31,36,33,269.3030303,9.988181818,1.5,Front-Wheel Drive,Manual 4-spd
1251,Plymouth,Turismo,1985,4,Regular,27,36,30,296.2333333,10.987,1.6,Front-Wheel Drive,Manual 4-spd
1252,Plymouth,Turismo,1985,4,Regular,18,23,20,444.35,16.4805,2.2,Front-Wheel Drive,Automatic 3-spd
1253,Plymouth,Turismo,1985,4,Regular,22,31,25,355.48,13.1844,2.2,Front-Wheel Drive,Manual 5-spd
1254,Plymouth,Turismo,1985,4,Premium,18,27,21,423.1904762,15.69571429,2.2,Front-Wheel Drive,Manual 5-spd
12767,Plymouth,Neon,1996,4,Regular,22,30,25,355.48,13.1844,2,Front-Wheel Drive,Automatic 3-spd
12768,Plymouth,Neon,1996,4,Regular,24,35,28,317.3928571,11.77178571,2,Front-Wheel Drive,Manual 5-spd
12849,Plymouth,Breeze,1996,4,Regular,19,28,22,403.9545455,14.98227273,2,Front-Wheel Drive,Automatic 4-spd
12850,Plymouth,Breeze,1996,4,Regular,22,33,26,341.8076923,12.67730769,2,Front-Wheel Drive,Manual 5-spd
12851,Plymouth,Breeze,1996,4,Regular,18,26,21,423.1904762,15.69571429,2.4,Front-Wheel Drive,Automatic 4-spd
1317,Plymouth,Horizon,1985,4,Regular,27,36,30,296.2333333,10.987,1.6,Front-Wheel Drive,Manual 4-spd
13176,Plymouth,Voyager/Grand Voyager 2WD,1996,4,Regular,18,24,20,444.35,16.4805,2.4,Front-Wheel Drive,Automatic 3-spd
13177,Plymouth,Voyager/Grand Voyager 2WD,1996,4,Regular,16,23,19,467.7368421,17.34789474,2.4,Front-Wheel Drive,Automatic 4-spd
13178,Plymouth,Voyager/Grand Voyager 2WD,1996,6,Regular,17,23,19,467.7368421,17.34789474,3,Front-Wheel Drive,Automatic 3-spd
13179,Plymouth,Voyager/Grand Voyager 2WD,1996,6,Regular,16,22,18,493.7222222,18.31166667,3.3,Front-Wheel Drive,Automatic 4-spd
1318,Plymouth,Horizon,1985,4,Regular,19,24,21,423.1904762,15.69571429,2.2,Front-Wheel Drive,Automatic 3-spd
1319,Plymouth,Horizon,1985,4,Regular,22,31,25,355.48,13.1844,2.2,Front-Wheel Drive,Manual 5-spd
13241,Plymouth,Voyager/Grand Voyager 4WD,1996,6,Regular,14,20,16,555.4375,20.600625,3.8,4-Wheel or All-Wheel Drive,Automatic 4-spd
13506,Plymouth,Neon,1997,4,Regular,22,31,25,355.48,13.1844,2,Front-Wheel Drive,Automatic 3-spd
13507,Plymouth,Neon,1997,4,Regular,25,35,29,306.4482759,11.36586207,2,Front-Wheel Drive,Manual 5-spd
13590,Plymouth,Breeze,1997,4,Regular,19,29,23,386.3913043,14.33086957,2,Front-Wheel Drive,Automatic 4-spd
13591,Plymouth,Breeze,1997,4,Regular,23,34,27,329.1481481,12.20777778,2,Front-Wheel Drive,Manual 5-spd
1378,Plymouth,Caravelle,1985,4,Regular,19,23,21,423.1904762,15.69571429,2.2,Front-Wheel Drive,Automatic 3-spd
1379,Plymouth,Caravelle,1985,4,Premium,17,22,19,467.7368421,17.34789474,2.2,Front-Wheel Drive,Automatic 3-spd
1380,Plymouth,Caravelle,1985,4,Regular,18,21,19,467.7368421,17.34789474,2.6,Front-Wheel Drive,Automatic 3-spd
1381,Plymouth,Gran Fury,1985,8,Premium,15,19,16,555.4375,20.600625,5.2,Rear-Wheel Drive,Automatic 3-spd
1382,Plymouth,Reliant,1985,4,Regular,18,23,20,444.35,16.4805,2.2,Front-Wheel Drive,Automatic 3-spd
1383,Plymouth,Reliant,1985,4,Regular,22,28,24,370.2916667,13.73375,2.2,Front-Wheel Drive,Manual 4-spd
1384,Plymouth,Reliant,1985,4,Regular,21,31,25,355.48,13.1844,2.2,Front-Wheel Drive,Manual 5-spd
1385,Plymouth,Reliant,1985,4,Regular,22,31,25,355.48,13.1844,2.2,Front-Wheel Drive,Manual 5-spd
1386,Plymouth,Reliant,1985,4,Regular,19,24,21,423.1904762,15.69571429,2.2,Front-Wheel Drive,Automatic 3-spd
1387,Plymouth,Reliant,1985,4,Regular,18,21,19,467.7368421,17.34789474,2.6,Front-Wheel Drive,Automatic 3-spd
13903,Plymouth,Voyager/Grand Voyager 2WD,1997,4,Regular,18,23,20,444.35,16.4805,2.4,Front-Wheel Drive,Automatic 3-spd
13904,Plymouth,Voyager/Grand Voyager 2WD,1997,4,Regular,16,23,19,467.7368421,17.34789474,2.4,Front-Wheel Drive,Automatic 4-spd
13905,Plymouth,Voyager/Grand Voyager 2WD,1997,6,Regular,17,22,19,467.7368421,17.34789474,3,Front-Wheel Drive,Automatic 3-spd
13906,Plymouth,Voyager/Grand Voyager 2WD,1997,6,Regular,16,22,18,493.7222222,18.31166667,3.3,Front-Wheel Drive,Automatic 4-spd
14249,Plymouth,Neon,1998,4,Regular,21,30,24,370.2916667,13.73375,2,Front-Wheel Drive,Automatic 3-spd
14250,Plymouth,Neon,1998,4,Regular,25,37,29,306.4482759,11.36586207,2,Front-Wheel Drive,Manual 5-spd
14346,Plymouth,Breeze,1998,4,Regular,20,30,23,386.3913043,14.33086957,2,Front-Wheel Drive,Automatic 4-spd
14347,Plymouth,Breeze,1998,4,Regular,23,33,27,329.1481481,12.20777778,2,Front-Wheel Drive,Manual 5-spd
14348,Plymouth,Breeze,1998,4,Regular,18,28,22,403.9545455,14.98227273,2.4,Front-Wheel Drive,Automatic 4-spd
1436,Plymouth,Colt Vista,1985,4,Regular,20,23,21,423.1904762,15.69571429,2,Front-Wheel Drive,Automatic 3-spd
1437,Plymouth,Colt Vista,1985,4,Regular,21,28,23,386.3913043,14.33086957,2,Front-Wheel Drive,Manual 5-spd
1463,Plymouth,Reliant Wagon,1985,4,Regular,18,22,20,444.35,16.4805,2.2,Front-Wheel Drive,Automatic 3-spd
1464,Plymouth,Reliant Wagon,1985,4,Regular,22,28,24,370.2916667,13.73375,2.2,Front-Wheel Drive,Manual 4-spd
1465,Plymouth,Reliant Wagon,1985,4,Regular,21,31,25,355.48,13.1844,2.2,Front-Wheel Drive,Manual 5-spd
1466,Plymouth,Reliant Wagon,1985,4,Regular,22,31,25,355.48,13.1844,2.2,Front-Wheel Drive,Manual 5-spd
1467,Plymouth,Reliant Wagon,1985,4,Regular,19,23,21,423.1904762,15.69571429,2.2,Front-Wheel Drive,Automatic 3-spd
1468,Plymouth,Reliant Wagon,1985,4,Regular,18,21,19,467.7368421,17.34789474,2.6,Front-Wheel Drive,Automatic 3-spd
14685,Plymouth,Voyager/Grand Voyager 2WD,1998,4,Regular,18,24,20,444.35,16.4805,2.4,Front-Wheel Drive,Automatic 3-spd
14686,Plymouth,Voyager/Grand Voyager 2WD,1998,6,Regular,17,22,19,467.7368421,17.34789474,3,Front-Wheel Drive,Automatic 3-spd
14687,Plymouth,Voyager/Grand Voyager 2WD,1998,6,Regular,17,24,19,467.7368421,17.34789474,3,Front-Wheel Drive,Automatic 4-spd
14688,Plymouth,Voyager/Grand Voyager 2WD,1998,6,Regular,16,22,18,493.7222222,18.31166667,3.3,Front-Wheel Drive,Automatic 4-spd
14689,Plymouth,Voyager/Grand Voyager 2WD,1998,6,Regular,16,22,18,493.7222222,18.31166667,3.3,Front-Wheel Drive,Automatic 4-spd
14811,Plymouth,Prowler,1999,6,Premium,15,21,18,493.7222222,18.31166667,3.5,Rear-Wheel Drive,Automatic 4-spd
15024,Plymouth,Neon,1999,4,Regular,21,29,24,370.2916667,13.73375,2,Front-Wheel Drive,Automatic 3-spd
15025,Plymouth,Neon,1999,4,Regular,24,36,28,317.3928571,11.77178571,2,Front-Wheel Drive,Manual 5-spd
15141,Plymouth,Breeze,1999,4,Regular,19,28,23,386.3913043,14.33086957,2,Front-Wheel Drive,Automatic 4-spd
15142,Plymouth,Breeze,1999,4,Regular,23,33,27,329.1481481,12.20777778,2,Front-Wheel Drive,Manual 5-spd
15143,Plymouth,Breeze,1999,4,Regular,18,28,22,403.9545455,14.98227273,2.4,Front-Wheel Drive,Automatic 4-spd
15431,Plymouth,Voyager/Grand Voyager 2WD,1999,4,Regular,18,24,20,444.35,16.4805,2.4,Front-Wheel Drive,Automatic 3-spd
15432,Plymouth,Voyager/Grand Voyager 2WD,1999,6,Regular,17,24,19,467.7368421,17.34789474,3,Front-Wheel Drive,Automatic 4-spd
15433,Plymouth,Voyager/Grand Voyager 2WD,1999,6,Regular,16,22,18,493.7222222,18.31166667,3.3,Front-Wheel Drive,Automatic 4-spd
15434,Plymouth,Voyager/Grand Voyager 2WD,1999,6,Regular,16,22,18,493.7222222,18.31166667,3.3,Front-Wheel Drive,Automatic 4-spd
15435,Plymouth,Voyager/Grand Voyager 2WD,1999,6,Regular,15,22,18,493.7222222,18.31166667,3.8,Front-Wheel Drive,Automatic 4-spd
15616,Plymouth,Prowler,2000,6,Premium,15,21,18,493.7222222,18.31166667,3.5,Rear-Wheel Drive,Automatic 4-spd
15828,Plymouth,Neon,2000,4,Regular,22,28,24,370.2916667,13.73375,2,Front-Wheel Drive,Automatic 3-spd
15829,Plymouth,Neon,2000,4,Regular,24,31,27,329.1481481,12.20777778,2,Front-Wheel Drive,Manual 5-spd
15945,Plymouth,Breeze,2000,4,Regular,19,27,22,403.9545455,14.98227273,2,Front-Wheel Drive,Automatic 4-spd
15946,Plymouth,Breeze,2000,4,Regular,23,34,27,329.1481481,12.20777778,2,Front-Wheel Drive,Manual 5-spd
15947,Plymouth,Breeze,2000,4,Regular,17,26,20,444.35,16.4805,2.4,Front-Wheel Drive,Automatic 4-spd
16232,Plymouth,Voyager/Grand Voyager 2WD,2000,4,Regular,18,24,20,444.35,16.4805,2.4,Front-Wheel Drive,Automatic 3-spd
16233,Plymouth,Voyager/Grand Voyager 2WD,2000,6,Regular,16,23,19,467.7368421,17.34789474,3,Front-Wheel Drive,Automatic 4-spd
16234,Plymouth,Voyager/Grand Voyager 2WD,2000,6,Regular,16,23,19,467.7368421,17.34789474,3.3,Front-Wheel Drive,Automatic 4-spd
16235,Plymouth,Voyager/Grand Voyager 2WD,2000,6,Regular,15,22,18,493.7222222,18.31166667,3.8,Front-Wheel Drive,Automatic 4-spd
1641,Plymouth,Voyager 2WD,1985,4,Regular,16,19,17,522.7647059,19.38882353,2.6,Front-Wheel Drive,Automatic 3-spd
16420,Plymouth,Voyager/Grand Voyager 2WD,2000,6,Gasoline or E85,16,23,19,467.7368421,17.34789474,3.3,Front-Wheel Drive,Automatic 4-spd
16460,Plymouth,Prowler,2001,6,Premium,15,21,17,522.7647059,19.38882353,3.5,Rear-Wheel Drive,Automatic (S4)
16680,Plymouth,Neon,2001,4,Regular,21,28,24,370.2916667,13.73375,2,Front-Wheel Drive,Automatic 3-spd
16681,Plymouth,Neon,2001,4,Regular,24,30,26,341.8076923,12.67730769,2,Front-Wheel Drive,Manual 5-spd
187,Plymouth,Colt,1985,4,Regular,27,35,30,296.2333333,10.987,1.5,Front-Wheel Drive,Manual 5-spd
1878,Plymouth,Colt,1986,4,Regular,25,29,27,329.1481481,12.20777778,1.5,Front-Wheel Drive,Automatic 3-spd
1879,Plymouth,Colt,1986,4,Regular,31,37,33,269.3030303,9.988181818,1.5,Front-Wheel Drive,Manual 4-spd
188,Plymouth,Colt,1985,4,Premium,21,24,22,403.9545455,14.98227273,1.6,Front-Wheel Drive,Automatic 3-spd
1880,Plymouth,Colt,1986,4,Regular,28,35,31,286.6774194,10.63258065,1.5,Front-Wheel Drive,Manual 5-spd
1881,Plymouth,Colt,1986,4,Premium,21,24,22,403.9545455,14.98227273,1.6,Front-Wheel Drive,Automatic 3-spd
1882,Plymouth,Colt,1986,4,Premium,21,28,24,370.2916667,13.73375,1.6,Front-Wheel Drive,Manual 5-spd
1883,Plymouth,Conquest,1986,4,Premium,17,22,19,467.7368421,17.34789474,2.6,Rear-Wheel Drive,Automatic 4-spd
1884,Plymouth,Conquest,1986,4,Premium,16,22,18,493.7222222,18.31166667,2.6,Rear-Wheel Drive,Manual 5-spd
1885,Plymouth,Turismo,1986,4,Regular,26,35,30,296.2333333,10.987,1.6,Front-Wheel Drive,Manual 4-spd
1886,Plymouth,Turismo,1986,4,Regular,24,30,27,329.1481481,12.20777778,1.6,Front-Wheel Drive,Manual 4-spd
1887,Plymouth,Turismo,1986,4,Regular,21,27,24,370.2916667,13.73375,2.2,Front-Wheel Drive,Automatic 3-spd
1888,Plymouth,Turismo,1986,4,Regular,23,32,26,341.8076923,12.67730769,2.2,Front-Wheel Drive,Manual 5-spd
1889,Plymouth,Turismo,1986,4,Premium,19,27,22,403.9545455,14.98227273,2.2,Front-Wheel Drive,Manual 5-spd
189,Plymouth,Colt,1985,4,Premium,21,24,22,403.9545455,14.98227273,1.6,Front-Wheel Drive,Automatic 3-spd
190,Plymouth,Colt,1985,4,Premium,21,28,24,370.2916667,13.73375,1.6,Front-Wheel Drive,Manual 5-spd
191,Plymouth,Colt,1985,4,Premium,21,28,24,370.2916667,13.73375,1.6,Front-Wheel Drive,Manual 5-spd
192,Plymouth,Conquest,1985,4,Premium,17,22,19,467.7368421,17.34789474,2.6,Rear-Wheel Drive,Automatic 4-spd
193,Plymouth,Conquest,1985,4,Premium,17,22,19,467.7368421,17.34789474,2.6,Rear-Wheel Drive,Automatic 4-spd
194,Plymouth,Conquest,1985,4,Premium,16,22,18,493.7222222,18.31166667,2.6,Rear-Wheel Drive,Manual 5-spd
195,Plymouth,Conquest,1985,4,Premium,17,22,19,467.7368421,17.34789474,2.6,Rear-Wheel Drive,Manual 5-spd
196,Plymouth,Conquest,1985,4,Premium,16,22,18,493.7222222,18.31166667,2.6,Rear-Wheel Drive,Manual 5-spd
197,Plymouth,Conquest,1985,4,Premium,17,22,19,467.7368421,17.34789474,2.6,Rear-Wheel Drive,Manual 5-spd
198,Plymouth,Turismo,1985,4,Regular,26,36,30,296.2333333,10.987,1.6,Front-Wheel Drive,Manual 4-spd
199,Plymouth,Turismo,1985,4,Regular,26,36,30,296.2333333,10.987,1.6,Front-Wheel Drive,Manual 4-spd
200,Plymouth,Turismo,1985,4,Regular,24,30,27,329.1481481,12.20777778,1.6,Front-Wheel Drive,Manual 4-spd
201,Plymouth,Turismo,1985,4,Regular,21,26,23,386.3913043,14.33086957,2.2,Front-Wheel Drive,Automatic 3-spd
202,Plymouth,Turismo,1985,4,Regular,22,33,26,341.8076923,12.67730769,2.2,Front-Wheel Drive,Manual 5-spd
203,Plymouth,Turismo,1985,4,Regular,23,33,27,329.1481481,12.20777778,2.2,Front-Wheel Drive,Manual 5-spd
2038,Plymouth,Horizon,1986,4,Regular,26,35,30,296.2333333,10.987,1.6,Front-Wheel Drive,Manual 4-spd
2039,Plymouth,Horizon,1986,4,Regular,24,30,27,329.1481481,12.20777778,1.6,Front-Wheel Drive,Manual 4-spd
204,Plymouth,Turismo,1985,4,Premium,18,27,21,423.1904762,15.69571429,2.2,Front-Wheel Drive,Manual 5-spd
2040,Plymouth,Horizon,1986,4,Regular,21,26,23,386.3913043,14.33086957,2.2,Front-Wheel Drive,Automatic 3-spd
2041,Plymouth,Horizon,1986,4,Regular,23,32,26,341.8076923,12.67730769,2.2,Front-Wheel Drive,Manual 5-spd
2170,Plymouth,Caravelle,1986,4,Premium,18,22,19,467.7368421,17.34789474,2.2,Front-Wheel Drive,Automatic 3-spd
2171,Plymouth,Caravelle,1986,4,Regular,21,24,22,403.9545455,14.98227273,2.2,Front-Wheel Drive,Automatic 3-spd
2172,Plymouth,Caravelle,1986,4,Regular,20,23,21,423.1904762,15.69571429,2.5,Front-Wheel Drive,Automatic 3-spd
2173,Plymouth,Gran Fury,1986,8,Premium,15,20,16,555.4375,20.600625,5.2,Rear-Wheel Drive,Automatic 3-spd
2174,Plymouth,Gran Fury,1986,8,Regular,14,16,15,592.4666667,21.974,5.2,Rear-Wheel Drive,Automatic 3-spd
2175,Plymouth,Gran Fury,1986,8,Regular,11,14,12,740.5833333,27.4675,5.2,Rear-Wheel Drive,Automatic 3-spd
2176,Plymouth,Reliant,1986,4,Regular,21,26,23,386.3913043,14.33086957,2.2,Front-Wheel Drive,Automatic 3-spd
2177,Plymouth,Reliant,1986,4,Regular,21,24,22,403.9545455,14.98227273,2.2,Front-Wheel Drive,Automatic 3-spd
2178,Plymouth,Reliant,1986,4,Regular,22,32,26,341.8076923,12.67730769,2.2,Front-Wheel Drive,Manual 5-spd
2179,Plymouth,Reliant,1986,4,Regular,20,24,21,423.1904762,15.69571429,2.5,Front-Wheel Drive,Automatic 3-spd
2180,Plymouth,Reliant,1986,4,Regular,18,22,19,467.7368421,17.34789474,2.5,Front-Wheel Drive,Automatic 3-spd
2265,Plymouth,Colt Vista,1986,4,Regular,20,22,21,423.1904762,15.69571429,2,Front-Wheel Drive,Automatic 3-spd
2266,Plymouth,Colt Vista,1986,4,Regular,21,26,23,386.3913043,14.33086957,2,Front-Wheel Drive,Manual 5-spd
2321,Plymouth,Reliant Wagon,1986,4,Regular,21,24,22,403.9545455,14.98227273,2.2,Front-Wheel Drive,Automatic 3-spd
2322,Plymouth,Reliant Wagon,1986,4,Regular,22,32,26,341.8076923,12.67730769,2.2,Front-Wheel Drive,Manual 5-spd
2323,Plymouth,Reliant Wagon,1986,4,Regular,20,23,21,423.1904762,15.69571429,2.5,Front-Wheel Drive,Automatic 3-spd
26728,Plymouth,Colt,1984,4,Regular,31,37,34,261.3823529,9.694411765,1.4,,Manual 4-spd
26729,Plymouth,Colt,1984,4,Regular,28,34,31,286.6774194,10.63258065,1.4,,Manual 4-spd Doubled
26730,Plymouth,Colt,1984,4,Regular,24,29,26,341.8076923,12.67730769,1.6,,Automatic 3-spd
26731,Plymouth,Colt,1984,4,Regular,23,28,25,355.48,13.1844,1.6,,Manual 4-spd Doubled
26732,Plymouth,Conquest,1984,4,Regular,17,23,19,467.7368421,17.34789474,2.6,,Automatic 4-spd
26733,Plymouth,Conquest,1984,4,Regular,17,23,19,467.7368421,17.34789474,2.6,,Automatic 4-spd
26734,Plymouth,Conquest,1984,4,Regular,17,22,19,467.7368421,17.34789474,2.6,,Manual 5-spd
26735,Plymouth,Conquest,1984,4,Regular,17,22,19,467.7368421,17.34789474,2.6,,Manual 5-spd
26736,Plymouth,Turismo,1984,4,Regular,26,35,30,296.2333333,10.987,1.6,,Manual 4-spd
26737,Plymouth,Turismo,1984,4,Regular,21,26,23,386.3913043,14.33086957,2.2,,Automatic 3-spd
26738,Plymouth,Turismo,1984,4,Regular,21,31,25,355.48,13.1844,2.2,,Manual 5-spd
26891,Plymouth,Horizon,1984,4,Regular,26,35,30,296.2333333,10.987,1.6,,Manual 4-spd
26892,Plymouth,Horizon,1984,4,Regular,21,26,23,386.3913043,14.33086957,2.2,,Automatic 3-spd
26893,Plymouth,Horizon,1984,4,Regular,22,32,26,341.8076923,12.67730769,2.2,,Manual 5-spd
27021,Plymouth,Gran Fury,1984,8,Regular,14,18,15,592.4666667,21.974,5.2,,Automatic 3-spd
27022,Plymouth,Gran Fury,1984,8,Regular,12,15,13,683.6153846,25.35461538,5.2,,Automatic 3-spd
27023,Plymouth,Reliant,1984,4,Regular,21,26,23,386.3913043,14.33086957,2.2,,Automatic 3-spd
27024,Plymouth,Reliant,1984,4,Regular,23,29,25,355.48,13.1844,2.2,,Manual 4-spd
27025,Plymouth,Reliant,1984,4,Regular,21,30,24,370.2916667,13.73375,2.2,,Manual 5-spd
27026,Plymouth,Reliant,1984,4,Regular,18,22,20,444.35,16.4805,2.6,,Automatic 3-spd
27120,Plymouth,Colt Vista,1984,4,Regular,21,24,23,386.3913043,14.33086957,2,,Automatic 3-spd
27121,Plymouth,Colt Vista,1984,4,Regular,22,26,24,370.2916667,13.73375,2,,Manual 4-spd Doubled
27122,Plymouth,Colt Vista,1984,4,Regular,22,29,25,355.48,13.1844,2,,Manual 5-spd
27176,Plymouth,Reliant Wagon,1984,4,Regular,21,26,23,386.3913043,14.33086957,2.2,,Automatic 3-spd
27177,Plymouth,Reliant Wagon,1984,4,Regular,22,29,25,355.48,13.1844,2.2,,Manual 4-spd
27178,Plymouth,Reliant Wagon,1984,4,Regular,21,29,24,370.2916667,13.73375,2.2,,Manual 5-spd
27179,Plymouth,Reliant Wagon,1984,4,Regular,18,22,20,444.35,16.4805,2.6,,Automatic 3-spd
27580,Plymouth,Voyager 2WD,1984,4,Regular,18,21,19,467.7368421,17.34789474,2.2,2-Wheel Drive,Automatic 3-spd
27581,Plymouth,Voyager 2WD,1984,4,Regular,19,26,22,403.9545455,14.98227273,2.2,2-Wheel Drive,Manual 5-spd
27582,Plymouth,Voyager 2WD,1984,4,Regular,17,20,18,493.7222222,18.31166667,2.6,2-Wheel Drive,Automatic 3-spd
27828,Plymouth,Colt,1984,4,Regular,30,37,33,269.3030303,9.988181818,1.4,,Manual 4-spd
27829,Plymouth,Colt,1984,4,Regular,28,34,30,296.2333333,10.987,1.4,,Manual 4-spd Doubled
2783,Plymouth,Voyager 2WD,1986,4,Regular,18,21,19,467.7368421,17.34789474,2.2,Front-Wheel Drive,Automatic 3-spd
27830,Plymouth,Colt,1984,4,Regular,24,29,26,341.8076923,12.67730769,1.6,,Automatic 3-spd
27831,Plymouth,Colt,1984,4,Regular,23,28,25,355.48,13.1844,1.6,,Manual 4-spd Doubled
27832,Plymouth,Conquest,1984,4,Regular,17,23,19,467.7368421,17.34789474,2.6,,Automatic 4-spd
27833,Plymouth,Conquest,1984,4,Regular,17,22,19,467.7368421,17.34789474,2.6,,Manual 5-spd
27834,Plymouth,Turismo,1984,4,Regular,25,35,29,306.4482759,11.36586207,1.6,,Manual 4-spd
27835,Plymouth,Turismo,1984,4,Regular,20,24,21,423.1904762,15.69571429,2.2,,Automatic 3-spd
27836,Plymouth,Turismo,1984,4,Regular,21,31,25,355.48,13.1844,2.2,,Manual 5-spd
2784,Plymouth,Voyager 2WD,1986,4,Regular,18,25,21,423.1904762,15.69571429,2.2,Front-Wheel Drive,Manual 5-spd
2785,Plymouth,Voyager 2WD,1986,4,Regular,18,25,21,423.1904762,15.69571429,2.2,Front-Wheel Drive,Manual 5-spd
2786,Plymouth,Voyager 2WD,1986,4,Regular,17,20,18,493.7222222,18.31166667,2.6,Front-Wheel Drive,Automatic 3-spd
27966,Plymouth,Horizon,1984,4,Regular,25,35,29,306.4482759,11.36586207,1.6,,Manual 4-spd
27967,Plymouth,Horizon,1984,4,Regular,20,24,21,423.1904762,15.69571429,2.2,,Automatic 3-spd
27968,Plymouth,Horizon,1984,4,Regular,21,31,25,355.48,13.1844,2.2,,Manual 5-spd
28075,Plymouth,Gran Fury,1984,8,Regular,14,18,15,592.4666667,21.974,5.2,,Automatic 3-spd
28076,Plymouth,Reliant,1984,4,Regular,20,24,21,423.1904762,15.69571429,2.2,,Automatic 3-spd
28077,Plymouth,Reliant,1984,4,Regular,21,27,24,370.2916667,13.73375,2.2,,Manual 4-spd
28078,Plymouth,Reliant,1984,4,Regular,21,31,25,355.48,13.1844,2.2,,Manual 5-spd
28079,Plymouth,Reliant,1984,4,Regular,18,20,19,467.7368421,17.34789474,2.6,,Automatic 3-spd
28152,Plymouth,Colt Vista,1984,4,Regular,21,24,22,403.9545455,14.98227273,2,,Automatic 3-spd
28153,Plymouth,Colt Vista,1984,4,Regular,21,25,23,386.3913043,14.33086957,2,,Manual 4-spd Doubled
28154,Plymouth,Colt Vista,1984,4,Regular,21,29,24,370.2916667,13.73375,2,,Manual 5-spd
28204,Plymouth,Reliant Wagon,1984,4,Regular,20,24,21,423.1904762,15.69571429,2.2,,Automatic 3-spd
28205,Plymouth,Reliant Wagon,1984,4,Regular,21,27,24,370.2916667,13.73375,2.2,,Manual 4-spd
28206,Plymouth,Reliant Wagon,1984,4,Regular,21,31,25,355.48,13.1844,2.2,,Manual 5-spd
28207,Plymouth,Reliant Wagon,1984,4,Regular,18,21,19,467.7368421,17.34789474,2.6,,Automatic 3-spd
28448,Plymouth,Voyager 2WD,1984,4,Regular,18,26,21,423.1904762,15.69571429,2.2,2-Wheel Drive,Manual 5-spd
2854,Plymouth,Colt Vista 4WD,1986,4,Regular,17,23,19,467.7368421,17.34789474,2,4-Wheel or All-Wheel Drive,Manual 5-spd
29086,Plymouth,Voyager/Grand Voyager 2WD,1994,6,Regular,16,21,18,493.7222222,18.31166667,3.3,Front-Wheel Drive,Automatic 4-spd
29624,Plymouth,Voyager/Grand Voyager 2WD,1998,6,Regular,15,22,18,493.7222222,18.31166667,3.8,Front-Wheel Drive,Automatic 4-spd
3082,Plymouth,Colt,1987,4,Regular,25,30,27,329.1481481,12.20777778,1.5,Front-Wheel Drive,Automatic 3-spd
3083,Plymouth,Colt,1987,4,Regular,29,34,31,286.6774194,10.63258065,1.5,Front-Wheel Drive,Manual 4-spd
3084,Plymouth,Colt,1987,4,Regular,27,34,30,296.2333333,10.987,1.5,Front-Wheel Drive,Manual 5-spd
3085,Plymouth,Colt,1987,4,Premium,21,24,22,403.9545455,14.98227273,1.6,Front-Wheel Drive,Automatic 3-spd
3086,Plymouth,Colt,1987,4,Premium,22,29,25,355.48,13.1844,1.6,Front-Wheel Drive,Manual 5-spd
3087,Plymouth,Turismo,1987,4,Regular,21,25,22,403.9545455,14.98227273,2.2,Front-Wheel Drive,Automatic 3-spd
3088,Plymouth,Turismo,1987,4,Regular,22,32,26,341.8076923,12.67730769,2.2,Front-Wheel Drive,Manual 5-spd
30974,Plymouth,Voyager/Grand Voyager 2WD,1999,,Electricity,37,33,35,0,0.576,,Front-Wheel Drive,Automatic (A1)
3281,Plymouth,Horizon,1987,4,Regular,21,24,22,403.9545455,14.98227273,2.2,Front-Wheel Drive,Automatic 3-spd
3282,Plymouth,Horizon,1987,4,Regular,22,31,25,355.48,13.1844,2.2,Front-Wheel Drive,Manual 5-spd
3283,Plymouth,Sundance,1987,4,Premium,17,22,19,467.7368421,17.34789474,2.2,Front-Wheel Drive,Automatic 3-spd
3284,Plymouth,Sundance,1987,4,Regular,20,26,22,403.9545455,14.98227273,2.2,Front-Wheel Drive,Automatic 3-spd
3285,Plymouth,Sundance,1987,4,Premium,17,21,19,467.7368421,17.34789474,2.2,Front-Wheel Drive,Automatic 3-spd
3286,Plymouth,Sundance,1987,4,Regular,21,25,22,403.9545455,14.98227273,2.2,Front-Wheel Drive,Automatic 3-spd
3287,Plymouth,Sundance,1987,4,Regular,22,29,25,355.48,13.1844,2.2,Front-Wheel Drive,Manual 5-spd
3288,Plymouth,Sundance,1987,4,Regular,22,30,25,355.48,13.1844,2.2,Front-Wheel Drive,Manual 5-spd
3289,Plymouth,Sundance,1987,4,Premium,18,26,21,423.1904762,15.69571429,2.2,Front-Wheel Drive,Manual 5-spd
3290,Plymouth,Sundance,1987,4,Premium,17,26,20,444.35,16.4805,2.2,Front-Wheel Drive,Manual 5-spd
3423,Plymouth,Caravelle,1987,4,Regular,20,24,21,423.1904762,15.69571429,2.2,Front-Wheel Drive,Automatic 3-spd
3424,Plymouth,Caravelle,1987,4,Premium,17,22,19,467.7368421,17.34789474,2.2,Front-Wheel Drive,Automatic 3-spd
3425,Plymouth,Caravelle,1987,4,Regular,19,25,21,423.1904762,15.69571429,2.5,Front-Wheel Drive,Automatic 3-spd
3426,Plymouth,Gran Fury,1987,8,Premium,15,20,17,522.7647059,19.38882353,5.2,Rear-Wheel Drive,Automatic 3-spd
3427,Plymouth,Gran Fury,1987,8,Regular,13,16,14,634.7857143,23.54357143,5.2,Rear-Wheel Drive,Automatic 3-spd
3428,Plymouth,Gran Fury,1987,8,Regular,11,14,12,740.5833333,27.4675,5.2,Rear-Wheel Drive,Automatic 3-spd
3429,Plymouth,Reliant,1987,4,Regular,20,26,22,403.9545455,14.98227273,2.2,Front-Wheel Drive,Automatic 3-spd
3430,Plymouth,Reliant,1987,4,Regular,20,24,21,423.1904762,15.69571429,2.2,Front-Wheel Drive,Automatic 3-spd
3431,Plymouth,Reliant,1987,4,Regular,22,29,25,355.48,13.1844,2.2,Front-Wheel Drive,Manual 5-spd
3432,Plymouth,Reliant,1987,4,Regular,19,24,21,423.1904762,15.69571429,2.5,Front-Wheel Drive,Automatic 3-spd
3433,Plymouth,Reliant,1987,4,Regular,19,25,21,423.1904762,15.69571429,2.5,Front-Wheel Drive,Automatic 3-spd
3517,Plymouth,Colt Vista,1987,4,Regular,20,22,21,423.1904762,15.69571429,2,Front-Wheel Drive,Automatic 3-spd
3518,Plymouth,Colt Vista,1987,4,Regular,21,26,23,386.3913043,14.33086957,2,Front-Wheel Drive,Manual 5-spd
3519,Plymouth,Colt Vista,1987,4,Regular,20,22,21,423.1904762,15.69571429,2,Front-Wheel Drive,Automatic 3-spd
3520,Plymouth,Colt Vista,1987,4,Regular,21,26,23,386.3913043,14.33086957,2,Front-Wheel Drive,Manual 5-spd
3576,Plymouth,Reliant Wagon,1987,4,Regular,20,24,21,423.1904762,15.69571429,2.2,Front-Wheel Drive,Automatic 3-spd
3577,Plymouth,Reliant Wagon,1987,4,Regular,21,29,24,370.2916667,13.73375,2.2,Front-Wheel Drive,Manual 5-spd
3578,Plymouth,Reliant Wagon,1987,4,Regular,19,25,21,423.1904762,15.69571429,2.5,Front-Wheel Drive,Automatic 3-spd
358,Plymouth,Horizon,1985,4,Regular,26,36,30,296.2333333,10.987,1.6,Front-Wheel Drive,Manual 4-spd
359,Plymouth,Horizon,1985,4,Regular,26,36,30,296.2333333,10.987,1.6,Front-Wheel Drive,Manual 4-spd
360,Plymouth,Horizon,1985,4,Regular,24,30,27,329.1481481,12.20777778,1.6,Front-Wheel Drive,Manual 4-spd
361,Plymouth,Horizon,1985,4,Regular,21,26,23,386.3913043,14.33086957,2.2,Front-Wheel Drive,Automatic 3-spd
362,Plymouth,Horizon,1985,4,Regular,22,33,26,341.8076923,12.67730769,2.2,Front-Wheel Drive,Manual 5-spd
363,Plymouth,Horizon,1985,4,Regular,23,33,27,329.1481481,12.20777778,2.2,Front-Wheel Drive,Manual 5-spd
4009,Plymouth,Voyager/Grand Voyager 2WD,1987,4,Regular,18,22,19,467.7368421,17.34789474,2.2,Front-Wheel Drive,Automatic 3-spd
4010,Plymouth,Voyager/Grand Voyager 2WD,1987,4,Regular,19,26,21,423.1904762,15.69571429,2.2,Front-Wheel Drive,Manual 5-spd
4011,Plymouth,Voyager/Grand Voyager 2WD,1987,4,Regular,19,26,21,423.1904762,15.69571429,2.2,Front-Wheel Drive,Manual 5-spd
4012,Plymouth,Voyager/Grand Voyager 2WD,1987,4,Regular,17,20,19,467.7368421,17.34789474,2.5,Front-Wheel Drive,Automatic 3-spd
4013,Plymouth,Voyager/Grand Voyager 2WD,1987,4,Regular,17,24,20,444.35,16.4805,2.5,Front-Wheel Drive,Manual 5-spd
4014,Plymouth,Voyager/Grand Voyager 2WD,1987,4,Regular,17,20,18,493.7222222,18.31166667,2.6,Front-Wheel Drive,Automatic 3-spd
4015,Plymouth,Voyager/Grand Voyager 2WD,1987,6,Regular,17,21,19,467.7368421,17.34789474,3,Front-Wheel Drive,Automatic 3-spd
4087,Plymouth,Colt Vista 4WD,1987,4,Regular,17,23,19,467.7368421,17.34789474,2,4-Wheel or All-Wheel Drive,Manual 5-spd
4088,Plymouth,Colt Vista 4WD,1987,4,Regular,18,24,21,423.1904762,15.69571429,2,4-Wheel or All-Wheel Drive,Manual 5-spd
4299,Plymouth,Colt,1988,4,Regular,26,29,27,329.1481481,12.20777778,1.5,Front-Wheel Drive,Automatic 3-spd
4300,Plymouth,Colt,1988,4,Regular,29,35,31,286.6774194,10.63258065,1.5,Front-Wheel Drive,Manual 4-spd
4301,Plymouth,Colt,1988,4,Regular,27,34,30,296.2333333,10.987,1.5,Front-Wheel Drive,Manual 5-spd
4302,Plymouth,Colt,1988,4,Regular,21,24,22,403.9545455,14.98227273,1.6,Front-Wheel Drive,Automatic 3-spd
4303,Plymouth,Colt,1988,4,Regular,22,29,25,355.48,13.1844,1.6,Front-Wheel Drive,Manual 5-spd
4476,Plymouth,Horizon,1988,4,Regular,22,28,24,370.2916667,13.73375,2.2,Front-Wheel Drive,Automatic 3-spd
4477,Plymouth,Horizon,1988,4,Regular,22,31,25,355.48,13.1844,2.2,Front-Wheel Drive,Manual 5-spd
4478,Plymouth,Sundance,1988,4,Premium,18,23,20,444.35,16.4805,2.2,Front-Wheel Drive,Automatic 3-spd
4479,Plymouth,Sundance,1988,4,Regular,21,26,23,386.3913043,14.33086957,2.2,Front-Wheel Drive,Automatic 3-spd
4480,Plymouth,Sundance,1988,4,Regular,22,30,25,355.48,13.1844,2.2,Front-Wheel Drive,Manual 5-spd
4481,Plymouth,Sundance,1988,4,Premium,18,26,21,423.1904762,15.69571429,2.2,Front-Wheel Drive,Manual 5-spd
4482,Plymouth,Sundance,1988,4,Regular,20,26,22,403.9545455,14.98227273,2.5,Front-Wheel Drive,Automatic 3-spd
4483,Plymouth,Sundance,1988,4,Regular,20,28,23,386.3913043,14.33086957,2.5,Front-Wheel Drive,Manual 5-spd
4604,Plymouth,Caravelle,1988,4,Premium,18,23,20,444.35,16.4805,2.2,Front-Wheel Drive,Automatic 3-spd
4605,Plymouth,Caravelle,1988,4,Regular,21,26,23,386.3913043,14.33086957,2.2,Front-Wheel Drive,Automatic 3-spd
4606,Plymouth,Caravelle,1988,4,Regular,20,26,22,403.9545455,14.98227273,2.5,Front-Wheel Drive,Automatic 3-spd
4607,Plymouth,Gran Fury,1988,8,Premium,16,21,18,493.7222222,18.31166667,5.2,Rear-Wheel Drive,Automatic 3-spd
4608,Plymouth,Gran Fury,1988,8,Premium,14,18,15,592.4666667,21.974,5.2,Rear-Wheel Drive,Automatic 3-spd
4609,Plymouth,Gran Fury,1988,8,Premium,11,14,12,740.5833333,27.4675,5.2,Rear-Wheel Drive,Automatic 3-spd
4610,Plymouth,Reliant,1988,4,Regular,22,28,24,370.2916667,13.73375,2.2,Front-Wheel Drive,Automatic 3-spd
4611,Plymouth,Reliant,1988,4,Regular,22,30,25,355.48,13.1844,2.2,Front-Wheel Drive,Manual 5-spd
4612,Plymouth,Reliant,1988,4,Regular,20,25,22,403.9545455,14.98227273,2.5,Front-Wheel Drive,Automatic 3-spd
4692,Plymouth,Colt Vista,1988,4,Regular,20,22,21,423.1904762,15.69571429,2,Front-Wheel Drive,Automatic 3-spd
4693,Plymouth,Colt Vista,1988,4,Regular,21,26,23,386.3913043,14.33086957,2,Front-Wheel Drive,Manual 5-spd
4694,Plymouth,Colt Wagon,1988,4,Regular,24,27,25,355.48,13.1844,1.5,Front-Wheel Drive,Automatic 3-spd
4695,Plymouth,Colt Wagon,1988,4,Regular,26,32,28,317.3928571,11.77178571,1.5,Front-Wheel Drive,Manual 5-spd
4749,Plymouth,Reliant Wagon,1988,4,Regular,21,26,23,386.3913043,14.33086957,2.2,Front-Wheel Drive,Automatic 3-spd
4750,Plymouth,Reliant Wagon,1988,4,Regular,22,31,25,355.48,13.1844,2.2,Front-Wheel Drive,Manual 5-spd
4751,Plymouth,Reliant Wagon,1988,4,Regular,20,26,22,403.9545455,14.98227273,2.5,Front-Wheel Drive,Automatic 3-spd
505,Plymouth,Caravelle,1985,4,Regular,20,24,21,423.1904762,15.69571429,2.2,Front-Wheel Drive,Automatic 3-spd
506,Plymouth,Caravelle,1985,4,Premium,18,22,19,467.7368421,17.34789474,2.2,Front-Wheel Drive,Automatic 3-spd
507,Plymouth,Caravelle,1985,4,Regular,18,21,19,467.7368421,17.34789474,2.6,Front-Wheel Drive,Automatic 3-spd
508,Plymouth,Gran Fury,1985,8,Premium,15,20,17,522.7647059,19.38882353,5.2,Rear-Wheel Drive,Automatic 3-spd
509,Plymouth,Gran Fury,1985,8,Premium,11,14,12,740.5833333,27.4675,5.2,Rear-Wheel Drive,Automatic 3-spd
510,Plymouth,Reliant,1985,4,Regular,21,26,23,386.3913043,14.33086957,2.2,Front-Wheel Drive,Automatic 3-spd
511,Plymouth,Reliant,1985,4,Regular,23,30,25,355.48,13.1844,2.2,Front-Wheel Drive,Manual 4-spd
512,Plymouth,Reliant,1985,4,Regular,22,30,25,355.48,13.1844,2.2,Front-Wheel Drive,Manual 5-spd
513,Plymouth,Reliant,1985,4,Regular,21,24,22,403.9545455,14.98227273,2.2,Front-Wheel Drive,Automatic 3-spd
514,Plymouth,Reliant,1985,4,Regular,18,22,20,444.35,16.4805,2.6,Front-Wheel Drive,Automatic 3-spd
5152,Plymouth,Voyager/Grand Voyager 2WD,1988,4,Regular,18,22,19,467.7368421,17.34789474,2.5,Front-Wheel Drive,Automatic 3-spd
5153,Plymouth,Voyager/Grand Voyager 2WD,1988,4,Regular,18,26,21,423.1904762,15.69571429,2.5,Front-Wheel Drive,Manual 5-spd
5154,Plymouth,Voyager/Grand Voyager 2WD,1988,6,Regular,16,21,18,493.7222222,18.31166667,3,Front-Wheel Drive,Automatic 3-spd
5212,Plymouth,Colt Vista 4WD,1988,4,Regular,18,24,21,423.1904762,15.69571429,2,4-Wheel or All-Wheel Drive,Manual 5-spd
5426,Plymouth,Colt,1989,4,Regular,24,28,26,341.8076923,12.67730769,1.5,Front-Wheel Drive,Automatic 3-spd
5427,Plymouth,Colt,1989,4,Regular,28,35,30,296.2333333,10.987,1.5,Front-Wheel Drive,Manual 4-spd
5428,Plymouth,Colt,1989,4,Regular,26,32,28,317.3928571,11.77178571,1.5,Front-Wheel Drive,Manual 5-spd
5429,Plymouth,Colt,1989,4,Premium,21,27,23,386.3913043,14.33086957,1.6,Front-Wheel Drive,Manual 5-spd
5430,Plymouth,Sundance Convertible,1989,4,Regular,21,26,23,386.3913043,14.33086957,2.2,Front-Wheel Drive,Automatic 3-spd
5431,Plymouth,Sundance Convertible,1989,4,Regular,21,31,25,355.48,13.1844,2.2,Front-Wheel Drive,Manual 5-spd
5432,Plymouth,Sundance Convertible,1989,4,Premium,17,22,19,467.7368421,17.34789474,2.5,Front-Wheel Drive,Automatic 3-spd
5433,Plymouth,Sundance Convertible,1989,4,Regular,20,26,22,403.9545455,14.98227273,2.5,Front-Wheel Drive,Automatic 3-spd
5434,Plymouth,Sundance Convertible,1989,4,Regular,21,31,24,370.2916667,13.73375,2.5,Front-Wheel Drive,Manual 5-spd
5599,Plymouth,Horizon,1989,4,Regular,21,28,24,370.2916667,13.73375,2.2,Front-Wheel Drive,Automatic 3-spd
5600,Plymouth,Horizon,1989,4,Regular,23,32,26,341.8076923,12.67730769,2.2,Front-Wheel Drive,Manual 5-spd
5601,Plymouth,Sundance,1989,4,Regular,21,26,23,386.3913043,14.33086957,2.2,Front-Wheel Drive,Automatic 3-spd
5602,Plymouth,Sundance,1989,4,Regular,21,31,25,355.48,13.1844,2.2,Front-Wheel Drive,Manual 5-spd
5603,Plymouth,Sundance,1989,4,Premium,17,22,19,467.7368421,17.34789474,2.5,Front-Wheel Drive,Automatic 3-spd
5604,Plymouth,Sundance,1989,4,Regular,20,26,22,403.9545455,14.98227273,2.5,Front-Wheel Drive,Automatic 3-spd
5605,Plymouth,Sundance,1989,4,Premium,18,26,21,423.1904762,15.69571429,2.5,Front-Wheel Drive,Manual 5-spd
5606,Plymouth,Sundance,1989,4,Regular,21,31,24,370.2916667,13.73375,2.5,Front-Wheel Drive,Manual 5-spd
5760,Plymouth,Acclaim,1989,4,Regular,21,26,23,386.3913043,14.33086957,2.2,Front-Wheel Drive,Automatic 3-spd
5761,Plymouth,Acclaim,1989,4,Premium,17,22,19,467.7368421,17.34789474,2.5,Front-Wheel Drive,Automatic 3-spd
5762,Plymouth,Acclaim,1989,4,Regular,20,26,22,403.9545455,14.98227273,2.5,Front-Wheel Drive,Automatic 3-spd
5763,Plymouth,Acclaim,1989,4,Premium,18,26,21,423.1904762,15.69571429,2.5,Front-Wheel Drive,Manual 5-spd
5764,Plymouth,Acclaim,1989,4,Regular,21,31,24,370.2916667,13.73375,2.5,Front-Wheel Drive,Manual 5-spd
5765,Plymouth,Acclaim,1989,6,Regular,16,24,19,467.7368421,17.34789474,3,Front-Wheel Drive,Automatic 4-spd
5766,Plymouth,Caravelle,1989,4,Regular,21,26,23,386.3913043,14.33086957,2.2,Front-Wheel Drive,Automatic 3-spd
5767,Plymouth,Caravelle,1989,4,Premium,17,22,19,467.7368421,17.34789474,2.5,Front-Wheel Drive,Automatic 3-spd
5768,Plymouth,Caravelle,1989,4,Regular,20,26,22,403.9545455,14.98227273,2.5,Front-Wheel Drive,Automatic 3-spd
5769,Plymouth,Gran Fury,1989,8,Premium,13,17,14,634.7857143,23.54357143,5.2,Rear-Wheel Drive,Automatic 3-spd
5770,Plymouth,Gran Fury,1989,8,Premium,15,20,17,522.7647059,19.38882353,5.2,Rear-Wheel Drive,Automatic 3-spd
5771,Plymouth,Gran Fury,1989,8,Premium,11,14,12,740.5833333,27.4675,5.2,Rear-Wheel Drive,Automatic 3-spd
5772,Plymouth,Reliant,1989,4,Regular,21,28,24,370.2916667,13.73375,2.2,Front-Wheel Drive,Automatic 3-spd
5773,Plymouth,Reliant,1989,4,Regular,22,31,25,355.48,13.1844,2.2,Front-Wheel Drive,Manual 5-spd
5774,Plymouth,Reliant,1989,4,Regular,21,26,23,386.3913043,14.33086957,2.5,Front-Wheel Drive,Automatic 3-spd
5845,Plymouth,Colt Vista,1989,4,Regular,19,22,20,444.35,16.4805,2,Front-Wheel Drive,Automatic 3-spd
5846,Plymouth,Colt Vista,1989,4,Regular,19,26,22,403.9545455,14.98227273,2,Front-Wheel Drive,Manual 5-spd
5847,Plymouth,Colt Wagon,1989,4,Regular,23,27,25,355.48,13.1844,1.5,Front-Wheel Drive,Automatic 3-spd
5848,Plymouth,Colt Wagon,1989,4,Regular,26,32,28,317.3928571,11.77178571,1.5,Front-Wheel Drive,Manual 5-spd
613,Plymouth,Colt Vista,1985,4,Regular,21,23,22,403.9545455,14.98227273,2,Front-Wheel Drive,Automatic 3-spd
614,Plymouth,Colt Vista,1985,4,Regular,21,28,24,370.2916667,13.73375,2,Front-Wheel Drive,Manual 5-spd
6284,Plymouth,Voyager/Grand Voyager 2WD,1989,4,Regular,18,22,20,444.35,16.4805,2.5,Front-Wheel Drive,Automatic 3-spd
6285,Plymouth,Voyager/Grand Voyager 2WD,1989,4,Premium,16,20,17,522.7647059,19.38882353,2.5,Front-Wheel Drive,Automatic 3-spd
6286,Plymouth,Voyager/Grand Voyager 2WD,1989,4,Regular,18,26,21,423.1904762,15.69571429,2.5,Front-Wheel Drive,Manual 5-spd
6287,Plymouth,Voyager/Grand Voyager 2WD,1989,4,Premium,16,23,18,493.7222222,18.31166667,2.5,Front-Wheel Drive,Manual 5-spd
6288,Plymouth,Voyager/Grand Voyager 2WD,1989,6,Regular,16,20,18,493.7222222,18.31166667,3,Front-Wheel Drive,Automatic 3-spd
6289,Plymouth,Voyager/Grand Voyager 2WD,1989,6,Regular,16,22,18,493.7222222,18.31166667,3,Front-Wheel Drive,Automatic 4-spd
6360,Plymouth,Colt Vista 4WD,1989,4,Regular,17,23,19,467.7368421,17.34789474,2,4-Wheel or All-Wheel Drive,Manual 5-spd
6361,Plymouth,Colt Wagon 4WD,1989,4,Regular,21,26,23,386.3913043,14.33086957,1.8,4-Wheel or All-Wheel Drive,Manual 5-spd
6563,Plymouth,Colt,1990,4,Regular,23,27,25,355.48,13.1844,1.5,Front-Wheel Drive,Automatic 3-spd
6564,Plymouth,Colt,1990,4,Regular,27,33,29,306.4482759,11.36586207,1.5,Front-Wheel Drive,Manual 4-spd
6565,Plymouth,Colt,1990,4,Regular,24,31,27,329.1481481,12.20777778,1.5,Front-Wheel Drive,Manual 5-spd
6566,Plymouth,Colt,1990,4,Regular,21,26,23,386.3913043,14.33086957,1.6,Front-Wheel Drive,Automatic 4-spd
6567,Plymouth,Colt,1990,4,Regular,21,26,23,386.3913043,14.33086957,1.6,Front-Wheel Drive,Manual 5-spd
6568,Plymouth,Horizon,1990,4,Regular,22,28,24,370.2916667,13.73375,2.2,Front-Wheel Drive,Automatic 3-spd
6569,Plymouth,Horizon,1990,4,Regular,22,31,25,355.48,13.1844,2.2,Front-Wheel Drive,Manual 5-spd
6570,Plymouth,Laser,1990,4,Regular,21,27,23,386.3913043,14.33086957,1.8,Front-Wheel Drive,Automatic 4-spd
6571,Plymouth,Laser,1990,4,Regular,21,29,24,370.2916667,13.73375,1.8,Front-Wheel Drive,Manual 5-spd
6572,Plymouth,Laser,1990,4,Regular,19,25,21,423.1904762,15.69571429,2,Front-Wheel Drive,Automatic 4-spd
6573,Plymouth,Laser,1990,4,Premium,19,26,22,403.9545455,14.98227273,2,Front-Wheel Drive,Manual 5-spd
6574,Plymouth,Laser,1990,4,Regular,19,26,22,403.9545455,14.98227273,2,Front-Wheel Drive,Manual 5-spd
665,Plymouth,Reliant Wagon,1985,4,Regular,19,24,21,423.1904762,15.69571429,2.2,Front-Wheel Drive,Automatic 3-spd
666,Plymouth,Reliant Wagon,1985,4,Regular,23,30,25,355.48,13.1844,2.2,Front-Wheel Drive,Manual 4-spd
667,Plymouth,Reliant Wagon,1985,4,Regular,22,30,25,355.48,13.1844,2.2,Front-Wheel Drive,Manual 5-spd
668,Plymouth,Reliant Wagon,1985,4,Regular,20,24,21,423.1904762,15.69571429,2.2,Front-Wheel Drive,Automatic 3-spd
669,Plymouth,Reliant Wagon,1985,4,Regular,18,21,19,467.7368421,17.34789474,2.6,Front-Wheel Drive,Automatic 3-spd
6728,Plymouth,Sundance,1990,4,Regular,20,26,22,403.9545455,14.98227273,2.2,Front-Wheel Drive,Automatic 3-spd
6729,Plymouth,Sundance,1990,4,Regular,21,29,24,370.2916667,13.73375,2.2,Front-Wheel Drive,Manual 5-spd
6730,Plymouth,Sundance,1990,4,Premium,18,21,19,467.7368421,17.34789474,2.5,Front-Wheel Drive,Automatic 3-spd
6731,Plymouth,Sundance,1990,4,Regular,19,24,21,423.1904762,15.69571429,2.5,Front-Wheel Drive,Automatic 3-spd
6732,Plymouth,Sundance,1990,4,Premium,18,26,21,423.1904762,15.69571429,2.5,Front-Wheel Drive,Manual 5-spd
6733,Plymouth,Sundance,1990,4,Regular,21,29,24,370.2916667,13.73375,2.5,Front-Wheel Drive,Manual 5-spd
6858,Plymouth,Acclaim,1990,4,Regular,19,24,21,423.1904762,15.69571429,2.5,Front-Wheel Drive,Automatic 3-spd
6859,Plymouth,Acclaim,1990,4,Premium,18,26,21,423.1904762,15.69571429,2.5,Front-Wheel Drive,Manual 5-spd
6860,Plymouth,Acclaim,1990,4,Regular,21,29,24,370.2916667,13.73375,2.5,Front-Wheel Drive,Manual 5-spd
6861,Plymouth,Acclaim,1990,6,Regular,17,24,19,467.7368421,17.34789474,3,Front-Wheel Drive,Automatic 4-spd
6925,Plymouth,Colt Vista,1990,4,Regular,19,22,20,444.35,16.4805,2,Front-Wheel Drive,Automatic 3-spd
6926,Plymouth,Colt Vista,1990,4,Regular,20,27,22,403.9545455,14.98227273,2,Front-Wheel Drive,Manual 5-spd
6927,Plymouth,Colt Wagon,1990,4,Regular,23,26,25,355.48,13.1844,1.5,Front-Wheel Drive,Automatic 3-spd
6928,Plymouth,Colt Wagon,1990,4,Regular,24,31,27,329.1481481,12.20777778,1.5,Front-Wheel Drive,Manual 5-spd
7342,Plymouth,Voyager/Grand Voyager 2WD,1990,4,Premium,17,21,19,467.7368421,17.34789474,2.5,Front-Wheel Drive,Automatic 3-spd
7343,Plymouth,Voyager/Grand Voyager 2WD,1990,4,Regular,18,22,20,444.35,16.4805,2.5,Front-Wheel Drive,Automatic 3-spd
7344,Plymouth,Voyager/Grand Voyager 2WD,1990,4,Regular,19,26,22,403.9545455,14.98227273,2.5,Front-Wheel Drive,Manual 5-spd
7345,Plymouth,Voyager/Grand Voyager 2WD,1990,4,Premium,16,24,19,467.7368421,17.34789474,2.5,Front-Wheel Drive,Manual 5-spd
7346,Plymouth,Voyager/Grand Voyager 2WD,1990,6,Regular,17,22,19,467.7368421,17.34789474,3,Front-Wheel Drive,Automatic 3-spd
7347,Plymouth,Voyager/Grand Voyager 2WD,1990,6,Regular,17,22,19,467.7368421,17.34789474,3,Front-Wheel Drive,Automatic 4-spd
7348,Plymouth,Voyager/Grand Voyager 2WD,1990,6,Regular,16,22,18,493.7222222,18.31166667,3.3,Front-Wheel Drive,Automatic 4-spd
7420,Plymouth,Colt Vista 4WD,1990,4,Regular,17,23,19,467.7368421,17.34789474,2,4-Wheel or All-Wheel Drive,Manual 5-spd
7421,Plymouth,Colt Wagon 4WD,1990,4,Regular,21,26,23,386.3913043,14.33086957,1.8,4-Wheel or All-Wheel Drive,Manual 5-spd
7669,Plymouth,Colt,1991,4,Regular,24,29,26,341.8076923,12.67730769,1.5,Front-Wheel Drive,Automatic 3-spd
7670,Plymouth,Colt,1991,4,Regular,27,33,29,306.4482759,11.36586207,1.5,Front-Wheel Drive,Manual 4-spd
7671,Plymouth,Colt,1991,4,Regular,25,32,28,317.3928571,11.77178571,1.5,Front-Wheel Drive,Manual 5-spd
7672,Plymouth,Laser,1991,4,Regular,21,28,23,386.3913043,14.33086957,1.8,Front-Wheel Drive,Automatic 4-spd
7673,Plymouth,Laser,1991,4,Regular,21,29,24,370.2916667,13.73375,1.8,Front-Wheel Drive,Manual 5-spd
7674,Plymouth,Laser,1991,4,Premium,17,22,19,467.7368421,17.34789474,2,Front-Wheel Drive,Automatic 4-spd
7675,Plymouth,Laser,1991,4,Regular,19,25,21,423.1904762,15.69571429,2,Front-Wheel Drive,Automatic 4-spd
7676,Plymouth,Laser,1991,4,Regular,19,26,22,403.9545455,14.98227273,2,Front-Wheel Drive,Manual 5-spd
7677,Plymouth,Laser,1991,4,Premium,19,26,21,423.1904762,15.69571429,2,Front-Wheel Drive,Manual 5-spd
7853,Plymouth,Sundance,1991,4,Regular,20,25,22,403.9545455,14.98227273,2.2,Front-Wheel Drive,Automatic 3-spd
7854,Plymouth,Sundance,1991,4,Regular,21,28,23,386.3913043,14.33086957,2.2,Front-Wheel Drive,Manual 5-spd
7855,Plymouth,Sundance,1991,4,Regular,20,26,22,403.9545455,14.98227273,2.5,Front-Wheel Drive,Automatic 3-spd
7856,Plymouth,Sundance,1991,4,Premium,17,21,18,493.7222222,18.31166667,2.5,Front-Wheel Drive,Automatic 3-spd
7857,Plymouth,Sundance,1991,4,Premium,18,24,20,444.35,16.4805,2.5,Front-Wheel Drive,Manual 5-spd
7858,Plymouth,Sundance,1991,4,Regular,21,31,25,355.48,13.1844,2.5,Front-Wheel Drive,Manual 5-spd
7992,Plymouth,Acclaim,1991,4,Regular,20,26,22,403.9545455,14.98227273,2.5,Front-Wheel Drive,Automatic 3-spd
7993,Plymouth,Acclaim,1991,4,Regular,21,31,25,355.48,13.1844,2.5,Front-Wheel Drive,Manual 5-spd
7994,Plymouth,Acclaim,1991,6,Regular,18,24,20,444.35,16.4805,3,Front-Wheel Drive,Automatic 4-spd
8057,Plymouth,Colt Vista,1991,4,Regular,19,22,20,444.35,16.4805,2,Front-Wheel Drive,Automatic 3-spd
8058,Plymouth,Colt Vista,1991,4,Regular,19,26,22,403.9545455,14.98227273,2,Front-Wheel Drive,Manual 5-spd
8459,Plymouth,Voyager/Grand Voyager 2WD,1991,4,Regular,18,23,20,444.35,16.4805,2.5,Front-Wheel Drive,Automatic 3-spd
8460,Plymouth,Voyager/Grand Voyager 2WD,1991,6,Regular,17,21,19,467.7368421,17.34789474,3,Front-Wheel Drive,Automatic 3-spd
8461,Plymouth,Voyager/Grand Voyager 2WD,1991,6,Regular,17,22,19,467.7368421,17.34789474,3,Front-Wheel Drive,Automatic 4-spd
8462,Plymouth,Voyager/Grand Voyager 2WD,1991,6,Regular,16,21,18,493.7222222,18.31166667,3.3,Front-Wheel Drive,Automatic 4-spd
8525,Plymouth,Colt Vista 4WD,1991,4,Regular,17,23,19,467.7368421,17.34789474,2,4-Wheel or All-Wheel Drive,Manual 5-spd
8526,Plymouth,Voyager/Grand Voyager 4WD,1991,6,Regular,15,20,17,522.7647059,19.38882353,3.3,4-Wheel or All-Wheel Drive,Automatic 4-spd
8766,Plymouth,Colt,1992,4,Regular,24,29,26,341.8076923,12.67730769,1.5,Front-Wheel Drive,Automatic 3-spd
8767,Plymouth,Colt,1992,4,Regular,27,33,29,306.4482759,11.36586207,1.5,Front-Wheel Drive,Manual 4-spd
8768,Plymouth,Colt,1992,4,Regular,25,32,28,317.3928571,11.77178571,1.5,Front-Wheel Drive,Manual 5-spd
8769,Plymouth,Laser,1992,4,Regular,21,28,23,386.3913043,14.33086957,1.8,Front-Wheel Drive,Automatic 4-spd
8770,Plymouth,Laser,1992,4,Regular,21,29,24,370.2916667,13.73375,1.8,Front-Wheel Drive,Manual 5-spd
8771,Plymouth,Laser,1992,4,Premium,17,22,19,467.7368421,17.34789474,2,Front-Wheel Drive,Automatic 4-spd
8772,Plymouth,Laser,1992,4,Regular,19,25,21,423.1904762,15.69571429,2,Front-Wheel Drive,Automatic 4-spd
8773,Plymouth,Laser,1992,4,Premium,19,26,21,423.1904762,15.69571429,2,Front-Wheel Drive,Manual 5-spd
8774,Plymouth,Laser,1992,4,Premium,18,23,20,444.35,16.4805,2,4-Wheel or All-Wheel Drive,Manual 5-spd
8775,Plymouth,Laser,1992,4,Regular,19,26,22,403.9545455,14.98227273,2,Front-Wheel Drive,Manual 5-spd
8942,Plymouth,Sundance/Duster,1992,4,Regular,21,26,23,386.3913043,14.33086957,2.2,Front-Wheel Drive,Automatic 3-spd
8943,Plymouth,Sundance/Duster,1992,4,Regular,23,29,25,355.48,13.1844,2.2,Front-Wheel Drive,Manual 5-spd
8944,Plymouth,Sundance/Duster,1992,4,Regular,20,25,22,403.9545455,14.98227273,2.5,Front-Wheel Drive,Automatic 3-spd
8945,Plymouth,Sundance/Duster,1992,4,Premium,18,23,20,444.35,16.4805,2.5,Front-Wheel Drive,Automatic 3-spd
8946,Plymouth,Sundance/Duster,1992,4,Regular,20,29,23,386.3913043,14.33086957,2.5,Front-Wheel Drive,Manual 5-spd
8947,Plymouth,Sundance/Duster,1992,4,Premium,18,24,20,444.35,16.4805,2.5,Front-Wheel Drive,Manual 5-spd
8948,Plymouth,Sundance/Duster,1992,6,Regular,18,26,21,423.1904762,15.69571429,3,Front-Wheel Drive,Automatic 4-spd
8949,Plymouth,Sundance/Duster,1992,6,Regular,18,26,21,423.1904762,15.69571429,3,Front-Wheel Drive,Manual 5-spd
9061,Plymouth,Acclaim,1992,4,Regular,20,25,22,403.9545455,14.98227273,2.5,Front-Wheel Drive,Automatic 3-spd
9062,Plymouth,Acclaim,1992,4,Regular,20,29,23,386.3913043,14.33086957,2.5,Front-Wheel Drive,Manual 5-spd
9063,Plymouth,Acclaim,1992,6,Regular,18,24,20,444.35,16.4805,3,Front-Wheel Drive,Automatic 3-spd
9064,Plymouth,Acclaim,1992,6,Regular,18,26,21,423.1904762,15.69571429,3,Front-Wheel Drive,Automatic 4-spd
9169,Plymouth,Colt Vista,1992,4,Regular,20,26,22,403.9545455,14.98227273,1.8,Front-Wheel Drive,Automatic 4-spd
9170,Plymouth,Colt Vista,1992,4,Regular,18,23,20,444.35,16.4805,1.8,4-Wheel or All-Wheel Drive,Automatic 4-spd
9171,Plymouth,Colt Vista,1992,4,Regular,21,26,23,386.3913043,14.33086957,1.8,Front-Wheel Drive,Manual 5-spd
9172,Plymouth,Colt Vista,1992,4,Regular,19,24,21,423.1904762,15.69571429,1.8,4-Wheel or All-Wheel Drive,Manual 5-spd
9173,Plymouth,Colt Vista,1992,4,Regular,17,22,19,467.7368421,17.34789474,2.4,4-Wheel or All-Wheel Drive,Automatic 4-spd
9174,Plymouth,Colt Vista,1992,4,Regular,18,23,20,444.35,16.4805,2.4,Front-Wheel Drive,Automatic 4-spd
9175,Plymouth,Colt Vista,1992,4,Regular,17,22,19,467.7368421,17.34789474,2.4,4-Wheel or All-Wheel Drive,Manual 5-spd
9176,Plymouth,Colt Vista,1992,4,Regular,18,24,21,423.1904762,15.69571429,2.4,Front-Wheel Drive,Manual 5-spd
9531,Plymouth,Voyager/Grand Voyager 2WD,1992,4,Regular,18,22,20,444.35,16.4805,2.5,Front-Wheel Drive,Automatic 3-spd
9532,Plymouth,Voyager/Grand Voyager 2WD,1992,4,Regular,18,26,20,444.35,16.4805,2.5,Front-Wheel Drive,Manual 5-spd
9533,Plymouth,Voyager/Grand Voyager 2WD,1992,6,Regular,17,22,19,467.7368421,17.34789474,3,Front-Wheel Drive,Automatic 3-spd
9534,Plymouth,Voyager/Grand Voyager 2WD,1992,6,Regular,16,22,19,467.7368421,17.34789474,3,Front-Wheel Drive,Automatic 4-spd
9535,Plymouth,Voyager/Grand Voyager 2WD,1992,6,Regular,16,21,18,493.7222222,18.31166667,3.3,Front-Wheel Drive,Automatic 4-spd
9599,Plymouth,Voyager/Grand Voyager 4WD,1992,6,Regular,14,18,16,555.4375,20.600625,3.3,4-Wheel or All-Wheel Drive,Automatic 4-spd
9825,Plymouth,Colt,1993,4,Regular,25,30,27,329.1481481,12.20777778,1.5,Front-Wheel Drive,Automatic 3-spd
9826,Plymouth,Colt,1993,4,Regular,28,36,31,286.6774194,10.63258065,1.5,Front-Wheel Drive,Manual 5-spd
9827,Plymouth,Colt,1993,4,Regular,23,31,26,341.8076923,12.67730769,1.8,Front-Wheel Drive,Automatic 4-spd
9828,Plymouth,Colt,1993,4,Regular,23,31,26,341.8076923,12.67730769,1.8,Front-Wheel Drive,Manual 5-spd
9829,Plymouth,Laser,1993,4,Regular,21,28,23,386.3913043,14.33086957,1.8,Front-Wheel Drive,Automatic 4-spd
9830,Plymouth,Laser,1993,4,Regular,21,29,24,370.2916667,13.73375,1.8,Front-Wheel Drive,Manual 5-spd
9831,Plymouth,Laser,1993,4,Premium,16,20,18,493.7222222,18.31166667,2,4-Wheel or All-Wheel Drive,Automatic 4-spd
9832,Plymouth,Laser,1993,4,Premium,17,22,19,467.7368421,17.34789474,2,Front-Wheel Drive,Automatic 4-spd
9833,Plymouth,Laser,1993,4,Regular,19,25,21,423.1904762,15.69571429,2,Front-Wheel Drive,Automatic 4-spd
9834,Plymouth,Laser,1993,4,Premium,18,23,20,444.35,16.4805,2,4-Wheel or All-Wheel Drive,Manual 5-spd
9835,Plymouth,Laser,1993,4,Regular,19,26,22,403.9545455,14.98227273,2,Front-Wheel Drive,Manual 5-spd
9836,Plymouth,Laser,1993,4,Premium,19,26,21,423.1904762,15.69571429,2,Front-Wheel Drive,Manual 5-spd
9971,Plymouth,Sundance/Duster,1993,4,Regular,21,26,23,386.3913043,14.33086957,2.2,Front-Wheel Drive,Automatic 3-spd
9972,Plymouth,Sundance/Duster,1993,4,Regular,23,29,26,341.8076923,12.67730769,2.2,Front-Wheel Drive,Manual 5-spd
9973,Plymouth,Sundance/Duster,1993,4,Regular,21,26,23,386.3913043,14.33086957,2.5,Front-Wheel Drive,Automatic 3-spd
9974,Plymouth,Sundance/Duster,1993,4,Regular,22,29,25,355.48,13.1844,2.5,Front-Wheel Drive,Manual 5-spd
9975,Plymouth,Sundance/Duster,1993,6,Regular,18,26,21,423.1904762,15.69571429,3,Front-Wheel Drive,Automatic 4-spd
9976,Plymouth,Sundance/Duster,1993,6,Regular,17,26,20,444.35,16.4805,3,Front-Wheel Drive,Manual 5-spd
